2026-08-04 17:21:03,066 DEBUG [WB_to_MX.lambda$run_gui_mode$0] Arguments: [-mx_timeout, -1, -pack, assets/MotorControlPack/MotorControl.zip, -exp, templates/wb-defines_where_and_what.txt, -ftl, templates/wb_ioc_template.ftl, -xdm, C:\Users\wshan\.st_workbench\projects\ElectronicSpeedControl_ESC-G4\ElectronicSpeedControl_ESC-G4.wbdef, -ioc, C:\Users\wshan\.st_workbench\projects\ElectronicSpeedControl_ESC-G4\ElectronicSpeedControl_ESC-G4.ioc]
2026-08-04 17:21:03,068 DEBUG [ArgsValue.lambda$retrieve$2] CLI_ARG[ftl]: templates/wb_ioc_template.ftl
2026-08-04 17:21:03,068 DEBUG [ArgsValue.lambda$retrieve$2] CLI_ARG[exp]: templates/wb-defines_where_and_what.txt
2026-08-04 17:21:03,069 DEBUG [ArgsValue.lambda$retrieve$2] CLI_ARG[xdm]: C:\Users\wshan\.st_workbench\projects\ElectronicSpeedControl_ESC-G4\ElectronicSpeedControl_ESC-G4.wbdef
2026-08-04 17:21:03,069 DEBUG [ArgsValue.lambda$retrieve$2] CLI_ARG[ioc]: C:\Users\wshan\.st_workbench\projects\ElectronicSpeedControl_ESC-G4\ElectronicSpeedControl_ESC-G4.ioc
2026-08-04 17:21:03,069 DEBUG [ArgsValue.lambda$retrieve$2] CLI_ARG[pack]: assets/MotorControlPack/MotorControl.zip
2026-08-04 17:21:03,069 DEBUG [ArgsValue.lambda$retrieve$2] CLI_ARG[mx_timeout]: -1
2026-08-04 17:21:03,070 DEBUG [ArgsValue.retrieve] {xdm=C:\Users\wshan\.st_workbench\projects\ElectronicSpeedControl_ESC-G4\ElectronicSpeedControl_ESC-G4.wbdef, updftl=templates/wb_ioc_mc-middleware.ftl, mx_timeout=-1, exp=templates/wb-defines_where_and_what.txt, ioc=C:\Users\wshan\.st_workbench\projects\ElectronicSpeedControl_ESC-G4\ElectronicSpeedControl_ESC-G4.ioc, pack=assets/MotorControlPack/MotorControl.zip, ftl=templates/wb_ioc_template.ftl}
2026-08-04 17:21:03,109 DEBUG [WB_to_MX.run] Targeted MCU family = G4
2026-08-04 17:21:03,115 DEBUG [WB_to_MX.run] Minimum associated CubeMx to the `6.0.0-a0` targeted MCU family is `G4`
2026-08-04 17:21:11,366 DEBUG [EnvironmentChecker.checkPack] STM32CubeMX.Version: 6.3.0-RC5
2026-08-04 17:21:11,371 DEBUG [MxUpdaterFactory.create] Try to instantiate a MxUpdater (CubeMx Updater)
2026-08-04 17:21:13,133 DEBUG [MxUpdaterFactory.lambda$create$2] Updater instantiated
2026-08-04 17:21:13,137 DEBUG [MxUpdater.lambda$whait_while_busy$12] MxUpdater still busy - await for 50 milliseconds before to retry
2026-08-04 17:21:13,188 DEBUG [MxUpdater.lambda$whait_while_busy$12] MxUpdater still busy - await for 50 milliseconds before to retry
2026-08-04 17:21:13,238 DEBUG [MxUpdater.lambda$whait_while_busy$12] MxUpdater still busy - await for 50 milliseconds before to retry
2026-08-04 17:21:13,289 DEBUG [MxUpdater.lambda$whait_while_busy$12] MxUpdater still busy - await for 50 milliseconds before to retry
2026-08-04 17:21:13,340 DEBUG [MxUpdater.lambda$whait_while_busy$12] MxUpdater still busy - await for 50 milliseconds before to retry
2026-08-04 17:21:13,390 DEBUG [MxUpdater.lambda$whait_while_busy$12] MxUpdater still busy - await for 50 milliseconds before to retry
2026-08-04 17:21:13,441 DEBUG [MxUpdater.lambda$whait_while_busy$12] MxUpdater still busy - await for 50 milliseconds before to retry
2026-08-04 17:21:13,493 DEBUG [MxUpdater.lambda$whait_while_busy$12] MxUpdater still busy - await for 50 milliseconds before to retry
2026-08-04 17:21:13,543 DEBUG [MxUpdater.lambda$whait_while_busy$12] MxUpdater still busy - await for 50 milliseconds before to retry
2026-08-04 17:21:13,594 DEBUG [MxUpdater.lambda$whait_while_busy$12] MxUpdater still busy - await for 50 milliseconds before to retry
2026-08-04 17:21:13,644 DEBUG [MxUpdater.lambda$whait_while_busy$12] MxUpdater still busy - await for 50 milliseconds before to retry
2026-08-04 17:21:13,695 DEBUG [MxUpdater.lambda$whait_while_busy$12] MxUpdater still busy - await for 50 milliseconds before to retry
2026-08-04 17:21:13,745 DEBUG [MxUpdater.lambda$whait_while_busy$12] MxUpdater still busy - await for 50 milliseconds before to retry
2026-08-04 17:21:13,795 DEBUG [MxUpdater.lambda$whait_while_busy$12] MxUpdater still busy - await for 50 milliseconds before to retry
2026-08-04 17:21:13,845 DEBUG [MxUpdater.lambda$whait_while_busy$12] MxUpdater still busy - await for 50 milliseconds before to retry
2026-08-04 17:21:13,896 DEBUG [MxUpdater.lambda$whait_while_busy$12] MxUpdater still busy - await for 50 milliseconds before to retry
2026-08-04 17:21:13,947 DEBUG [MxUpdater.lambda$whait_while_busy$12] MxUpdater still busy - await for 50 milliseconds before to retry
2026-08-04 17:21:13,998 DEBUG [MxUpdater.lambda$whait_while_busy$12] MxUpdater still busy - await for 50 milliseconds before to retry
2026-08-04 17:21:14,049 DEBUG [MxUpdater.lambda$whait_while_busy$12] MxUpdater still busy - await for 50 milliseconds before to retry
2026-08-04 17:21:14,099 DEBUG [MxUpdater.lambda$whait_while_busy$12] MxUpdater still busy - await for 50 milliseconds before to retry
2026-08-04 17:21:14,149 DEBUG [MxUpdater.lambda$whait_while_busy$12] MxUpdater still busy - await for 50 milliseconds before to retry
2026-08-04 17:21:14,200 DEBUG [MxUpdater.lambda$whait_while_busy$12] MxUpdater still busy - await for 50 milliseconds before to retry
2026-08-04 17:21:14,251 DEBUG [MxUpdater.lambda$whait_while_busy$12] MxUpdater still busy - await for 50 milliseconds before to retry
2026-08-04 17:21:14,302 DEBUG [MxUpdater.lambda$whait_while_busy$12] MxUpdater still busy - await for 50 milliseconds before to retry
2026-08-04 17:21:14,352 DEBUG [MxUpdater.lambda$whait_while_busy$12] MxUpdater still busy - await for 50 milliseconds before to retry
2026-08-04 17:21:14,403 DEBUG [MxUpdater.lambda$whait_while_busy$12] MxUpdater still busy - await for 50 milliseconds before to retry
2026-08-04 17:21:14,454 DEBUG [MxUpdater.lambda$whait_while_busy$12] MxUpdater still busy - await for 50 milliseconds before to retry
2026-08-04 17:21:14,505 DEBUG [MxUpdater.lambda$whait_while_busy$12] MxUpdater still busy - await for 50 milliseconds before to retry
2026-08-04 17:21:14,555 DEBUG [MxUpdater.lambda$whait_while_busy$12] MxUpdater still busy - await for 50 milliseconds before to retry
2026-08-04 17:21:14,606 DEBUG [MxUpdater.lambda$whait_while_busy$12] MxUpdater still busy - await for 50 milliseconds before to retry
2026-08-04 17:21:14,657 DEBUG [MxUpdater.lambda$whait_while_busy$12] MxUpdater still busy - await for 50 milliseconds before to retry
2026-08-04 17:21:14,707 DEBUG [MxUpdater.lambda$whait_while_busy$12] MxUpdater still busy - await for 50 milliseconds before to retry
2026-08-04 17:21:14,757 DEBUG [MxUpdater.lambda$whait_while_busy$12] MxUpdater still busy - await for 50 milliseconds before to retry
2026-08-04 17:21:14,808 DEBUG [MxUpdater.lambda$whait_while_busy$12] MxUpdater no more busy
2026-08-04 17:21:14,809 DEBUG [MxUpdaterFactory.lambda$create$3] Updater initialization complete
2026-08-04 17:21:14,812 DEBUG [MxUpdaterValidator.lambda$getVerifiedRepositoryFolder$c02c9d6e$1] Repository Folder Exist: C:\Users\wshan\STM32Cube\Repository
2026-08-04 17:21:14,815 DEBUG [RetrieveFirmwareVersion.from_zip] Trying to read Firmware version from zipped version Pack: C:\Program Files (x86)\STMicroelectronics\MC_SDK_6.4.2\Utilities\PC_Software\STMCWB\assets\MotorControlPack\MotorControl.zip
2026-08-04 17:21:14,853 DEBUG [RetrieveFirmwareVersion.minimum_supporte_version] minimum_supporte_version MotorControlFirmware.Version: 6.4.2-Full
2026-08-04 17:21:14,859 DEBUG [PackInfoFactory.deploy_MCPack_to_MxRepo] Deployment strategy class: VersionedFolderStyle_MCPackDeployer
2026-08-04 17:21:14,859 INFO  [PackInfoFactory.deploy_MCPack_to_MxRepo] Deploying MotorControl Pack version `6.4.2-Full` to C:\Users\wshan\STM32Cube\Repository\MCSDK_v6.4.2-Full\MotorControl
2026-08-04 17:21:14,867 DEBUG [base_MCPackDeployer.deploy] Zip delivery: C:\Program Files (x86)\STMicroelectronics\MC_SDK_6.4.2\Utilities\PC_Software\STMCWB\assets\MotorControlPack\MotorControl.zip
2026-08-04 17:21:15,114 DEBUG [DataSetUpdater.update] Updating data set
2026-08-04 17:21:15,114 DEBUG [DataSetUpdater.update] Update done
2026-08-04 17:21:15,115 INFO  [IocGenerator.logModulesVersionInfo] Version info: 
2026-08-04 17:21:15,115 INFO  [IocGenerator.logModulesVersionInfo]   MC Workbench       : 6.4.2
2026-08-04 17:21:15,115 INFO  [IocGenerator.logModulesVersionInfo]   WB_to_Mx           : 6.4.2.template-25-05-06
2026-08-04 17:21:15,116 INFO  [IocGenerator.logModulesVersionInfo]   STM32CubeMX        : 6.3.0
2026-08-04 17:21:15,116 INFO  [IocGenerator.logModulesVersionInfo]   MC Firmware Library: 6.4.2-Full
2026-08-04 17:21:15,116 INFO  [IocGenerator.logModulesVersionInfo] 
Generation options: 
2026-08-04 17:21:15,116 INFO  [IocGenerator.logModulesVersionInfo]   Target Toolchain   : ST STM32CubeIDE
2026-08-04 17:21:15,117 INFO  [IocGenerator.logModulesVersionInfo]   Target Driver      : HAL - Hardware Abstraction Layer
2026-08-04 17:21:15,117 INFO  [IocGenerator.logModulesVersionInfo]   Target STM32 FW    : 1.6.2

2026-08-04 17:21:15,118 DEBUG [IocGenerator.process] C:\Users\wshan\.st_workbench\projects\ElectronicSpeedControl_ESC-G4\ElectronicSpeedControl_ESC-G4.ioc ioc file: Generating
2026-08-04 17:21:15,120 DEBUG [IocGenerator.createOutput] Generating file from template templates\wb_ioc_template.ftl
2026-08-04 17:21:16,105 DEBUG [IocGenerator.process] ioc file C:\Users\wshan\.st_workbench\projects\ElectronicSpeedControl_ESC-G4\ElectronicSpeedControl_ESC-G4.ioc Generated
2026-08-04 17:21:16,109 INFO  [LineInfo_to_exitCode.log_LineInfo] C:\Users\wshan\.st_workbench\projects\ElectronicSpeedControl_ESC-G4\ElectronicSpeedControl_ESC-G4.ioc ioc: Generated
2026-08-04 17:21:16,150 INFO  [Wb2MxProcess.lambda$copyFolder$e7a869af$1] Folder Copied: C:\Users\wshan\.st_workbench\projects\ElectronicSpeedControl_ESC-G4\ftl
2026-08-04 17:21:16,207 INFO  [extSettings.lambda$writeContentToFile$f5919002$1] Generated C:\Users\wshan\.st_workbench\projects\ElectronicSpeedControl_ESC-G4\.extSettings
2026-08-04 17:21:16,214 INFO  [Wb2MxProcess.lambda$run$$19] 
Started STM32CubeMX for final c-code generation
2026-08-04 17:21:16,255 DEBUG [CubeMxRunner.create_code_generation_script_for] Generated CubeMx script file: C:\Users\wshan\AppData\Local\Temp\WB_to_Mx-electronicspeedcontrolescg-12107839529738234178.script
2026-08-04 17:21:17,023 DEBUG [LineInfo_to_exitCode.log_LineInfo] 2026-08-04 17:21:17,021 [INFO] MicroXplorer:89 - [MX] MX Start == 114222168722800
2026-08-04 17:21:17,024 DEBUG [LineInfo_to_exitCode.log_LineInfo] 2026-08-04 17:21:17,023 [INFO] MicroXplorer:633 - Detected Java Version = 11.0.10
2026-08-04 17:21:17,028 DEBUG [LineInfo_to_exitCode.log_LineInfo] 2026-08-04 17:21:17,027 [INFO] ApplicationProperties:181 - Using Application install path: C:\Program Files\STMicroelectronics\STM32Cube\STM32CubeMX
2026-08-04 17:21:17,040 DEBUG [LineInfo_to_exitCode.log_LineInfo] 2026-08-04 17:21:17,038 [INFO] DbMcusXml:74 - Set database path to: C:\Program Files\STMicroelectronics\STM32Cube\STM32CubeMX\\db\/mcu/
2026-08-04 17:21:17,042 DEBUG [LineInfo_to_exitCode.log_LineInfo] 2026-08-04 17:21:17,042 [INFO] DbBoardsPdsc:56 - Set plugin database path to: C:\Program Files\STMicroelectronics\STM32Cube\STM32CubeMX\\db\/plugins/boardmanager/
2026-08-04 17:21:17,043 DEBUG [LineInfo_to_exitCode.log_LineInfo] 2026-08-04 17:21:17,042 [INFO] DbMcus:258 - Set plugin images path to: C:\Program Files\STMicroelectronics\STM32Cube\STM32CubeMX\\db\/plugins/mcufinder/images/
2026-08-04 17:21:17,043 DEBUG [LineInfo_to_exitCode.log_LineInfo] 2026-08-04 17:21:17,043 [INFO] DbBoards:264 - Set plugin images path to: C:\Program Files\STMicroelectronics\STM32Cube\STM32CubeMX\\db\/plugins/mcufinder/images/
2026-08-04 17:21:17,044 DEBUG [LineInfo_to_exitCode.log_LineInfo] 2026-08-04 17:21:17,044 [INFO] DbExamples:333 - Set plugin images path to: C:\Program Files\STMicroelectronics\STM32Cube\STM32CubeMX\\db\/plugins/mcufinder/images/
2026-08-04 17:21:17,045 DEBUG [LineInfo_to_exitCode.log_LineInfo] 2026-08-04 17:21:17,045 [INFO] McuFinderGlobals:39 - Set McuFinder mode to 1 (CubeMX integrated)
2026-08-04 17:21:17,052 DEBUG [LineInfo_to_exitCode.log_LineInfo] 2026-08-04 17:21:17,052 [INFO] DbMcusAds:119 - Set database path to: C:\Users\wshan\.stmcufinder\plugins\mcufinder//mcu/
2026-08-04 17:21:17,053 DEBUG [LineInfo_to_exitCode.log_LineInfo] 2026-08-04 17:21:17,053 [INFO] DbMcusDocs:110 - Set database path to: C:\Users\wshan\.stmcufinder\plugins\mcufinder//mcu/
2026-08-04 17:21:17,054 DEBUG [LineInfo_to_exitCode.log_LineInfo] 2026-08-04 17:21:17,054 [INFO] DbMcusJson:64 - Set database path to: C:\Users\wshan\.stmcufinder\plugins\mcufinder//mcu/
2026-08-04 17:21:17,055 DEBUG [LineInfo_to_exitCode.log_LineInfo] 2026-08-04 17:21:17,055 [INFO] DbBoardsDocs:110 - Set database path to: C:\Users\wshan\.stmcufinder\plugins\mcufinder//mcu/
2026-08-04 17:21:17,055 DEBUG [LineInfo_to_exitCode.log_LineInfo] 2026-08-04 17:21:17,055 [INFO] DbBoardsJson:57 - Set database path to: C:\Users\wshan\.stmcufinder\plugins\mcufinder//mcu/
2026-08-04 17:21:17,392 DEBUG [LineInfo_to_exitCode.log_LineInfo] 2026-08-04 17:21:17,391 [INFO] CrossReferenceDbSqlite:196 - Set database path to: C:\Users\wshan\.stmcufinder\plugins\mcufinder//mcu/cs/
2026-08-04 17:21:17,394 DEBUG [LineInfo_to_exitCode.log_LineInfo] 2026-08-04 17:21:17,393 [INFO] DbExamplesSqlite:767 - Set database path to: C:\Users\wshan\.stmcufinder\plugins\mcufinder//mcu/
2026-08-04 17:21:17,543 DEBUG [LineInfo_to_exitCode.log_LineInfo] 2026-08-04 17:21:17,542 [INFO] RulesReader:57 - Compatibility file has been processed (242 Rules)
2026-08-04 17:21:17,636 DEBUG [LineInfo_to_exitCode.log_LineInfo] 2026-08-04 17:21:17,635 [INFO] STM32CubeMX:55 - Starting STM32CubeMX
2026-08-04 17:21:18,430 DEBUG [LineInfo_to_exitCode.log_LineInfo] 2026-08-04 17:21:18,429 [INFO] MainPanel:214 - HeapMemory: 528482304
2026-08-04 17:21:18,576 DEBUG [LineInfo_to_exitCode.log_LineInfo] 2026-08-04 17:21:18,576 [INFO] DbMcusXml:74 - Set database path to: C:\Program Files\STMicroelectronics\STM32Cube\STM32CubeMX\\db\/mcu/
2026-08-04 17:21:18,577 DEBUG [LineInfo_to_exitCode.log_LineInfo] 2026-08-04 17:21:18,576 [INFO] DbBoardsPdsc:56 - Set plugin database path to: C:\Program Files\STMicroelectronics\STM32Cube\STM32CubeMX\\db\/plugins/boardmanager/
2026-08-04 17:21:18,577 DEBUG [LineInfo_to_exitCode.log_LineInfo] 2026-08-04 17:21:18,576 [INFO] DbMcus:258 - Set plugin images path to: C:\Program Files\STMicroelectronics\STM32Cube\STM32CubeMX\\db\/plugins/mcufinder/images/
2026-08-04 17:21:18,577 DEBUG [LineInfo_to_exitCode.log_LineInfo] 2026-08-04 17:21:18,577 [INFO] DbBoards:264 - Set plugin images path to: C:\Program Files\STMicroelectronics\STM32Cube\STM32CubeMX\\db\/plugins/mcufinder/images/
2026-08-04 17:21:18,577 DEBUG [LineInfo_to_exitCode.log_LineInfo] 2026-08-04 17:21:18,577 [INFO] DbExamples:333 - Set plugin images path to: C:\Program Files\STMicroelectronics\STM32Cube\STM32CubeMX\\db\/plugins/mcufinder/images/
2026-08-04 17:21:18,577 DEBUG [LineInfo_to_exitCode.log_LineInfo] 2026-08-04 17:21:18,577 [INFO] DbMcusAds:119 - Set database path to: C:\Users\wshan\.stmcufinder\plugins\mcufinder//mcu/
2026-08-04 17:21:18,578 DEBUG [LineInfo_to_exitCode.log_LineInfo] 2026-08-04 17:21:18,577 [INFO] DbMcusDocs:110 - Set database path to: C:\Users\wshan\.stmcufinder\plugins\mcufinder//mcu/
2026-08-04 17:21:18,578 DEBUG [LineInfo_to_exitCode.log_LineInfo] 2026-08-04 17:21:18,578 [INFO] DbMcusJson:64 - Set database path to: C:\Users\wshan\.stmcufinder\plugins\mcufinder//mcu/
2026-08-04 17:21:18,578 DEBUG [LineInfo_to_exitCode.log_LineInfo] 2026-08-04 17:21:18,578 [INFO] DbBoardsDocs:110 - Set database path to: C:\Users\wshan\.stmcufinder\plugins\mcufinder//mcu/
2026-08-04 17:21:18,578 DEBUG [LineInfo_to_exitCode.log_LineInfo] 2026-08-04 17:21:18,578 [INFO] DbBoardsJson:57 - Set database path to: C:\Users\wshan\.stmcufinder\plugins\mcufinder//mcu/
2026-08-04 17:21:18,579 DEBUG [LineInfo_to_exitCode.log_LineInfo] 2026-08-04 17:21:18,579 [INFO] CrossReferenceDbSqlite:196 - Set database path to: C:\Users\wshan\.stmcufinder\plugins\mcufinder//mcu/cs/
2026-08-04 17:21:18,579 DEBUG [LineInfo_to_exitCode.log_LineInfo] 2026-08-04 17:21:18,579 [INFO] DbExamplesSqlite:767 - Set database path to: C:\Users\wshan\.stmcufinder\plugins\mcufinder//mcu/
2026-08-04 17:21:18,598 DEBUG [LineInfo_to_exitCode.log_LineInfo] 2026-08-04 17:21:18,598 [INFO] ApplicationProperties:181 - Using Application install path: C:\Program Files\STMicroelectronics\STM32Cube\STM32CubeMX
2026-08-04 17:21:18,599 DEBUG [LineInfo_to_exitCode.log_LineInfo] 2026-08-04 17:21:18,599 [INFO] PluginManage:188 - Search for loadable plugins [exclusion list=, ]
2026-08-04 17:21:18,602 DEBUG [LineInfo_to_exitCode.log_LineInfo] 2026-08-04 17:21:18,601 [INFO] PluginManage:302 - Check plugin analytics
2026-08-04 17:21:19,158 DEBUG [LineInfo_to_exitCode.log_LineInfo] 2026-08-04 17:21:19,158 [INFO] AnalyticsPlugin:257 - Accepted Software Licenses: STM32CubeMX.6.3.0,STM32CubeMX.6.10.0,STM32CubeMX.6.15.0
2026-08-04 17:21:19,159 DEBUG [LineInfo_to_exitCode.log_LineInfo] 2026-08-04 17:21:19,158 [INFO] AnalyticsPlugin:259 - Accepted CMSIS Pack Licenses: 
2026-08-04 17:21:19,159 DEBUG [LineInfo_to_exitCode.log_LineInfo] 2026-08-04 17:21:19,158 [INFO] AnalyticsPlugin:261 - Accepted Firmware Licenses: FW.F7.1.17.0,FW.WBA.1.4.0,FW.G0.1.6.0,FW.F4.1.28.0,FW.MP2.1.2.0
2026-08-04 17:21:19,159 DEBUG [LineInfo_to_exitCode.log_LineInfo] 2026-08-04 17:21:19,159 [INFO] PluginManage:352 - Loaded plugin analytics (category:tool,tabindex:-1)
2026-08-04 17:21:19,159 DEBUG [LineInfo_to_exitCode.log_LineInfo] 2026-08-04 17:21:19,159 [INFO] PluginManage:302 - Check plugin clock
2026-08-04 17:21:19,249 DEBUG [LineInfo_to_exitCode.log_LineInfo] 2026-08-04 17:21:19,247 [INFO] PluginManage:352 - Loaded plugin clock (category:base,tabindex:2)
2026-08-04 17:21:19,249 DEBUG [LineInfo_to_exitCode.log_LineInfo] 2026-08-04 17:21:19,249 [INFO] PluginManage:302 - Check plugin ddr
2026-08-04 17:21:19,358 DEBUG [LineInfo_to_exitCode.log_LineInfo] 2026-08-04 17:21:19,356 [INFO] PluginManage:352 - Loaded plugin ddr (category:tool,tabindex:6)
2026-08-04 17:21:19,358 DEBUG [LineInfo_to_exitCode.log_LineInfo] 2026-08-04 17:21:19,356 [INFO] PluginManage:302 - Check plugin filemanager
2026-08-04 17:21:19,580 DEBUG [LineInfo_to_exitCode.log_LineInfo] 2026-08-04 17:21:19,578 [INFO] PluginManage:352 - Loaded plugin filemanager (category:base,tabindex:10)
2026-08-04 17:21:19,580 DEBUG [LineInfo_to_exitCode.log_LineInfo] 2026-08-04 17:21:19,580 [INFO] PluginManage:302 - Check plugin ipmanager
2026-08-04 17:21:19,663 DEBUG [LineInfo_to_exitCode.log_LineInfo] 2026-08-04 17:21:19,663 [INFO] PluginManage:352 - Loaded plugin ipmanager (category:base,tabindex:5)
2026-08-04 17:21:19,664 DEBUG [LineInfo_to_exitCode.log_LineInfo] 2026-08-04 17:21:19,663 [INFO] PluginManage:302 - Check plugin pinoutandconfiguration
2026-08-04 17:21:19,709 DEBUG [LineInfo_to_exitCode.log_LineInfo] 2026-08-04 17:21:19,709 [INFO] PluginManage:352 - Loaded plugin pinoutandconfiguration (category:base,tabindex:1)
2026-08-04 17:21:19,710 DEBUG [LineInfo_to_exitCode.log_LineInfo] 2026-08-04 17:21:19,709 [INFO] PluginManage:302 - Check plugin pinoutconfig
2026-08-04 17:21:19,799 DEBUG [LineInfo_to_exitCode.log_LineInfo] 2026-08-04 17:21:19,798 [INFO] PluginManage:352 - Loaded plugin pinoutconfig (category:base,tabindex:0)
2026-08-04 17:21:19,799 DEBUG [LineInfo_to_exitCode.log_LineInfo] 2026-08-04 17:21:19,799 [INFO] PluginManage:302 - Check plugin power
2026-08-04 17:21:19,814 DEBUG [LineInfo_to_exitCode.log_LineInfo] 2026-08-04 17:21:19,814 [INFO] PluginManage:352 - Loaded plugin power (category:power,tabindex:4)
2026-08-04 17:21:19,815 DEBUG [LineInfo_to_exitCode.log_LineInfo] 2026-08-04 17:21:19,814 [INFO] PluginManage:302 - Check plugin projectmanager
2026-08-04 17:21:19,954 DEBUG [LineInfo_to_exitCode.log_LineInfo] 2026-08-04 17:21:19,954 [INFO] PluginManage:352 - Loaded plugin projectmanager (category:projectmanager,tabindex:3)
2026-08-04 17:21:19,954 DEBUG [LineInfo_to_exitCode.log_LineInfo] 2026-08-04 17:21:19,954 [INFO] PluginManage:302 - Check plugin thirdparty
2026-08-04 17:21:20,161 DEBUG [LineInfo_to_exitCode.log_LineInfo] 2026-08-04 17:21:20,160 [INFO] PluginManage:352 - Loaded plugin thirdparty (category:base,tabindex:-1)
2026-08-04 17:21:20,162 DEBUG [LineInfo_to_exitCode.log_LineInfo] 2026-08-04 17:21:20,161 [INFO] IntegrityCheckThread:80 - entering critical section [integrity check]
2026-08-04 17:21:20,162 DEBUG [LineInfo_to_exitCode.log_LineInfo] 2026-08-04 17:21:20,161 [INFO] PluginManage:302 - Check plugin tools
2026-08-04 17:21:20,162 DEBUG [LineInfo_to_exitCode.log_LineInfo] 2026-08-04 17:21:20,162 [INFO] ThirdPartyUpdaterWithRetryManager:66 - Updater plugin not ready yet. [1/15]
2026-08-04 17:21:20,170 DEBUG [LineInfo_to_exitCode.log_LineInfo] 2026-08-04 17:21:20,169 [INFO] PluginManage:352 - Loaded plugin tools (category:base,tabindex:7)
2026-08-04 17:21:20,170 DEBUG [LineInfo_to_exitCode.log_LineInfo] 2026-08-04 17:21:20,170 [INFO] PluginManage:302 - Check plugin tutovideos
2026-08-04 17:21:20,332 DEBUG [LineInfo_to_exitCode.log_LineInfo] 2026-08-04 17:21:20,332 [INFO] PluginManage:352 - Loaded plugin tutovideos (category:base,tabindex:-1)
2026-08-04 17:21:20,333 DEBUG [LineInfo_to_exitCode.log_LineInfo] 2026-08-04 17:21:20,332 [INFO] PluginManage:302 - Check plugin updater
2026-08-04 17:21:20,346 DEBUG [LineInfo_to_exitCode.log_LineInfo] 2026-08-04 17:21:20,345 [INFO] PluginManage:352 - Loaded plugin updater (category:base,tabindex:12)
2026-08-04 17:21:20,346 DEBUG [LineInfo_to_exitCode.log_LineInfo] 2026-08-04 17:21:20,346 [INFO] PluginManage:275 - PluginManage : Loaded plugins [13]
2026-08-04 17:21:20,557 DEBUG [LineInfo_to_exitCode.log_LineInfo] 2026-08-04 17:21:20,557 [INFO] PinOutPanel:1463 - setPackage(No Configuration,No Configuration)
2026-08-04 17:21:20,646 DEBUG [LineInfo_to_exitCode.log_LineInfo] 2026-08-04 17:21:20,645 [INFO] IPUIPlugin:74 - create IPUIPlugin
2026-08-04 17:21:20,646 DEBUG [LineInfo_to_exitCode.log_LineInfo] 2026-08-04 17:21:20,646 [INFO] PluginManager:213 - loadIPPluginJar : add adc
2026-08-04 17:21:20,653 DEBUG [LineInfo_to_exitCode.log_LineInfo] 2026-08-04 17:21:20,652 [INFO] IPUIPlugin:74 - create IPUIPlugin
2026-08-04 17:21:20,653 DEBUG [LineInfo_to_exitCode.log_LineInfo] 2026-08-04 17:21:20,653 [INFO] PluginManager:213 - loadIPPluginJar : add aes
2026-08-04 17:21:20,660 DEBUG [LineInfo_to_exitCode.log_LineInfo] 2026-08-04 17:21:20,660 [INFO] IPUIPlugin:74 - create IPUIPlugin
2026-08-04 17:21:20,662 DEBUG [LineInfo_to_exitCode.log_LineInfo] 2026-08-04 17:21:20,660 [INFO] PluginManager:213 - loadIPPluginJar : add can
2026-08-04 17:21:20,667 DEBUG [LineInfo_to_exitCode.log_LineInfo] 2026-08-04 17:21:20,667 [INFO] IPUIPlugin:74 - create IPUIPlugin
2026-08-04 17:21:20,668 DEBUG [LineInfo_to_exitCode.log_LineInfo] 2026-08-04 17:21:20,667 [INFO] PluginManager:213 - loadIPPluginJar : add comp
2026-08-04 17:21:20,674 DEBUG [LineInfo_to_exitCode.log_LineInfo] 2026-08-04 17:21:20,674 [INFO] IPUIPlugin:74 - create IPUIPlugin
2026-08-04 17:21:20,674 DEBUG [LineInfo_to_exitCode.log_LineInfo] 2026-08-04 17:21:20,674 [INFO] PluginManager:213 - loadIPPluginJar : add cryp
2026-08-04 17:21:20,681 DEBUG [LineInfo_to_exitCode.log_LineInfo] 2026-08-04 17:21:20,680 [INFO] IPUIPlugin:74 - create IPUIPlugin
2026-08-04 17:21:20,681 DEBUG [LineInfo_to_exitCode.log_LineInfo] 2026-08-04 17:21:20,681 [INFO] PluginManager:213 - loadIPPluginJar : add dfsdm
2026-08-04 17:21:20,694 DEBUG [LineInfo_to_exitCode.log_LineInfo] 2026-08-04 17:21:20,694 [INFO] IPUIPlugin:74 - create IPUIPlugin
2026-08-04 17:21:20,695 DEBUG [LineInfo_to_exitCode.log_LineInfo] 2026-08-04 17:21:20,694 [INFO] PluginManager:213 - loadIPPluginJar : add dma
2026-08-04 17:21:20,702 DEBUG [LineInfo_to_exitCode.log_LineInfo] 2026-08-04 17:21:20,702 [INFO] IPUIPlugin:74 - create IPUIPlugin
2026-08-04 17:21:20,703 DEBUG [LineInfo_to_exitCode.log_LineInfo] 2026-08-04 17:21:20,702 [INFO] PluginManager:213 - loadIPPluginJar : add dma3
2026-08-04 17:21:20,707 DEBUG [LineInfo_to_exitCode.log_LineInfo] 2026-08-04 17:21:20,707 [INFO] IPUIPlugin:74 - create IPUIPlugin
2026-08-04 17:21:20,709 DEBUG [LineInfo_to_exitCode.log_LineInfo] 2026-08-04 17:21:20,707 [INFO] PluginManager:213 - loadIPPluginJar : add fatfs
2026-08-04 17:21:20,715 DEBUG [LineInfo_to_exitCode.log_LineInfo] 2026-08-04 17:21:20,715 [INFO] IPUIPlugin:74 - create IPUIPlugin
2026-08-04 17:21:20,716 DEBUG [LineInfo_to_exitCode.log_LineInfo] 2026-08-04 17:21:20,715 [INFO] PluginManager:213 - loadIPPluginJar : add fmc
2026-08-04 17:21:20,753 DEBUG [LineInfo_to_exitCode.log_LineInfo] 2026-08-04 17:21:20,753 [INFO] IPUIPlugin:74 - create IPUIPlugin
2026-08-04 17:21:20,754 DEBUG [LineInfo_to_exitCode.log_LineInfo] 2026-08-04 17:21:20,753 [INFO] PluginManager:213 - loadIPPluginJar : add freertos
2026-08-04 17:21:20,759 DEBUG [LineInfo_to_exitCode.log_LineInfo] 2026-08-04 17:21:20,758 [INFO] IPUIPlugin:74 - create IPUIPlugin
2026-08-04 17:21:20,759 DEBUG [LineInfo_to_exitCode.log_LineInfo] 2026-08-04 17:21:20,759 [INFO] PluginManager:213 - loadIPPluginJar : add genericplugin
2026-08-04 17:21:20,768 DEBUG [LineInfo_to_exitCode.log_LineInfo] 2026-08-04 17:21:20,767 [INFO] IPUIPlugin:74 - create IPUIPlugin
2026-08-04 17:21:20,768 DEBUG [LineInfo_to_exitCode.log_LineInfo] 2026-08-04 17:21:20,767 [INFO] PluginManager:213 - loadIPPluginJar : add gfxmmu
2026-08-04 17:21:20,782 DEBUG [LineInfo_to_exitCode.log_LineInfo] 2026-08-04 17:21:20,781 [INFO] IPUIPlugin:74 - create IPUIPlugin
2026-08-04 17:21:20,782 DEBUG [LineInfo_to_exitCode.log_LineInfo] 2026-08-04 17:21:20,781 [INFO] PluginManager:213 - loadIPPluginJar : add gic
2026-08-04 17:21:20,802 DEBUG [LineInfo_to_exitCode.log_LineInfo] 2026-08-04 17:21:20,801 [INFO] IPUIPlugin:74 - create IPUIPlugin
2026-08-04 17:21:20,802 DEBUG [LineInfo_to_exitCode.log_LineInfo] 2026-08-04 17:21:20,801 [INFO] PluginManager:213 - loadIPPluginJar : add gpio
2026-08-04 17:21:20,810 DEBUG [LineInfo_to_exitCode.log_LineInfo] 2026-08-04 17:21:20,809 [INFO] IPUIPlugin:74 - create IPUIPlugin
2026-08-04 17:21:20,810 DEBUG [LineInfo_to_exitCode.log_LineInfo] 2026-08-04 17:21:20,810 [INFO] PluginManager:213 - loadIPPluginJar : add gtzc
2026-08-04 17:21:20,816 DEBUG [LineInfo_to_exitCode.log_LineInfo] 2026-08-04 17:21:20,816 [INFO] IPUIPlugin:74 - create IPUIPlugin
2026-08-04 17:21:20,816 DEBUG [LineInfo_to_exitCode.log_LineInfo] 2026-08-04 17:21:20,816 [INFO] PluginManager:213 - loadIPPluginJar : add hash
2026-08-04 17:21:20,824 DEBUG [LineInfo_to_exitCode.log_LineInfo] 2026-08-04 17:21:20,824 [INFO] IPUIPlugin:74 - create IPUIPlugin
2026-08-04 17:21:20,824 DEBUG [LineInfo_to_exitCode.log_LineInfo] 2026-08-04 17:21:20,824 [INFO] PluginManager:213 - loadIPPluginJar : add i2c
2026-08-04 17:21:20,831 DEBUG [LineInfo_to_exitCode.log_LineInfo] 2026-08-04 17:21:20,831 [INFO] IPUIPlugin:74 - create IPUIPlugin
2026-08-04 17:21:20,832 DEBUG [LineInfo_to_exitCode.log_LineInfo] 2026-08-04 17:21:20,831 [INFO] PluginManager:213 - loadIPPluginJar : add i2s
2026-08-04 17:21:20,842 DEBUG [LineInfo_to_exitCode.log_LineInfo] 2026-08-04 17:21:20,841 [INFO] IPUIPlugin:74 - create IPUIPlugin
2026-08-04 17:21:20,842 DEBUG [LineInfo_to_exitCode.log_LineInfo] 2026-08-04 17:21:20,841 [INFO] PluginManager:213 - loadIPPluginJar : add ipddr
2026-08-04 17:21:20,854 DEBUG [LineInfo_to_exitCode.log_LineInfo] 2026-08-04 17:21:20,854 [INFO] IPUIPlugin:74 - create IPUIPlugin
2026-08-04 17:21:20,854 DEBUG [LineInfo_to_exitCode.log_LineInfo] 2026-08-04 17:21:20,854 [INFO] PluginManager:213 - loadIPPluginJar : add linkedlist
2026-08-04 17:21:20,859 DEBUG [LineInfo_to_exitCode.log_LineInfo] 2026-08-04 17:21:20,859 [INFO] IPUIPlugin:74 - create IPUIPlugin
2026-08-04 17:21:20,861 DEBUG [LineInfo_to_exitCode.log_LineInfo] 2026-08-04 17:21:20,859 [INFO] PluginManager:213 - loadIPPluginJar : add lorawan
2026-08-04 17:21:20,866 DEBUG [LineInfo_to_exitCode.log_LineInfo] 2026-08-04 17:21:20,866 [INFO] IPUIPlugin:74 - create IPUIPlugin
2026-08-04 17:21:20,867 DEBUG [LineInfo_to_exitCode.log_LineInfo] 2026-08-04 17:21:20,866 [INFO] PluginManager:213 - loadIPPluginJar : add ltdc
2026-08-04 17:21:20,882 DEBUG [LineInfo_to_exitCode.log_LineInfo] 2026-08-04 17:21:20,881 [INFO] IPUIPlugin:74 - create IPUIPlugin
2026-08-04 17:21:20,882 DEBUG [LineInfo_to_exitCode.log_LineInfo] 2026-08-04 17:21:20,882 [INFO] PluginManager:213 - loadIPPluginJar : add mdma
2026-08-04 17:21:20,900 DEBUG [LineInfo_to_exitCode.log_LineInfo] 2026-08-04 17:21:20,900 [INFO] IPUIPlugin:74 - create IPUIPlugin
2026-08-04 17:21:20,901 DEBUG [LineInfo_to_exitCode.log_LineInfo] 2026-08-04 17:21:20,900 [INFO] PluginManager:213 - loadIPPluginJar : add nvic
2026-08-04 17:21:20,907 DEBUG [LineInfo_to_exitCode.log_LineInfo] 2026-08-04 17:21:20,906 [INFO] IPUIPlugin:74 - create IPUIPlugin
2026-08-04 17:21:20,907 DEBUG [LineInfo_to_exitCode.log_LineInfo] 2026-08-04 17:21:20,907 [INFO] PluginManager:213 - loadIPPluginJar : add opamp
2026-08-04 17:21:20,915 DEBUG [LineInfo_to_exitCode.log_LineInfo] 2026-08-04 17:21:20,915 [INFO] IPUIPlugin:74 - create IPUIPlugin
2026-08-04 17:21:20,915 DEBUG [LineInfo_to_exitCode.log_LineInfo] 2026-08-04 17:21:20,915 [INFO] PluginManager:213 - loadIPPluginJar : add openamp
2026-08-04 17:21:20,923 DEBUG [LineInfo_to_exitCode.log_LineInfo] 2026-08-04 17:21:20,922 [INFO] IPUIPlugin:74 - create IPUIPlugin
2026-08-04 17:21:20,923 DEBUG [LineInfo_to_exitCode.log_LineInfo] 2026-08-04 17:21:20,923 [INFO] PluginManager:213 - loadIPPluginJar : add pdm2pcm
2026-08-04 17:21:20,941 DEBUG [LineInfo_to_exitCode.log_LineInfo] 2026-08-04 17:21:20,940 [INFO] IPUIPlugin:74 - create IPUIPlugin
2026-08-04 17:21:20,943 DEBUG [LineInfo_to_exitCode.log_LineInfo] 2026-08-04 17:21:20,942 [INFO] PluginManager:213 - loadIPPluginJar : add plateformsettings
2026-08-04 17:21:20,949 DEBUG [LineInfo_to_exitCode.log_LineInfo] 2026-08-04 17:21:20,948 [INFO] IPUIPlugin:74 - create IPUIPlugin
2026-08-04 17:21:20,949 DEBUG [LineInfo_to_exitCode.log_LineInfo] 2026-08-04 17:21:20,948 [INFO] PluginManager:213 - loadIPPluginJar : add quadspi
2026-08-04 17:21:20,995 DEBUG [LineInfo_to_exitCode.log_LineInfo] 2026-08-04 17:21:20,994 [INFO] IPUIPlugin:74 - create IPUIPlugin
2026-08-04 17:21:20,995 DEBUG [LineInfo_to_exitCode.log_LineInfo] 2026-08-04 17:21:20,994 [INFO] PluginManager:213 - loadIPPluginJar : add resmgrutility
2026-08-04 17:21:21,002 DEBUG [LineInfo_to_exitCode.log_LineInfo] 2026-08-04 17:21:21,002 [INFO] IPUIPlugin:74 - create IPUIPlugin
2026-08-04 17:21:21,002 DEBUG [LineInfo_to_exitCode.log_LineInfo] 2026-08-04 17:21:21,002 [INFO] PluginManager:213 - loadIPPluginJar : add sai
2026-08-04 17:21:21,010 DEBUG [LineInfo_to_exitCode.log_LineInfo] 2026-08-04 17:21:21,010 [INFO] IPUIPlugin:74 - create IPUIPlugin
2026-08-04 17:21:21,010 DEBUG [LineInfo_to_exitCode.log_LineInfo] 2026-08-04 17:21:21,010 [INFO] PluginManager:213 - loadIPPluginJar : add spi
2026-08-04 17:21:21,018 DEBUG [LineInfo_to_exitCode.log_LineInfo] 2026-08-04 17:21:21,017 [INFO] IPUIPlugin:74 - create IPUIPlugin
2026-08-04 17:21:21,018 DEBUG [LineInfo_to_exitCode.log_LineInfo] 2026-08-04 17:21:21,018 [INFO] PluginManager:213 - loadIPPluginJar : add stm32_wpan
2026-08-04 17:21:21,023 DEBUG [LineInfo_to_exitCode.log_LineInfo] 2026-08-04 17:21:21,022 [INFO] IPUIPlugin:74 - create IPUIPlugin
2026-08-04 17:21:21,023 DEBUG [LineInfo_to_exitCode.log_LineInfo] 2026-08-04 17:21:21,023 [INFO] PluginManager:213 - loadIPPluginJar : add tim
2026-08-04 17:21:21,032 DEBUG [LineInfo_to_exitCode.log_LineInfo] 2026-08-04 17:21:21,032 [INFO] IPUIPlugin:74 - create IPUIPlugin
2026-08-04 17:21:21,033 DEBUG [LineInfo_to_exitCode.log_LineInfo] 2026-08-04 17:21:21,032 [INFO] PluginManager:213 - loadIPPluginJar : add touchsensing
2026-08-04 17:21:21,038 DEBUG [LineInfo_to_exitCode.log_LineInfo] 2026-08-04 17:21:21,037 [INFO] IPUIPlugin:74 - create IPUIPlugin
2026-08-04 17:21:21,038 DEBUG [LineInfo_to_exitCode.log_LineInfo] 2026-08-04 17:21:21,038 [INFO] PluginManager:213 - loadIPPluginJar : add tracer_emb
2026-08-04 17:21:21,043 DEBUG [LineInfo_to_exitCode.log_LineInfo] 2026-08-04 17:21:21,042 [INFO] IPUIPlugin:74 - create IPUIPlugin
2026-08-04 17:21:21,043 DEBUG [LineInfo_to_exitCode.log_LineInfo] 2026-08-04 17:21:21,043 [INFO] PluginManager:213 - loadIPPluginJar : add ts
2026-08-04 17:21:21,048 DEBUG [LineInfo_to_exitCode.log_LineInfo] 2026-08-04 17:21:21,048 [INFO] IPUIPlugin:74 - create IPUIPlugin
2026-08-04 17:21:21,049 DEBUG [LineInfo_to_exitCode.log_LineInfo] 2026-08-04 17:21:21,048 [INFO] PluginManager:213 - loadIPPluginJar : add tsc
2026-08-04 17:21:21,054 DEBUG [LineInfo_to_exitCode.log_LineInfo] 2026-08-04 17:21:21,053 [INFO] IPUIPlugin:74 - create IPUIPlugin
2026-08-04 17:21:21,054 DEBUG [LineInfo_to_exitCode.log_LineInfo] 2026-08-04 17:21:21,054 [INFO] PluginManager:213 - loadIPPluginJar : add ucpd
2026-08-04 17:21:21,060 DEBUG [LineInfo_to_exitCode.log_LineInfo] 2026-08-04 17:21:21,060 [INFO] IPUIPlugin:74 - create IPUIPlugin
2026-08-04 17:21:21,060 DEBUG [LineInfo_to_exitCode.log_LineInfo] 2026-08-04 17:21:21,060 [INFO] PluginManager:213 - loadIPPluginJar : add usart
2026-08-04 17:21:21,066 DEBUG [LineInfo_to_exitCode.log_LineInfo] 2026-08-04 17:21:21,066 [INFO] IPUIPlugin:74 - create IPUIPlugin
2026-08-04 17:21:21,066 DEBUG [LineInfo_to_exitCode.log_LineInfo] 2026-08-04 17:21:21,066 [INFO] PluginManager:213 - loadIPPluginJar : add usbx
2026-08-04 17:21:21,087 DEBUG [LineInfo_to_exitCode.log_LineInfo] 2026-08-04 17:21:21,087 [INFO] Updater:1012 - Updater Version found : 6.3.0
2026-08-04 17:21:21,099 DEBUG [LineInfo_to_exitCode.log_LineInfo] 2026-08-04 17:21:21,099 [INFO] ApplicationProperties:181 - Using Application install path: C:\Program Files\STMicroelectronics\STM32Cube\STM32CubeMX
2026-08-04 17:21:21,242 DEBUG [LineInfo_to_exitCode.log_LineInfo] 2026-08-04 17:21:21,241 [INFO] MainUpdater:2671 - connection check result : 10
2026-08-04 17:21:21,243 DEBUG [LineInfo_to_exitCode.log_LineInfo] 2026-08-04 17:21:21,243 [INFO] MainUpdater:265 - Updater Check For Update Now.
2026-08-04 17:21:21,244 DEBUG [LineInfo_to_exitCode.log_LineInfo] 2026-08-04 17:21:21,243 [INFO] MicroXplorer:478 - Change Database Version : DB.6.0.30
2026-08-04 17:21:21,457 DEBUG [LineInfo_to_exitCode.log_LineInfo] 2026-08-04 17:21:21,457 [INFO] CheckServerUpdateThread:112 - End of CheckServer Thread
2026-08-04 17:21:21,610 DEBUG [LineInfo_to_exitCode.log_LineInfo] 2026-08-04 17:21:21,609 [INFO] HomeAdPanel:98 - Auto-refresh data requested => check proxy status ongoing
2026-08-04 17:21:22,745 DEBUG [LineInfo_to_exitCode.log_LineInfo] 2026-08-04 17:21:22,743 [INFO] ServerAccessManage:362 - Download File 
2026-08-04 17:21:22,748 DEBUG [LineInfo_to_exitCode.log_LineInfo] 2026-08-04 17:21:22,748 [INFO] LoadUrlFilesThread:172 - End of LoadServerUrlFiles without Thread
2026-08-04 17:21:22,752 DEBUG [LineInfo_to_exitCode.log_LineInfo] 2026-08-04 17:21:22,751 [INFO] DbMcusAds:47 - JSON generation date=Wed Jul 15 18:44:54 KST 2026 (1784108694001)
2026-08-04 17:21:22,952 DEBUG [LineInfo_to_exitCode.log_LineInfo] 2026-08-04 17:21:22,952 [INFO] ServerAccessManage:362 - Download File 
2026-08-04 17:21:23,062 DEBUG [LineInfo_to_exitCode.log_LineInfo] 2026-08-04 17:21:23,061 [INFO] LoadUrlFilesThread:172 - End of LoadServerUrlFiles without Thread
2026-08-04 17:21:23,062 DEBUG [LineInfo_to_exitCode.log_LineInfo] 2026-08-04 17:21:23,061 [INFO] HomeAdPanel:109 - Refresh advertisement image is successful
2026-08-04 17:21:23,106 DEBUG [LineInfo_to_exitCode.log_LineInfo] 2026-08-04 17:21:23,105 [INFO] LoadUrlFilesThread:172 - End of LoadServerUrlFiles without Thread
2026-08-04 17:21:23,122 DEBUG [LineInfo_to_exitCode.log_LineInfo] 2026-08-04 17:21:23,121 [INFO] DetailPanel:309 - Set advertising image to C:/Users/wshan/STM32Cube/Repository/\en.stm32h5cubemxbanner.png
2026-08-04 17:21:23,203 WARN  [LineInfo_to_exitCode.log_LineInfo] Updater is busy
2026-08-04 17:21:23,313 DEBUG [LineInfo_to_exitCode.log_LineInfo] 2026-08-04 17:21:23,313 [INFO] LoadUrlFilesThread:172 - End of LoadServerUrlFiles without Thread
2026-08-04 17:21:23,314 DEBUG [LineInfo_to_exitCode.log_LineInfo] 2026-08-04 17:21:23,313 [INFO] DetailPanel:309 - Set advertising image to C:/Users/wshan/STM32Cube/Repository/\en.stm32h5cubemxbanner.png
2026-08-04 17:21:23,434 DEBUG [LineInfo_to_exitCode.log_LineInfo] 2026-08-04 17:21:23,434 [INFO] MainFrame:172 - [MX] HOME_PANEL == 114228582029300
2026-08-04 17:21:23,498 DEBUG [LineInfo_to_exitCode.log_LineInfo] 2026-08-04 17:21:23,496 [INFO] MicroXplorer:448 - Change Database Path : 
2026-08-04 17:21:23,498 DEBUG [LineInfo_to_exitCode.log_LineInfo] 2026-08-04 17:21:23,496 [INFO] MicroXplorer:478 - Change Database Version : DB.6.0.30
2026-08-04 17:21:23,520 ERROR [LineInfo_to_exitCode.log_LineInfo] C:\Users\wshan\.stm32cubemx\thirdparties\pdsc\STMicroelectronics.X-CUBE-SMBUS.2.1.1.pdsc: PDSC version is not supported
2026-08-04 17:21:23,540 ERROR [LineInfo_to_exitCode.log_LineInfo] C:\Users\wshan\.stm32cubemx\thirdparties\pdsc\STMicroelectronics.X-CUBE-FREERTOS.1.6.0.pdsc: PDSC version is not supported
2026-08-04 17:21:23,542 ERROR [LineInfo_to_exitCode.log_LineInfo] C:\Users\wshan\.stm32cubemx\thirdparties\pdsc\STMicroelectronics.FP-SNS-MOTENV1.5.1.0.pdsc: PDSC version is not supported
2026-08-04 17:21:23,569 ERROR [LineInfo_to_exitCode.log_LineInfo] C:\Users\wshan\.stm32cubemx\thirdparties\pdsc\WES.I-CUBE-Cesium.1.4.0.pdsc: PDSC version is not supported
2026-08-04 17:21:23,573 ERROR [LineInfo_to_exitCode.log_LineInfo] C:\Users\wshan\.stm32cubemx\thirdparties\pdsc\STMicroelectronics.X-CUBE-DISPLAY.3.0.0.pdsc: PDSC version is not supported
2026-08-04 17:21:23,585 ERROR [LineInfo_to_exitCode.log_LineInfo] C:\Users\wshan\.stm32cubemx\thirdparties\pdsc\STMicroelectronics.FP-SNS-MOTENVWB1.1.5.0.pdsc: PDSC version is not supported
2026-08-04 17:21:23,600 ERROR [LineInfo_to_exitCode.log_LineInfo] C:\Users\wshan\.stm32cubemx\thirdparties\pdsc\STMicroelectronics.X-CUBE-ST60.1.1.0.pdsc: PDSC version is not supported
2026-08-04 17:21:23,603 ERROR [LineInfo_to_exitCode.log_LineInfo] C:\Users\wshan\.stm32cubemx\thirdparties\pdsc\emotas.I-CUBE-CANOPEN.1.3.0.pdsc: PDSC version is not supported
2026-08-04 17:21:23,607 ERROR [LineInfo_to_exitCode.log_LineInfo] C:\Users\wshan\.stm32cubemx\thirdparties\pdsc\STMicroelectronics.X-CUBE-WBA.1.1.0.pdsc: PDSC version is not supported
2026-08-04 17:21:23,610 ERROR [LineInfo_to_exitCode.log_LineInfo] C:\Users\wshan\.stm32cubemx\thirdparties\pdsc\STMicroelectronics.FP-SNS-STBOX1.2.1.0.pdsc: PDSC version is not supported
2026-08-04 17:21:23,613 ERROR [LineInfo_to_exitCode.log_LineInfo] C:\Users\wshan\.stm32cubemx\thirdparties\pdsc\STMicroelectronics.FP-SNS-SMARTAG2.1.2.0.pdsc: PDSC version is not supported
2026-08-04 17:21:23,616 ERROR [LineInfo_to_exitCode.log_LineInfo] C:\Users\wshan\.stm32cubemx\thirdparties\pdsc\STMicroelectronics.FP-SNS-FLIGHT1.5.1.0.pdsc: PDSC version is not supported
2026-08-04 17:21:23,640 ERROR [LineInfo_to_exitCode.log_LineInfo] C:\Users\wshan\.stm32cubemx\thirdparties\pdsc\Avnet-IOTCONNECT.X-CUBE-iotc-st67-sdk.1.0.0.pdsc: PDSC version is not supported
2026-08-04 17:21:23,645 ERROR [LineInfo_to_exitCode.log_LineInfo] C:\Users\wshan\.stm32cubemx\thirdparties\pdsc\Infineon.AIROC-Wi-Fi-Bluetooth-STM32.1.8.0.pdsc: PDSC version is not supported
2026-08-04 17:21:23,677 ERROR [LineInfo_to_exitCode.log_LineInfo] C:\Users\wshan\.stm32cubemx\thirdparties\pdsc\STMicroelectronics.FP-SNS-STAIOTCFT.1.1.0.pdsc: PDSC version is not supported
2026-08-04 17:21:23,698 ERROR [LineInfo_to_exitCode.log_LineInfo] C:\Users\wshan\.stm32cubemx\thirdparties\pdsc\EmbeddedOffice.I-CUBE-FS-RTOS.1.0.1.pdsc: PDSC version is not supported
2026-08-04 17:21:23,704 ERROR [LineInfo_to_exitCode.log_LineInfo] C:\Users\wshan\.stm32cubemx\thirdparties\pdsc\STMicroelectronics.X-CUBE-TCPP.4.2.0.pdsc: PDSC version is not supported
2026-08-04 17:21:23,708 ERROR [LineInfo_to_exitCode.log_LineInfo] C:\Users\wshan\.stm32cubemx\thirdparties\pdsc\RealThread.X-CUBE-RT-Thread_Nano.4.1.1.pdsc: PDSC version is not supported
2026-08-04 17:21:23,717 ERROR [LineInfo_to_exitCode.log_LineInfo] C:\Users\wshan\.stm32cubemx\thirdparties\pdsc\ITTIA_DB.I-CUBE-ITTIADB.8.9.0.pdsc: PDSC version is not supported
2026-08-04 17:21:23,719 ERROR [LineInfo_to_exitCode.log_LineInfo] C:\Users\wshan\.stm32cubemx\thirdparties\pdsc\Cesanta.I-CUBE-Mongoose.7.21.7.pdsc: PDSC version is not supported
2026-08-04 17:21:23,955 ERROR [LineInfo_to_exitCode.log_LineInfo] C:\Users\wshan\.stm32cubemx\thirdparties\pdsc\STMicroelectronics.X-CUBE-IPS.3.2.0.pdsc: PDSC version is not supported
2026-08-04 17:21:23,957 ERROR [LineInfo_to_exitCode.log_LineInfo] C:\Users\wshan\.stm32cubemx\thirdparties\pdsc\STMicroelectronics.eDS-WB_DPC_TT-BIDIR.2.1.1.pdsc: PDSC version is not supported
2026-08-04 17:21:24,003 ERROR [LineInfo_to_exitCode.log_LineInfo] C:\Users\wshan\.stm32cubemx\thirdparties\pdsc\STMicroelectronics.eDS-WB_DPC_VIENNA.1.2.0.pdsc: PDSC version is not supported
2026-08-04 17:21:24,133 ERROR [LineInfo_to_exitCode.log_LineInfo] C:\Users\wshan\.stm32cubemx\thirdparties\pdsc\STMicroelectronics.eDS-WB_DPC_3PH2L-BIDIR.1.1.1.pdsc: PDSC version is not supported
2026-08-04 17:21:24,136 ERROR [LineInfo_to_exitCode.log_LineInfo] C:\Users\wshan\.stm32cubemx\thirdparties\pdsc\STMicroelectronics.X-CUBE-ST67W61.1.3.0.pdsc: PDSC version is not supported
2026-08-04 17:21:24,148 ERROR [LineInfo_to_exitCode.log_LineInfo] C:\Users\wshan\.stm32cubemx\thirdparties\pdsc\STMicroelectronics.X-CUBE-DPower.1.3.0.pdsc: PDSC version is not supported
2026-08-04 17:21:24,206 ERROR [LineInfo_to_exitCode.log_LineInfo] C:\Users\wshan\.stm32cubemx\thirdparties\pdsc\quantropi.X-CUBE-qispace-sdk-base.2.1.0.pdsc: PDSC version is not supported
2026-08-04 17:21:24,270 ERROR [LineInfo_to_exitCode.log_LineInfo] C:\Users\wshan\.stm32cubemx\thirdparties\pdsc\STMicroelectronics.X-CUBE-BLEMGR.4.2.0.pdsc: PDSC version is not supported
2026-08-04 17:21:24,274 ERROR [LineInfo_to_exitCode.log_LineInfo] C:\Users\wshan\.stm32cubemx\thirdparties\pdsc\STMicroelectronics.X-CUBE-ALS.1.0.2.pdsc: PDSC version is not supported
2026-08-04 17:21:24,282 ERROR [LineInfo_to_exitCode.log_LineInfo] C:\Users\wshan\.stm32cubemx\thirdparties\pdsc\STMicroelectronics.X-CUBE-TOF1.3.4.3.pdsc: PDSC version is not supported
2026-08-04 17:21:24,284 DEBUG [LineInfo_to_exitCode.log_LineInfo] 2026-08-04 17:21:24,282 [INFO] ThirdParty:915 - Integrity check success = true
2026-08-04 17:21:24,284 DEBUG [LineInfo_to_exitCode.log_LineInfo] 2026-08-04 17:21:24,282 [INFO] IntegrityCheckThread:94 - exiting critical section [integrity check]
2026-08-04 17:21:24,284 DEBUG [LineInfo_to_exitCode.log_LineInfo] 2026-08-04 17:21:24,284 [INFO] IntegrityCheckThread:97 - End integrity checks thread
2026-08-04 17:21:24,284 DEBUG [LineInfo_to_exitCode.log_LineInfo] 2026-08-04 17:21:24,284 [INFO] ThirdParty:815 - entering critical section [close project]
2026-08-04 17:21:24,285 DEBUG [LineInfo_to_exitCode.log_LineInfo] 2026-08-04 17:21:24,285 [INFO] ThirdParty:825 - exiting critical section [close project]
2026-08-04 17:21:24,291 DEBUG [LineInfo_to_exitCode.log_LineInfo] 2026-08-04 17:21:24,291 [INFO] PinOutPanel:1463 - setPackage(No Configuration,No Configuration)
2026-08-04 17:21:24,329 DEBUG [LineInfo_to_exitCode.log_LineInfo] 2026-08-04 17:21:24,328 [INFO] UtilMem:74 - Begin LoadConfig() Used Memory: 210930976 Bytes (528482304)
2026-08-04 17:21:24,338 DEBUG [LineInfo_to_exitCode.log_LineInfo] 2026-08-04 17:21:24,338 [INFO] OpenFileManager:313 - Change cursor
2026-08-04 17:21:26,975 DEBUG [LineInfo_to_exitCode.log_LineInfo] 2026-08-04 17:21:26,974 [INFO] Context:592 - Trying to add GPIOservice into a context  which must be forbidden
2026-08-04 17:21:28,646 DEBUG [LineInfo_to_exitCode.log_LineInfo] 2026-08-04 17:21:28,645 [INFO] ImportTextPane:167 - (OptionalMessage_ERROR) Unable to find key (Mcu.ThirdPartyNb) in loaded IOC file
2026-08-04 17:21:28,799 DEBUG [LineInfo_to_exitCode.log_LineInfo] 2026-08-04 17:21:28,797 [INFO] RtosManager:484 - Registered RTOS mode: class=CMSIS, group=RTOS, mode=CMSIS_V1, owner=FREERTOS
2026-08-04 17:21:28,799 DEBUG [LineInfo_to_exitCode.log_LineInfo] 2026-08-04 17:21:28,799 [INFO] RtosManager:484 - Registered RTOS mode: class=CMSIS, group=RTOS2, mode=CMSIS_V2, owner=FREERTOS
2026-08-04 17:21:28,799 DEBUG [LineInfo_to_exitCode.log_LineInfo] 2026-08-04 17:21:28,799 [INFO] RtosManager:484 - Registered RTOS mode: class=RTOS, group=Core, mode=CMSIS_V1, owner=FREERTOS
2026-08-04 17:21:28,799 DEBUG [LineInfo_to_exitCode.log_LineInfo] 2026-08-04 17:21:28,799 [INFO] RtosManager:484 - Registered RTOS mode: class=RTOS, group=Core, mode=CMSIS_V2, owner=FREERTOS
2026-08-04 17:21:29,540 DEBUG [LineInfo_to_exitCode.log_LineInfo] 2026-08-04 17:21:29,539 [INFO] ImportTextPane:167 - (OptionalMessage_ERROR) IP (DMA) : Parameter (Instance) has Id (USART2_RX) currently not set
2026-08-04 17:21:29,540 DEBUG [LineInfo_to_exitCode.log_LineInfo] 2026-08-04 17:21:29,539 [INFO] ImportTextPane:167 - (OptionalMessage_ERROR) IP (DMA) : Parameter (Request) has Id (USART2_RX) currently not set
2026-08-04 17:21:29,540 DEBUG [LineInfo_to_exitCode.log_LineInfo] 2026-08-04 17:21:29,540 [INFO] ImportTextPane:167 - (OptionalMessage_ERROR) IP (DMA) : Parameter (Direction) has Id (USART2_RX) currently not set
2026-08-04 17:21:29,540 DEBUG [LineInfo_to_exitCode.log_LineInfo] 2026-08-04 17:21:29,540 [INFO] ImportTextPane:167 - (OptionalMessage_ERROR) IP (DMA) : Parameter (PeriphInc) has Id (USART2_RX) currently not set
2026-08-04 17:21:29,541 DEBUG [LineInfo_to_exitCode.log_LineInfo] 2026-08-04 17:21:29,540 [INFO] ImportTextPane:167 - (OptionalMessage_ERROR) IP (DMA) : Parameter (MemInc) has Id (USART2_RX) currently not set
2026-08-04 17:21:29,541 DEBUG [LineInfo_to_exitCode.log_LineInfo] 2026-08-04 17:21:29,540 [INFO] ImportTextPane:167 - (OptionalMessage_ERROR) IP (DMA) : Parameter (PeriphDataAlignment) has Id (USART2_RX) currently not set
2026-08-04 17:21:29,541 DEBUG [LineInfo_to_exitCode.log_LineInfo] 2026-08-04 17:21:29,541 [INFO] ImportTextPane:167 - (OptionalMessage_ERROR) IP (DMA) : Parameter (MemDataAlignment) has Id (USART2_RX) currently not set
2026-08-04 17:21:29,541 DEBUG [LineInfo_to_exitCode.log_LineInfo] 2026-08-04 17:21:29,541 [INFO] ImportTextPane:167 - (OptionalMessage_ERROR) IP (DMA) : Parameter (Mode) has Id (USART2_RX) currently not set
2026-08-04 17:21:29,541 DEBUG [LineInfo_to_exitCode.log_LineInfo] 2026-08-04 17:21:29,541 [INFO] ImportTextPane:167 - (OptionalMessage_ERROR) IP (DMA) : Parameter (Priority) has Id (USART2_RX) currently not set
2026-08-04 17:21:29,541 DEBUG [LineInfo_to_exitCode.log_LineInfo] 2026-08-04 17:21:29,541 [INFO] ImportTextPane:167 - (OptionalMessage_ERROR) IP (DMA) : Parameter (Instance) has Id (USART2_TX) currently not set
2026-08-04 17:21:29,542 DEBUG [LineInfo_to_exitCode.log_LineInfo] 2026-08-04 17:21:29,541 [INFO] ImportTextPane:167 - (OptionalMessage_ERROR) IP (DMA) : Parameter (Request) has Id (USART2_TX) currently not set
2026-08-04 17:21:29,542 DEBUG [LineInfo_to_exitCode.log_LineInfo] 2026-08-04 17:21:29,541 [INFO] ImportTextPane:167 - (OptionalMessage_ERROR) IP (DMA) : Parameter (Direction) has Id (USART2_TX) currently not set
2026-08-04 17:21:29,542 DEBUG [LineInfo_to_exitCode.log_LineInfo] 2026-08-04 17:21:29,541 [INFO] ImportTextPane:167 - (OptionalMessage_ERROR) IP (DMA) : Parameter (PeriphInc) has Id (USART2_TX) currently not set
2026-08-04 17:21:29,542 DEBUG [LineInfo_to_exitCode.log_LineInfo] 2026-08-04 17:21:29,541 [INFO] ImportTextPane:167 - (OptionalMessage_ERROR) IP (DMA) : Parameter (MemInc) has Id (USART2_TX) currently not set
2026-08-04 17:21:29,542 DEBUG [LineInfo_to_exitCode.log_LineInfo] 2026-08-04 17:21:29,541 [INFO] ImportTextPane:167 - (OptionalMessage_ERROR) IP (DMA) : Parameter (PeriphDataAlignment) has Id (USART2_TX) currently not set
2026-08-04 17:21:29,542 DEBUG [LineInfo_to_exitCode.log_LineInfo] 2026-08-04 17:21:29,541 [INFO] ImportTextPane:167 - (OptionalMessage_ERROR) IP (DMA) : Parameter (MemDataAlignment) has Id (USART2_TX) currently not set
2026-08-04 17:21:29,542 DEBUG [LineInfo_to_exitCode.log_LineInfo] 2026-08-04 17:21:29,541 [INFO] ImportTextPane:167 - (OptionalMessage_ERROR) IP (DMA) : Parameter (Mode) has Id (USART2_TX) currently not set
2026-08-04 17:21:29,543 DEBUG [LineInfo_to_exitCode.log_LineInfo] 2026-08-04 17:21:29,541 [INFO] ImportTextPane:167 - (OptionalMessage_ERROR) IP (DMA) : Parameter (Priority) has Id (USART2_TX) currently not set
2026-08-04 17:21:29,603 DEBUG [LineInfo_to_exitCode.log_LineInfo] 2026-08-04 17:21:29,603 [INFO] ImportTextPane:167 - (OptionalMessage_ERROR) IP (MotorControl) : Invalid parameter (ADC_AHBPERIPH)
2026-08-04 17:21:29,603 DEBUG [LineInfo_to_exitCode.log_LineInfo] 2026-08-04 17:21:29,603 [INFO] ImportTextPane:167 - (OptionalMessage_ERROR) IP (MotorControl) : Invalid parameter (BUS_VOLTAGE_READING)
2026-08-04 17:21:29,604 DEBUG [LineInfo_to_exitCode.log_LineInfo] 2026-08-04 17:21:29,603 [INFO] ImportTextPane:167 - (OptionalMessage_ERROR) IP (MotorControl) : Invalid parameter (CCMRAM_ENABLED)
2026-08-04 17:21:29,604 DEBUG [LineInfo_to_exitCode.log_LineInfo] 2026-08-04 17:21:29,603 [INFO] ImportTextPane:167 - (OptionalMessage_ERROR) IP (MotorControl) : Invalid parameter (CLOCK_FREQUENCY)
2026-08-04 17:21:29,604 DEBUG [LineInfo_to_exitCode.log_LineInfo] 2026-08-04 17:21:29,604 [INFO] ImportTextPane:167 - (OptionalMessage_ERROR) IP (MotorControl) : Invalid parameter (CLOCK_SOURCE)
2026-08-04 17:21:29,605 DEBUG [LineInfo_to_exitCode.log_LineInfo] 2026-08-04 17:21:29,604 [INFO] ImportTextPane:167 - (OptionalMessage_ERROR) IP (MotorControl) : Invalid parameter (CPU_CLK_170_MHZ)
2026-08-04 17:21:29,605 DEBUG [LineInfo_to_exitCode.log_LineInfo] 2026-08-04 17:21:29,605 [INFO] ImportTextPane:167 - (OptionalMessage_ERROR) IP (MotorControl) : Invalid parameter (CURR_SAMPLING_TIME)
2026-08-04 17:21:29,605 DEBUG [LineInfo_to_exitCode.log_LineInfo] 2026-08-04 17:21:29,605 [INFO] ImportTextPane:167 - (OptionalMessage_ERROR) IP (MotorControl) : Invalid parameter (CURRENT_READING_TOPOLOGY)
2026-08-04 17:21:29,605 DEBUG [LineInfo_to_exitCode.log_LineInfo] 2026-08-04 17:21:29,605 [INFO] ImportTextPane:167 - (OptionalMessage_ERROR) IP (MotorControl) : Invalid parameter (DRIVE_TYPE)
2026-08-04 17:21:29,605 DEBUG [LineInfo_to_exitCode.log_LineInfo] 2026-08-04 17:21:29,605 [INFO] ImportTextPane:167 - (OptionalMessage_ERROR) IP (MotorControl) : Invalid parameter (DRIVES_NUMBER_SELECTION)
2026-08-04 17:21:29,605 DEBUG [LineInfo_to_exitCode.log_LineInfo] 2026-08-04 17:21:29,605 [INFO] ImportTextPane:167 - (OptionalMessage_ERROR) IP (MotorControl) : Invalid parameter (ENCODER_AVAILABLE)
2026-08-04 17:21:29,606 DEBUG [LineInfo_to_exitCode.log_LineInfo] 2026-08-04 17:21:29,605 [INFO] ImportTextPane:167 - (OptionalMessage_ERROR) IP (MotorControl) : Invalid parameter (ENCODER_PPR)
2026-08-04 17:21:29,606 DEBUG [LineInfo_to_exitCode.log_LineInfo] 2026-08-04 17:21:29,605 [INFO] ImportTextPane:167 - (OptionalMessage_ERROR) IP (MotorControl) : Invalid parameter (EXT_CLK_8_MHZ)
2026-08-04 17:21:29,606 DEBUG [LineInfo_to_exitCode.log_LineInfo] 2026-08-04 17:21:29,605 [INFO] ImportTextPane:167 - (OptionalMessage_ERROR) IP (MotorControl) : Invalid parameter (EXT_CLOCK_FREQUENCY)
2026-08-04 17:21:29,606 DEBUG [LineInfo_to_exitCode.log_LineInfo] 2026-08-04 17:21:29,606 [INFO] ImportTextPane:167 - (OptionalMessage_ERROR) IP (MotorControl) : Invalid parameter (FEEDBACK_NET_FILTERING)
2026-08-04 17:21:29,606 DEBUG [LineInfo_to_exitCode.log_LineInfo] 2026-08-04 17:21:29,606 [INFO] ImportTextPane:167 - (OptionalMessage_ERROR) IP (MotorControl) : Invalid parameter (FLASH_SIZE)
2026-08-04 17:21:29,607 DEBUG [LineInfo_to_exitCode.log_LineInfo] 2026-08-04 17:21:29,606 [INFO] ImportTextPane:167 - (OptionalMessage_ERROR) IP (MotorControl) : Invalid parameter (HALL_SENSORS_AVAILABLE)
2026-08-04 17:21:29,607 DEBUG [LineInfo_to_exitCode.log_LineInfo] 2026-08-04 17:21:29,606 [INFO] ImportTextPane:167 - (OptionalMessage_ERROR) IP (MotorControl) : Invalid parameter (HW_COMPLEMENTED_LOW_SIDE)
2026-08-04 17:21:29,607 DEBUG [LineInfo_to_exitCode.log_LineInfo] 2026-08-04 17:21:29,606 [INFO] ImportTextPane:167 - (OptionalMessage_ERROR) IP (MotorControl) : Invalid parameter (HW_DEAD_TIME_NS)
2026-08-04 17:21:29,607 DEBUG [LineInfo_to_exitCode.log_LineInfo] 2026-08-04 17:21:29,606 [INFO] ImportTextPane:167 - (OptionalMessage_ERROR) IP (MotorControl) : Invalid parameter (HWV_CS)
2026-08-04 17:21:29,607 DEBUG [LineInfo_to_exitCode.log_LineInfo] 2026-08-04 17:21:29,607 [INFO] ImportTextPane:167 - (OptionalMessage_ERROR) IP (MotorControl) : Invalid parameter (HWV_OCP)
2026-08-04 17:21:29,608 DEBUG [LineInfo_to_exitCode.log_LineInfo] 2026-08-04 17:21:29,607 [INFO] ImportTextPane:167 - (OptionalMessage_ERROR) IP (MotorControl) : Invalid parameter (HWV_PWM)
2026-08-04 17:21:29,608 DEBUG [LineInfo_to_exitCode.log_LineInfo] 2026-08-04 17:21:29,607 [INFO] ImportTextPane:167 - (OptionalMessage_ERROR) IP (MotorControl) : Invalid parameter (IPs)
2026-08-04 17:21:29,608 DEBUG [LineInfo_to_exitCode.log_LineInfo] 2026-08-04 17:21:29,607 [INFO] ImportTextPane:167 - (OptionalMessage_ERROR) IP (MotorControl) : Invalid parameter (LOW_SIDE_SIGNALS_ENABLING)
2026-08-04 17:21:29,608 DEBUG [LineInfo_to_exitCode.log_LineInfo] 2026-08-04 17:21:29,607 [INFO] ImportTextPane:167 - (OptionalMessage_ERROR) IP (MotorControl) : Invalid parameter (M1_COMMUTATION_STEP_TIME_BUF_SIZE)
2026-08-04 17:21:29,608 DEBUG [LineInfo_to_exitCode.log_LineInfo] 2026-08-04 17:21:29,608 [INFO] ImportTextPane:167 - (OptionalMessage_ERROR) IP (MotorControl) : Invalid parameter (M1_CURRENT_AMPLIFICATION_TOPO)
2026-08-04 17:21:29,608 DEBUG [LineInfo_to_exitCode.log_LineInfo] 2026-08-04 17:21:29,608 [INFO] ImportTextPane:167 - (OptionalMessage_ERROR) IP (MotorControl) : Invalid parameter (M1_DC_CURRENT_RS_MEAS)
2026-08-04 17:21:29,608 DEBUG [LineInfo_to_exitCode.log_LineInfo] 2026-08-04 17:21:29,608 [INFO] ImportTextPane:167 - (OptionalMessage_ERROR) IP (MotorControl) : Invalid parameter (M1_HIGH_SIDE_IDLE_STATE)
2026-08-04 17:21:29,608 DEBUG [LineInfo_to_exitCode.log_LineInfo] 2026-08-04 17:21:29,608 [INFO] ImportTextPane:167 - (OptionalMessage_ERROR) IP (MotorControl) : Invalid parameter (M1_INT_AMP_OPAMP1_PIN)
2026-08-04 17:21:29,609 DEBUG [LineInfo_to_exitCode.log_LineInfo] 2026-08-04 17:21:29,608 [INFO] ImportTextPane:167 - (OptionalMessage_ERROR) IP (MotorControl) : Invalid parameter (M1_INT_AMP_OPAMP2_PIN)
2026-08-04 17:21:29,609 DEBUG [LineInfo_to_exitCode.log_LineInfo] 2026-08-04 17:21:29,609 [INFO] ImportTextPane:167 - (OptionalMessage_ERROR) IP (MotorControl) : Invalid parameter (M1_INT_AMP_OPAMP3_PIN)
2026-08-04 17:21:29,609 DEBUG [LineInfo_to_exitCode.log_LineInfo] 2026-08-04 17:21:29,609 [INFO] ImportTextPane:167 - (OptionalMessage_ERROR) IP (MotorControl) : Invalid parameter (M1_INT_AMP_OPAMPS)
2026-08-04 17:21:29,609 DEBUG [LineInfo_to_exitCode.log_LineInfo] 2026-08-04 17:21:29,609 [INFO] ImportTextPane:167 - (OptionalMessage_ERROR) IP (MotorControl) : Invalid parameter (M1_LOW_SIDE_IDLE_STATE)
2026-08-04 17:21:29,609 DEBUG [LineInfo_to_exitCode.log_LineInfo] 2026-08-04 17:21:29,609 [INFO] ImportTextPane:167 - (OptionalMessage_ERROR) IP (MotorControl) : Invalid parameter (M1_OCP_BKIN_FILTER)
2026-08-04 17:21:29,610 DEBUG [LineInfo_to_exitCode.log_LineInfo] 2026-08-04 17:21:29,609 [INFO] ImportTextPane:167 - (OptionalMessage_ERROR) IP (MotorControl) : Invalid parameter (M1_OCP_BKIN_MODE)
2026-08-04 17:21:29,610 DEBUG [LineInfo_to_exitCode.log_LineInfo] 2026-08-04 17:21:29,609 [INFO] ImportTextPane:167 - (OptionalMessage_ERROR) IP (MotorControl) : Invalid parameter (M1_OCP_BKIN_POLARITY)
2026-08-04 17:21:29,610 DEBUG [LineInfo_to_exitCode.log_LineInfo] 2026-08-04 17:21:29,610 [INFO] ImportTextPane:167 - (OptionalMessage_ERROR) IP (MotorControl) : Parameter (M1_PWM_CHARGE_BOOT_CAP_DUTY_CYCLES) has invalid value (0.000)
2026-08-04 17:21:29,611 DEBUG [LineInfo_to_exitCode.log_LineInfo] 2026-08-04 17:21:29,610 [INFO] ImportTextPane:167 - (OptionalMessage_ERROR) IP (MotorControl) : Invalid parameter (M1_PWM_TIMER_BRK_IRQ)
2026-08-04 17:21:29,611 DEBUG [LineInfo_to_exitCode.log_LineInfo] 2026-08-04 17:21:29,611 [INFO] ImportTextPane:167 - (OptionalMessage_ERROR) IP (MotorControl) : Invalid parameter (M1_PWM_TIMER_UP_IRQ)
2026-08-04 17:21:29,611 DEBUG [LineInfo_to_exitCode.log_LineInfo] 2026-08-04 17:21:29,611 [INFO] ImportTextPane:167 - (OptionalMessage_ERROR) IP (MotorControl) : Invalid parameter (M1_SPD_DIFFERENTIAL_TERM_ENABLING)
2026-08-04 17:21:29,612 DEBUG [LineInfo_to_exitCode.log_LineInfo] 2026-08-04 17:21:29,611 [INFO] ImportTextPane:167 - (OptionalMessage_ERROR) IP (MotorControl) : Invalid parameter (MAX_READABLE_CURRENT)
2026-08-04 17:21:29,612 DEBUG [LineInfo_to_exitCode.log_LineInfo] 2026-08-04 17:21:29,612 [INFO] ImportTextPane:167 - (OptionalMessage_ERROR) IP (MotorControl) : Invalid parameter (MC_WORKBENCH_VERSION)
2026-08-04 17:21:29,612 DEBUG [LineInfo_to_exitCode.log_LineInfo] 2026-08-04 17:21:29,612 [INFO] ImportTextPane:167 - (OptionalMessage_ERROR) IP (MotorControl) : Invalid parameter (MCU)
2026-08-04 17:21:29,612 DEBUG [LineInfo_to_exitCode.log_LineInfo] 2026-08-04 17:21:29,612 [INFO] ImportTextPane:167 - (OptionalMessage_ERROR) IP (MotorControl) : Invalid parameter (MCU_FAMILY)
2026-08-04 17:21:29,612 DEBUG [LineInfo_to_exitCode.log_LineInfo] 2026-08-04 17:21:29,612 [INFO] ImportTextPane:167 - (OptionalMessage_ERROR) IP (MotorControl) : Invalid parameter (MCU_LINE)
2026-08-04 17:21:29,613 DEBUG [LineInfo_to_exitCode.log_LineInfo] 2026-08-04 17:21:29,612 [INFO] ImportTextPane:167 - (OptionalMessage_ERROR) IP (MotorControl) : Invalid parameter (MCU_PACKAGE)
2026-08-04 17:21:29,613 DEBUG [LineInfo_to_exitCode.log_LineInfo] 2026-08-04 17:21:29,612 [INFO] ImportTextPane:167 - (OptionalMessage_ERROR) IP (MotorControl) : Invalid parameter (MCU_TYPE)
2026-08-04 17:21:29,613 DEBUG [LineInfo_to_exitCode.log_LineInfo] 2026-08-04 17:21:29,613 [INFO] ImportTextPane:167 - (OptionalMessage_ERROR) IP (MotorControl) : Invalid parameter (MCU_USERNAME)
2026-08-04 17:21:29,613 DEBUG [LineInfo_to_exitCode.log_LineInfo] 2026-08-04 17:21:29,613 [INFO] ImportTextPane:167 - (OptionalMessage_ERROR) IP (MotorControl) : Invalid parameter (MOTOR_TYPE)
2026-08-04 17:21:29,613 DEBUG [LineInfo_to_exitCode.log_LineInfo] 2026-08-04 17:21:29,613 [INFO] ImportTextPane:167 - (OptionalMessage_ERROR) IP (MotorControl) : Invalid parameter (OCP_FILTER)
2026-08-04 17:21:29,613 DEBUG [LineInfo_to_exitCode.log_LineInfo] 2026-08-04 17:21:29,613 [INFO] ImportTextPane:167 - (OptionalMessage_ERROR) IP (MotorControl) : Invalid parameter (OCP_INVERTINGINPUT)
2026-08-04 17:21:29,613 DEBUG [LineInfo_to_exitCode.log_LineInfo] 2026-08-04 17:21:29,613 [INFO] ImportTextPane:167 - (OptionalMessage_ERROR) IP (MotorControl) : Invalid parameter (OCPA_DAC_INTERNAL_PIN)
2026-08-04 17:21:29,614 DEBUG [LineInfo_to_exitCode.log_LineInfo] 2026-08-04 17:21:29,613 [INFO] ImportTextPane:167 - (OptionalMessage_ERROR) IP (MotorControl) : Invalid parameter (OCPA_INVERTINGINPUT)
2026-08-04 17:21:29,614 DEBUG [LineInfo_to_exitCode.log_LineInfo] 2026-08-04 17:21:29,613 [INFO] ImportTextPane:167 - (OptionalMessage_ERROR) IP (MotorControl) : Invalid parameter (OCPA_INVERTINGINPUT_DAC_OUT)
2026-08-04 17:21:29,614 DEBUG [LineInfo_to_exitCode.log_LineInfo] 2026-08-04 17:21:29,613 [INFO] ImportTextPane:167 - (OptionalMessage_ERROR) IP (MotorControl) : Invalid parameter (OCPA_INVERTINGINPUT_GPIO_PIN)
2026-08-04 17:21:29,614 DEBUG [LineInfo_to_exitCode.log_LineInfo] 2026-08-04 17:21:29,613 [INFO] ImportTextPane:167 - (OptionalMessage_ERROR) IP (MotorControl) : Invalid parameter (OCPA_INVERTINGINPUT_GPIO_PORT)
2026-08-04 17:21:29,614 DEBUG [LineInfo_to_exitCode.log_LineInfo] 2026-08-04 17:21:29,613 [INFO] ImportTextPane:167 - (OptionalMessage_ERROR) IP (MotorControl) : Invalid parameter (OCPA_NONINVERTINGINPUT)
2026-08-04 17:21:29,614 DEBUG [LineInfo_to_exitCode.log_LineInfo] 2026-08-04 17:21:29,614 [INFO] ImportTextPane:167 - (OptionalMessage_ERROR) IP (MotorControl) : Invalid parameter (OCPA_NONINVERTINGINPUT_GPIO_PIN)
2026-08-04 17:21:29,614 DEBUG [LineInfo_to_exitCode.log_LineInfo] 2026-08-04 17:21:29,614 [INFO] ImportTextPane:167 - (OptionalMessage_ERROR) IP (MotorControl) : Invalid parameter (OCPA_NONINVERTINGINPUT_GPIO_PORT)
2026-08-04 17:21:29,614 DEBUG [LineInfo_to_exitCode.log_LineInfo] 2026-08-04 17:21:29,614 [INFO] ImportTextPane:167 - (OptionalMessage_ERROR) IP (MotorControl) : Invalid parameter (OCPA_OUTPUT)
2026-08-04 17:21:29,614 DEBUG [LineInfo_to_exitCode.log_LineInfo] 2026-08-04 17:21:29,614 [INFO] ImportTextPane:167 - (OptionalMessage_ERROR) IP (MotorControl) : Invalid parameter (OCPA_OUTPUT_GPIO_PIN)
2026-08-04 17:21:29,615 DEBUG [LineInfo_to_exitCode.log_LineInfo] 2026-08-04 17:21:29,614 [INFO] ImportTextPane:167 - (OptionalMessage_ERROR) IP (MotorControl) : Invalid parameter (OCPA_OUTPUT_GPIO_PORT)
2026-08-04 17:21:29,615 DEBUG [LineInfo_to_exitCode.log_LineInfo] 2026-08-04 17:21:29,614 [INFO] ImportTextPane:167 - (OptionalMessage_ERROR) IP (MotorControl) : Invalid parameter (OCPA_OUTPUT_MODE)
2026-08-04 17:21:29,615 DEBUG [LineInfo_to_exitCode.log_LineInfo] 2026-08-04 17:21:29,614 [INFO] ImportTextPane:167 - (OptionalMessage_ERROR) IP (MotorControl) : Invalid parameter (OCPA_OUTPUTPOL)
2026-08-04 17:21:29,615 DEBUG [LineInfo_to_exitCode.log_LineInfo] 2026-08-04 17:21:29,614 [INFO] ImportTextPane:167 - (OptionalMessage_ERROR) IP (MotorControl) : Invalid parameter (OCPB_DAC_INTERNAL_PIN)
2026-08-04 17:21:29,615 DEBUG [LineInfo_to_exitCode.log_LineInfo] 2026-08-04 17:21:29,614 [INFO] ImportTextPane:167 - (OptionalMessage_ERROR) IP (MotorControl) : Invalid parameter (OCPB_INVERTINGINPUT)
2026-08-04 17:21:29,615 DEBUG [LineInfo_to_exitCode.log_LineInfo] 2026-08-04 17:21:29,615 [INFO] ImportTextPane:167 - (OptionalMessage_ERROR) IP (MotorControl) : Invalid parameter (OCPB_INVERTINGINPUT_DAC_OUT)
2026-08-04 17:21:29,616 DEBUG [LineInfo_to_exitCode.log_LineInfo] 2026-08-04 17:21:29,615 [INFO] ImportTextPane:167 - (OptionalMessage_ERROR) IP (MotorControl) : Invalid parameter (OCPB_INVERTINGINPUT_GPIO_PIN)
2026-08-04 17:21:29,616 DEBUG [LineInfo_to_exitCode.log_LineInfo] 2026-08-04 17:21:29,615 [INFO] ImportTextPane:167 - (OptionalMessage_ERROR) IP (MotorControl) : Invalid parameter (OCPB_INVERTINGINPUT_GPIO_PORT)
2026-08-04 17:21:29,616 DEBUG [LineInfo_to_exitCode.log_LineInfo] 2026-08-04 17:21:29,615 [INFO] ImportTextPane:167 - (OptionalMessage_ERROR) IP (MotorControl) : Invalid parameter (OCPB_NONINVERTINGINPUT)
2026-08-04 17:21:29,616 DEBUG [LineInfo_to_exitCode.log_LineInfo] 2026-08-04 17:21:29,615 [INFO] ImportTextPane:167 - (OptionalMessage_ERROR) IP (MotorControl) : Invalid parameter (OCPB_NONINVERTINGINPUT_GPIO_PIN)
2026-08-04 17:21:29,616 DEBUG [LineInfo_to_exitCode.log_LineInfo] 2026-08-04 17:21:29,615 [INFO] ImportTextPane:167 - (OptionalMessage_ERROR) IP (MotorControl) : Invalid parameter (OCPB_NONINVERTINGINPUT_GPIO_PORT)
2026-08-04 17:21:29,616 DEBUG [LineInfo_to_exitCode.log_LineInfo] 2026-08-04 17:21:29,615 [INFO] ImportTextPane:167 - (OptionalMessage_ERROR) IP (MotorControl) : Invalid parameter (OCPB_OUTPUT)
2026-08-04 17:21:29,616 DEBUG [LineInfo_to_exitCode.log_LineInfo] 2026-08-04 17:21:29,615 [INFO] ImportTextPane:167 - (OptionalMessage_ERROR) IP (MotorControl) : Invalid parameter (OCPB_OUTPUT_GPIO_PIN)
2026-08-04 17:21:29,617 DEBUG [LineInfo_to_exitCode.log_LineInfo] 2026-08-04 17:21:29,616 [INFO] ImportTextPane:167 - (OptionalMessage_ERROR) IP (MotorControl) : Invalid parameter (OCPB_OUTPUT_GPIO_PORT)
2026-08-04 17:21:29,617 DEBUG [LineInfo_to_exitCode.log_LineInfo] 2026-08-04 17:21:29,616 [INFO] ImportTextPane:167 - (OptionalMessage_ERROR) IP (MotorControl) : Invalid parameter (OCPB_OUTPUT_MODE)
2026-08-04 17:21:29,617 DEBUG [LineInfo_to_exitCode.log_LineInfo] 2026-08-04 17:21:29,616 [INFO] ImportTextPane:167 - (OptionalMessage_ERROR) IP (MotorControl) : Invalid parameter (OCPB_OUTPUTPOL)
2026-08-04 17:21:29,617 DEBUG [LineInfo_to_exitCode.log_LineInfo] 2026-08-04 17:21:29,616 [INFO] ImportTextPane:167 - (OptionalMessage_ERROR) IP (MotorControl) : Invalid parameter (OCPC_DAC_INTERNAL_PIN)
2026-08-04 17:21:29,617 DEBUG [LineInfo_to_exitCode.log_LineInfo] 2026-08-04 17:21:29,616 [INFO] ImportTextPane:167 - (OptionalMessage_ERROR) IP (MotorControl) : Invalid parameter (OCPC_INVERTINGINPUT)
2026-08-04 17:21:29,617 DEBUG [LineInfo_to_exitCode.log_LineInfo] 2026-08-04 17:21:29,616 [INFO] ImportTextPane:167 - (OptionalMessage_ERROR) IP (MotorControl) : Invalid parameter (OCPC_INVERTINGINPUT_DAC_OUT)
2026-08-04 17:21:29,617 DEBUG [LineInfo_to_exitCode.log_LineInfo] 2026-08-04 17:21:29,616 [INFO] ImportTextPane:167 - (OptionalMessage_ERROR) IP (MotorControl) : Invalid parameter (OCPC_INVERTINGINPUT_GPIO_PIN)
2026-08-04 17:21:29,617 DEBUG [LineInfo_to_exitCode.log_LineInfo] 2026-08-04 17:21:29,617 [INFO] ImportTextPane:167 - (OptionalMessage_ERROR) IP (MotorControl) : Invalid parameter (OCPC_INVERTINGINPUT_GPIO_PORT)
2026-08-04 17:21:29,619 DEBUG [LineInfo_to_exitCode.log_LineInfo] 2026-08-04 17:21:29,617 [INFO] ImportTextPane:167 - (OptionalMessage_ERROR) IP (MotorControl) : Invalid parameter (OCPC_NONINVERTINGINPUT)
2026-08-04 17:21:29,619 DEBUG [LineInfo_to_exitCode.log_LineInfo] 2026-08-04 17:21:29,617 [INFO] ImportTextPane:167 - (OptionalMessage_ERROR) IP (MotorControl) : Invalid parameter (OCPC_NONINVERTINGINPUT_GPIO_PIN)
2026-08-04 17:21:29,619 DEBUG [LineInfo_to_exitCode.log_LineInfo] 2026-08-04 17:21:29,617 [INFO] ImportTextPane:167 - (OptionalMessage_ERROR) IP (MotorControl) : Invalid parameter (OCPC_NONINVERTINGINPUT_GPIO_PORT)
2026-08-04 17:21:29,619 DEBUG [LineInfo_to_exitCode.log_LineInfo] 2026-08-04 17:21:29,617 [INFO] ImportTextPane:167 - (OptionalMessage_ERROR) IP (MotorControl) : Invalid parameter (OCPC_OUTPUT)
2026-08-04 17:21:29,619 DEBUG [LineInfo_to_exitCode.log_LineInfo] 2026-08-04 17:21:29,617 [INFO] ImportTextPane:167 - (OptionalMessage_ERROR) IP (MotorControl) : Invalid parameter (OCPC_OUTPUT_GPIO_PIN)
2026-08-04 17:21:29,620 DEBUG [LineInfo_to_exitCode.log_LineInfo] 2026-08-04 17:21:29,617 [INFO] ImportTextPane:167 - (OptionalMessage_ERROR) IP (MotorControl) : Invalid parameter (OCPC_OUTPUT_GPIO_PORT)
2026-08-04 17:21:29,620 DEBUG [LineInfo_to_exitCode.log_LineInfo] 2026-08-04 17:21:29,617 [INFO] ImportTextPane:167 - (OptionalMessage_ERROR) IP (MotorControl) : Invalid parameter (OCPC_OUTPUT_MODE)
2026-08-04 17:21:29,620 DEBUG [LineInfo_to_exitCode.log_LineInfo] 2026-08-04 17:21:29,617 [INFO] ImportTextPane:167 - (OptionalMessage_ERROR) IP (MotorControl) : Invalid parameter (OCPC_OUTPUTPOL)
2026-08-04 17:21:29,620 DEBUG [LineInfo_to_exitCode.log_LineInfo] 2026-08-04 17:21:29,617 [INFO] ImportTextPane:167 - (OptionalMessage_ERROR) IP (MotorControl) : Invalid parameter (ON_OVER_VOLTAGE)
2026-08-04 17:21:29,621 DEBUG [LineInfo_to_exitCode.log_LineInfo] 2026-08-04 17:21:29,619 [INFO] ImportTextPane:167 - (OptionalMessage_ERROR) IP (MotorControl) : Invalid parameter (OPAMP_PGAGAIN)
2026-08-04 17:21:29,621 DEBUG [LineInfo_to_exitCode.log_LineInfo] 2026-08-04 17:21:29,619 [INFO] ImportTextPane:167 - (OptionalMessage_ERROR) IP (MotorControl) : Invalid parameter (OPAMP_TYPE_GAIN)
2026-08-04 17:21:29,621 DEBUG [LineInfo_to_exitCode.log_LineInfo] 2026-08-04 17:21:29,619 [INFO] ImportTextPane:167 - (OptionalMessage_ERROR) IP (MotorControl) : Invalid parameter (OPAMP1_INVERTINGINPUT)
2026-08-04 17:21:29,621 DEBUG [LineInfo_to_exitCode.log_LineInfo] 2026-08-04 17:21:29,619 [INFO] ImportTextPane:167 - (OptionalMessage_ERROR) IP (MotorControl) : Invalid parameter (OPAMP1_INVERTINGINPUT_GPIO_PIN)
2026-08-04 17:21:29,622 DEBUG [LineInfo_to_exitCode.log_LineInfo] 2026-08-04 17:21:29,619 [INFO] ImportTextPane:167 - (OptionalMessage_ERROR) IP (MotorControl) : Invalid parameter (OPAMP1_INVERTINGINPUT_GPIO_PORT)
2026-08-04 17:21:29,622 DEBUG [LineInfo_to_exitCode.log_LineInfo] 2026-08-04 17:21:29,619 [INFO] ImportTextPane:167 - (OptionalMessage_ERROR) IP (MotorControl) : Invalid parameter (OPAMP1_INVERTINGINPUT_MODE)
2026-08-04 17:21:29,622 DEBUG [LineInfo_to_exitCode.log_LineInfo] 2026-08-04 17:21:29,619 [INFO] ImportTextPane:167 - (OptionalMessage_ERROR) IP (MotorControl) : Invalid parameter (OPAMP1_NONINVERTINGINPUT_PHA_GPIO_PIN)
2026-08-04 17:21:29,622 DEBUG [LineInfo_to_exitCode.log_LineInfo] 2026-08-04 17:21:29,619 [INFO] ImportTextPane:167 - (OptionalMessage_ERROR) IP (MotorControl) : Invalid parameter (OPAMP1_NONINVERTINGINPUT_PHA_GPIO_PORT)
2026-08-04 17:21:29,622 DEBUG [LineInfo_to_exitCode.log_LineInfo] 2026-08-04 17:21:29,620 [INFO] ImportTextPane:167 - (OptionalMessage_ERROR) IP (MotorControl) : Invalid parameter (OPAMP1_OUT_GPIO_PIN)
2026-08-04 17:21:29,622 DEBUG [LineInfo_to_exitCode.log_LineInfo] 2026-08-04 17:21:29,620 [INFO] ImportTextPane:167 - (OptionalMessage_ERROR) IP (MotorControl) : Invalid parameter (OPAMP1_OUT_GPIO_PORT)
2026-08-04 17:21:29,623 DEBUG [LineInfo_to_exitCode.log_LineInfo] 2026-08-04 17:21:29,620 [INFO] ImportTextPane:167 - (OptionalMessage_ERROR) IP (MotorControl) : Invalid parameter (OPAMP2_INVERTINGINPUT)
2026-08-04 17:21:29,623 DEBUG [LineInfo_to_exitCode.log_LineInfo] 2026-08-04 17:21:29,620 [INFO] ImportTextPane:167 - (OptionalMessage_ERROR) IP (MotorControl) : Invalid parameter (OPAMP2_INVERTINGINPUT_GPIO_PIN)
2026-08-04 17:21:29,623 DEBUG [LineInfo_to_exitCode.log_LineInfo] 2026-08-04 17:21:29,620 [INFO] ImportTextPane:167 - (OptionalMessage_ERROR) IP (MotorControl) : Invalid parameter (OPAMP2_INVERTINGINPUT_GPIO_PORT)
2026-08-04 17:21:29,623 DEBUG [LineInfo_to_exitCode.log_LineInfo] 2026-08-04 17:21:29,620 [INFO] ImportTextPane:167 - (OptionalMessage_ERROR) IP (MotorControl) : Invalid parameter (OPAMP2_INVERTINGINPUT_MODE)
2026-08-04 17:21:29,623 DEBUG [LineInfo_to_exitCode.log_LineInfo] 2026-08-04 17:21:29,621 [INFO] ImportTextPane:167 - (OptionalMessage_ERROR) IP (MotorControl) : Invalid parameter (OPAMP2_NONINVERTINGINPUT_PHB_GPIO_PIN)
2026-08-04 17:21:29,623 DEBUG [LineInfo_to_exitCode.log_LineInfo] 2026-08-04 17:21:29,621 [INFO] ImportTextPane:167 - (OptionalMessage_ERROR) IP (MotorControl) : Invalid parameter (OPAMP2_NONINVERTINGINPUT_PHB_GPIO_PORT)
2026-08-04 17:21:29,624 DEBUG [LineInfo_to_exitCode.log_LineInfo] 2026-08-04 17:21:29,621 [INFO] ImportTextPane:167 - (OptionalMessage_ERROR) IP (MotorControl) : Invalid parameter (OPAMP2_OUT_GPIO_PIN)
2026-08-04 17:21:29,624 DEBUG [LineInfo_to_exitCode.log_LineInfo] 2026-08-04 17:21:29,621 [INFO] ImportTextPane:167 - (OptionalMessage_ERROR) IP (MotorControl) : Invalid parameter (OPAMP2_OUT_GPIO_PORT)
2026-08-04 17:21:29,624 DEBUG [LineInfo_to_exitCode.log_LineInfo] 2026-08-04 17:21:29,621 [INFO] ImportTextPane:167 - (OptionalMessage_ERROR) IP (MotorControl) : Invalid parameter (OPAMP3_INVERTINGINPUT)
2026-08-04 17:21:29,624 DEBUG [LineInfo_to_exitCode.log_LineInfo] 2026-08-04 17:21:29,621 [INFO] ImportTextPane:167 - (OptionalMessage_ERROR) IP (MotorControl) : Invalid parameter (OPAMP3_INVERTINGINPUT_GPIO_PIN)
2026-08-04 17:21:29,624 DEBUG [LineInfo_to_exitCode.log_LineInfo] 2026-08-04 17:21:29,621 [INFO] ImportTextPane:167 - (OptionalMessage_ERROR) IP (MotorControl) : Invalid parameter (OPAMP3_INVERTINGINPUT_GPIO_PORT)
2026-08-04 17:21:29,624 DEBUG [LineInfo_to_exitCode.log_LineInfo] 2026-08-04 17:21:29,621 [INFO] ImportTextPane:167 - (OptionalMessage_ERROR) IP (MotorControl) : Invalid parameter (OPAMP3_INVERTINGINPUT_MODE)
2026-08-04 17:21:29,624 DEBUG [LineInfo_to_exitCode.log_LineInfo] 2026-08-04 17:21:29,622 [INFO] ImportTextPane:167 - (OptionalMessage_ERROR) IP (MotorControl) : Invalid parameter (OPAMP3_NONINVERTINGINPUT_PHC)
2026-08-04 17:21:29,624 DEBUG [LineInfo_to_exitCode.log_LineInfo] 2026-08-04 17:21:29,622 [INFO] ImportTextPane:167 - (OptionalMessage_ERROR) IP (MotorControl) : Invalid parameter (OPAMP3_NONINVERTINGINPUT_PHC_GPIO_PIN)
2026-08-04 17:21:29,624 DEBUG [LineInfo_to_exitCode.log_LineInfo] 2026-08-04 17:21:29,622 [INFO] ImportTextPane:167 - (OptionalMessage_ERROR) IP (MotorControl) : Invalid parameter (OPAMP3_NONINVERTINGINPUT_PHC_GPIO_PORT)
2026-08-04 17:21:29,624 DEBUG [LineInfo_to_exitCode.log_LineInfo] 2026-08-04 17:21:29,622 [INFO] ImportTextPane:167 - (OptionalMessage_ERROR) IP (MotorControl) : Invalid parameter (OPAMP3_OUT_GPIO_PIN)
2026-08-04 17:21:29,625 DEBUG [LineInfo_to_exitCode.log_LineInfo] 2026-08-04 17:21:29,622 [INFO] ImportTextPane:167 - (OptionalMessage_ERROR) IP (MotorControl) : Invalid parameter (OPAMP3_OUT_GPIO_PORT)
2026-08-04 17:21:29,625 DEBUG [LineInfo_to_exitCode.log_LineInfo] 2026-08-04 17:21:29,622 [INFO] ImportTextPane:167 - (OptionalMessage_ERROR) IP (MotorControl) : Invalid parameter (OPAMP3_SELECTION)
2026-08-04 17:21:29,625 DEBUG [LineInfo_to_exitCode.log_LineInfo] 2026-08-04 17:21:29,622 [INFO] ImportTextPane:167 - (OptionalMessage_ERROR) IP (MotorControl) : Invalid parameter (OV_TEMPERATURE_PROT_ENABLING)
2026-08-04 17:21:29,625 DEBUG [LineInfo_to_exitCode.log_LineInfo] 2026-08-04 17:21:29,622 [INFO] ImportTextPane:167 - (OptionalMessage_ERROR) IP (MotorControl) : Invalid parameter (OV_VOLTAGE_PROT_ENABLING)
2026-08-04 17:21:29,625 DEBUG [LineInfo_to_exitCode.log_LineInfo] 2026-08-04 17:21:29,623 [INFO] ImportTextPane:167 - (OptionalMessage_ERROR) IP (MotorControl) : Invalid parameter (PHASE_U_CURR_ADC)
2026-08-04 17:21:29,625 DEBUG [LineInfo_to_exitCode.log_LineInfo] 2026-08-04 17:21:29,623 [INFO] ImportTextPane:167 - (OptionalMessage_ERROR) IP (MotorControl) : Invalid parameter (PHASE_U_GPIO_PIN)
2026-08-04 17:21:29,625 DEBUG [LineInfo_to_exitCode.log_LineInfo] 2026-08-04 17:21:29,623 [INFO] ImportTextPane:167 - (OptionalMessage_ERROR) IP (MotorControl) : Invalid parameter (PHASE_U_GPIO_PORT)
2026-08-04 17:21:29,626 DEBUG [LineInfo_to_exitCode.log_LineInfo] 2026-08-04 17:21:29,623 [INFO] ImportTextPane:167 - (OptionalMessage_ERROR) IP (MotorControl) : Invalid parameter (PHASE_U_PWM_CHANNEL)
2026-08-04 17:21:29,626 DEBUG [LineInfo_to_exitCode.log_LineInfo] 2026-08-04 17:21:29,623 [INFO] ImportTextPane:167 - (OptionalMessage_ERROR) IP (MotorControl) : Invalid parameter (PHASE_UH_GPIO_PIN)
2026-08-04 17:21:29,626 DEBUG [LineInfo_to_exitCode.log_LineInfo] 2026-08-04 17:21:29,623 [INFO] ImportTextPane:167 - (OptionalMessage_ERROR) IP (MotorControl) : Invalid parameter (PHASE_UH_GPIO_PORT)
2026-08-04 17:21:29,626 DEBUG [LineInfo_to_exitCode.log_LineInfo] 2026-08-04 17:21:29,623 [INFO] ImportTextPane:167 - (OptionalMessage_ERROR) IP (MotorControl) : Invalid parameter (PHASE_UL_GPIO_PIN)
2026-08-04 17:21:29,626 DEBUG [LineInfo_to_exitCode.log_LineInfo] 2026-08-04 17:21:29,624 [INFO] ImportTextPane:167 - (OptionalMessage_ERROR) IP (MotorControl) : Invalid parameter (PHASE_UL_GPIO_PORT)
2026-08-04 17:21:29,626 DEBUG [LineInfo_to_exitCode.log_LineInfo] 2026-08-04 17:21:29,624 [INFO] ImportTextPane:167 - (OptionalMessage_ERROR) IP (MotorControl) : Parameter (PHASE_UL_POLARITY) has invalid value (L_ACTIVE_HIGH)
2026-08-04 17:21:29,626 DEBUG [LineInfo_to_exitCode.log_LineInfo] 2026-08-04 17:21:29,624 [INFO] ImportTextPane:167 - (OptionalMessage_ERROR) IP (MotorControl) : Invalid parameter (PHASE_V_CURR_ADC)
2026-08-04 17:21:29,627 DEBUG [LineInfo_to_exitCode.log_LineInfo] 2026-08-04 17:21:29,624 [INFO] ImportTextPane:167 - (OptionalMessage_ERROR) IP (MotorControl) : Invalid parameter (PHASE_V_GPIO_PIN)
2026-08-04 17:21:29,627 DEBUG [LineInfo_to_exitCode.log_LineInfo] 2026-08-04 17:21:29,624 [INFO] ImportTextPane:167 - (OptionalMessage_ERROR) IP (MotorControl) : Invalid parameter (PHASE_V_GPIO_PORT)
2026-08-04 17:21:29,627 DEBUG [LineInfo_to_exitCode.log_LineInfo] 2026-08-04 17:21:29,624 [INFO] ImportTextPane:167 - (OptionalMessage_ERROR) IP (MotorControl) : Invalid parameter (PHASE_V_PWM_CHANNEL)
2026-08-04 17:21:29,627 DEBUG [LineInfo_to_exitCode.log_LineInfo] 2026-08-04 17:21:29,624 [INFO] ImportTextPane:167 - (OptionalMessage_ERROR) IP (MotorControl) : Invalid parameter (PHASE_VH_GPIO_PIN)
2026-08-04 17:21:29,627 DEBUG [LineInfo_to_exitCode.log_LineInfo] 2026-08-04 17:21:29,624 [INFO] ImportTextPane:167 - (OptionalMessage_ERROR) IP (MotorControl) : Invalid parameter (PHASE_VH_GPIO_PORT)
2026-08-04 17:21:29,627 DEBUG [LineInfo_to_exitCode.log_LineInfo] 2026-08-04 17:21:29,627 [INFO] ImportTextPane:167 - (OptionalMessage_ERROR) IP (MotorControl) : Invalid parameter (PHASE_VL_GPIO_PIN)
2026-08-04 17:21:29,628 DEBUG [LineInfo_to_exitCode.log_LineInfo] 2026-08-04 17:21:29,627 [INFO] ImportTextPane:167 - (OptionalMessage_ERROR) IP (MotorControl) : Invalid parameter (PHASE_VL_GPIO_PORT)
2026-08-04 17:21:29,628 DEBUG [LineInfo_to_exitCode.log_LineInfo] 2026-08-04 17:21:29,628 [INFO] ImportTextPane:167 - (OptionalMessage_ERROR) IP (MotorControl) : Parameter (PHASE_VL_POLARITY) has invalid value (L_ACTIVE_HIGH)
2026-08-04 17:21:29,628 DEBUG [LineInfo_to_exitCode.log_LineInfo] 2026-08-04 17:21:29,628 [INFO] ImportTextPane:167 - (OptionalMessage_ERROR) IP (MotorControl) : Invalid parameter (PHASE_W_CURR_ADC)
2026-08-04 17:21:29,628 DEBUG [LineInfo_to_exitCode.log_LineInfo] 2026-08-04 17:21:29,628 [INFO] ImportTextPane:167 - (OptionalMessage_ERROR) IP (MotorControl) : Invalid parameter (PHASE_W_GPIO_PIN)
2026-08-04 17:21:29,628 DEBUG [LineInfo_to_exitCode.log_LineInfo] 2026-08-04 17:21:29,628 [INFO] ImportTextPane:167 - (OptionalMessage_ERROR) IP (MotorControl) : Invalid parameter (PHASE_W_GPIO_PORT)
2026-08-04 17:21:29,628 DEBUG [LineInfo_to_exitCode.log_LineInfo] 2026-08-04 17:21:29,628 [INFO] ImportTextPane:167 - (OptionalMessage_ERROR) IP (MotorControl) : Invalid parameter (PHASE_W_PWM_CHANNEL)
2026-08-04 17:21:29,628 DEBUG [LineInfo_to_exitCode.log_LineInfo] 2026-08-04 17:21:29,628 [INFO] ImportTextPane:167 - (OptionalMessage_ERROR) IP (MotorControl) : Invalid parameter (PHASE_W_S_CURR_ADC)
2026-08-04 17:21:29,629 DEBUG [LineInfo_to_exitCode.log_LineInfo] 2026-08-04 17:21:29,628 [INFO] ImportTextPane:167 - (OptionalMessage_ERROR) IP (MotorControl) : Invalid parameter (PHASE_W_S_CURR_CHANNEL)
2026-08-04 17:21:29,629 DEBUG [LineInfo_to_exitCode.log_LineInfo] 2026-08-04 17:21:29,628 [INFO] ImportTextPane:167 - (OptionalMessage_ERROR) IP (MotorControl) : Invalid parameter (PHASE_W_S_GPIO_PIN)
2026-08-04 17:21:29,629 DEBUG [LineInfo_to_exitCode.log_LineInfo] 2026-08-04 17:21:29,628 [INFO] ImportTextPane:167 - (OptionalMessage_ERROR) IP (MotorControl) : Invalid parameter (PHASE_W_S_GPIO_PORT)
2026-08-04 17:21:29,629 DEBUG [LineInfo_to_exitCode.log_LineInfo] 2026-08-04 17:21:29,629 [INFO] ImportTextPane:167 - (OptionalMessage_ERROR) IP (MotorControl) : Invalid parameter (PHASE_WH_GPIO_PIN)
2026-08-04 17:21:29,629 DEBUG [LineInfo_to_exitCode.log_LineInfo] 2026-08-04 17:21:29,629 [INFO] ImportTextPane:167 - (OptionalMessage_ERROR) IP (MotorControl) : Invalid parameter (PHASE_WH_GPIO_PORT)
2026-08-04 17:21:29,629 DEBUG [LineInfo_to_exitCode.log_LineInfo] 2026-08-04 17:21:29,629 [INFO] ImportTextPane:167 - (OptionalMessage_ERROR) IP (MotorControl) : Invalid parameter (PHASE_WL_GPIO_PIN)
2026-08-04 17:21:29,629 DEBUG [LineInfo_to_exitCode.log_LineInfo] 2026-08-04 17:21:29,629 [INFO] ImportTextPane:167 - (OptionalMessage_ERROR) IP (MotorControl) : Invalid parameter (PHASE_WL_GPIO_PORT)
2026-08-04 17:21:29,630 DEBUG [LineInfo_to_exitCode.log_LineInfo] 2026-08-04 17:21:29,629 [INFO] ImportTextPane:167 - (OptionalMessage_ERROR) IP (MotorControl) : Parameter (PHASE_WL_POLARITY) has invalid value (L_ACTIVE_HIGH)
2026-08-04 17:21:29,630 DEBUG [LineInfo_to_exitCode.log_LineInfo] 2026-08-04 17:21:29,629 [INFO] ImportTextPane:167 - (OptionalMessage_ERROR) IP (MotorControl) : Invalid parameter (POTENTIOMETER_READING)
2026-08-04 17:21:29,630 DEBUG [LineInfo_to_exitCode.log_LineInfo] 2026-08-04 17:21:29,629 [INFO] ImportTextPane:167 - (OptionalMessage_ERROR) IP (MotorControl) : Invalid parameter (PWM_FREQUENCY)
2026-08-04 17:21:29,630 DEBUG [LineInfo_to_exitCode.log_LineInfo] 2026-08-04 17:21:29,629 [INFO] ImportTextPane:167 - (OptionalMessage_ERROR) IP (MotorControl) : Invalid parameter (PWM_TIMER_SELECTION)
2026-08-04 17:21:29,630 DEBUG [LineInfo_to_exitCode.log_LineInfo] 2026-08-04 17:21:29,630 [INFO] ImportTextPane:167 - (OptionalMessage_ERROR) IP (MotorControl) : Invalid parameter (R_BRAKE_SWITCH_OFF_THRES_V)
2026-08-04 17:21:29,630 DEBUG [LineInfo_to_exitCode.log_LineInfo] 2026-08-04 17:21:29,630 [INFO] ImportTextPane:167 - (OptionalMessage_ERROR) IP (MotorControl) : Invalid parameter (REGULATION_EXECUTION_RATE)
2026-08-04 17:21:29,630 DEBUG [LineInfo_to_exitCode.log_LineInfo] 2026-08-04 17:21:29,630 [INFO] ImportTextPane:167 - (OptionalMessage_ERROR) IP (MotorControl) : Invalid parameter (SINGLEDRIVE)
2026-08-04 17:21:29,630 DEBUG [LineInfo_to_exitCode.log_LineInfo] 2026-08-04 17:21:29,630 [INFO] ImportTextPane:167 - (OptionalMessage_ERROR) IP (MotorControl) : Invalid parameter (SPD_DIFFERENTIAL_TERM_ENABLING)
2026-08-04 17:21:29,630 DEBUG [LineInfo_to_exitCode.log_LineInfo] 2026-08-04 17:21:29,630 [INFO] ImportTextPane:167 - (OptionalMessage_ERROR) IP (MotorControl) : Invalid parameter (SPEED_SENSOR_SELECTION)
2026-08-04 17:21:29,631 DEBUG [LineInfo_to_exitCode.log_LineInfo] 2026-08-04 17:21:29,630 [INFO] ImportTextPane:167 - (OptionalMessage_ERROR) IP (MotorControl) : Invalid parameter (START_STOP_GPIO_IRQ)
2026-08-04 17:21:29,631 DEBUG [LineInfo_to_exitCode.log_LineInfo] 2026-08-04 17:21:29,630 [INFO] ImportTextPane:167 - (OptionalMessage_ERROR) IP (MotorControl) : Invalid parameter (START_STOP_POLARITY)
2026-08-04 17:21:29,631 DEBUG [LineInfo_to_exitCode.log_LineInfo] 2026-08-04 17:21:29,630 [INFO] ImportTextPane:167 - (OptionalMessage_ERROR) IP (MotorControl) : Invalid parameter (START_STOP_POLARITY_EDGE)
2026-08-04 17:21:29,631 DEBUG [LineInfo_to_exitCode.log_LineInfo] 2026-08-04 17:21:29,630 [INFO] ImportTextPane:167 - (OptionalMessage_ERROR) IP (MotorControl) : Invalid parameter (STATE_OBSERVER_PLL)
2026-08-04 17:21:29,631 DEBUG [LineInfo_to_exitCode.log_LineInfo] 2026-08-04 17:21:29,631 [INFO] ImportTextPane:167 - (OptionalMessage_ERROR) IP (MotorControl) : Invalid parameter (STM32G431CB)
2026-08-04 17:21:29,631 DEBUG [LineInfo_to_exitCode.log_LineInfo] 2026-08-04 17:21:29,631 [INFO] ImportTextPane:167 - (OptionalMessage_ERROR) IP (MotorControl) : Invalid parameter (SW_DEADTIME_NS)
2026-08-04 17:21:29,631 DEBUG [LineInfo_to_exitCode.log_LineInfo] 2026-08-04 17:21:29,631 [INFO] ImportTextPane:167 - (OptionalMessage_ERROR) IP (MotorControl) : Invalid parameter (TEMP_ADC_SAMPLING_TIME)
2026-08-04 17:21:29,631 DEBUG [LineInfo_to_exitCode.log_LineInfo] 2026-08-04 17:21:29,631 [INFO] ImportTextPane:167 - (OptionalMessage_ERROR) IP (MotorControl) : Invalid parameter (TEMP_FDBK_ADC)
2026-08-04 17:21:29,631 DEBUG [LineInfo_to_exitCode.log_LineInfo] 2026-08-04 17:21:29,631 [INFO] ImportTextPane:167 - (OptionalMessage_ERROR) IP (MotorControl) : Invalid parameter (TEMP_FDBK_CHANNEL)
2026-08-04 17:21:29,631 DEBUG [LineInfo_to_exitCode.log_LineInfo] 2026-08-04 17:21:29,631 [INFO] ImportTextPane:167 - (OptionalMessage_ERROR) IP (MotorControl) : Invalid parameter (TEMP_FDBK_GPIO_PIN)
2026-08-04 17:21:29,632 DEBUG [LineInfo_to_exitCode.log_LineInfo] 2026-08-04 17:21:29,631 [INFO] ImportTextPane:167 - (OptionalMessage_ERROR) IP (MotorControl) : Invalid parameter (TEMP_FDBK_GPIO_PORT)
2026-08-04 17:21:29,632 DEBUG [LineInfo_to_exitCode.log_LineInfo] 2026-08-04 17:21:29,631 [INFO] ImportTextPane:167 - (OptionalMessage_ERROR) IP (MotorControl) : Invalid parameter (TEMPERATURE_READING)
2026-08-04 17:21:29,632 DEBUG [LineInfo_to_exitCode.log_LineInfo] 2026-08-04 17:21:29,631 [INFO] ImportTextPane:167 - (OptionalMessage_ERROR) IP (MotorControl) : Invalid parameter (TFDIFFERENTIAL_TERM_ENABLING)
2026-08-04 17:21:29,632 DEBUG [LineInfo_to_exitCode.log_LineInfo] 2026-08-04 17:21:29,632 [INFO] ImportTextPane:167 - (OptionalMessage_ERROR) IP (MotorControl) : Invalid parameter (TRISE_NS)
2026-08-04 17:21:29,632 DEBUG [LineInfo_to_exitCode.log_LineInfo] 2026-08-04 17:21:29,632 [INFO] ImportTextPane:167 - (OptionalMessage_ERROR) IP (MotorControl) : Invalid parameter (USART_RX_GPIO_PIN)
2026-08-04 17:21:29,632 DEBUG [LineInfo_to_exitCode.log_LineInfo] 2026-08-04 17:21:29,632 [INFO] ImportTextPane:167 - (OptionalMessage_ERROR) IP (MotorControl) : Invalid parameter (USART_RX_GPIO_PORT)
2026-08-04 17:21:29,632 DEBUG [LineInfo_to_exitCode.log_LineInfo] 2026-08-04 17:21:29,632 [INFO] ImportTextPane:167 - (OptionalMessage_ERROR) IP (MotorControl) : Invalid parameter (USART_SELECTION)
2026-08-04 17:21:29,632 DEBUG [LineInfo_to_exitCode.log_LineInfo] 2026-08-04 17:21:29,632 [INFO] ImportTextPane:167 - (OptionalMessage_ERROR) IP (MotorControl) : Invalid parameter (USART_SPEED)
2026-08-04 17:21:29,632 DEBUG [LineInfo_to_exitCode.log_LineInfo] 2026-08-04 17:21:29,632 [INFO] ImportTextPane:167 - (OptionalMessage_ERROR) IP (MotorControl) : Invalid parameter (USART_TX_GPIO_PIN)
2026-08-04 17:21:29,632 DEBUG [LineInfo_to_exitCode.log_LineInfo] 2026-08-04 17:21:29,632 [INFO] ImportTextPane:167 - (OptionalMessage_ERROR) IP (MotorControl) : Invalid parameter (USART_TX_GPIO_PORT)
2026-08-04 17:21:29,633 DEBUG [LineInfo_to_exitCode.log_LineInfo] 2026-08-04 17:21:29,632 [INFO] ImportTextPane:167 - (OptionalMessage_ERROR) IP (MotorControl) : Invalid parameter (USE_3OPAMPS)
2026-08-04 17:21:29,633 DEBUG [LineInfo_to_exitCode.log_LineInfo] 2026-08-04 17:21:29,632 [INFO] ImportTextPane:167 - (OptionalMessage_ERROR) IP (MotorControl) : Invalid parameter (USE_INTERNAL_OPAMP)
2026-08-04 17:21:29,633 DEBUG [LineInfo_to_exitCode.log_LineInfo] 2026-08-04 17:21:29,633 [INFO] ImportTextPane:167 - (OptionalMessage_ERROR) IP (MotorControl) : Invalid parameter (UV_VOLTAGE_PROT_ENABLING)
2026-08-04 17:21:29,633 DEBUG [LineInfo_to_exitCode.log_LineInfo] 2026-08-04 17:21:29,633 [INFO] ImportTextPane:167 - (OptionalMessage_ERROR) IP (MotorControl) : Invalid parameter (VBUS_ADC)
2026-08-04 17:21:29,633 DEBUG [LineInfo_to_exitCode.log_LineInfo] 2026-08-04 17:21:29,633 [INFO] ImportTextPane:167 - (OptionalMessage_ERROR) IP (MotorControl) : Invalid parameter (VBUS_ADC_SAMPLING_TIME)
2026-08-04 17:21:29,633 DEBUG [LineInfo_to_exitCode.log_LineInfo] 2026-08-04 17:21:29,633 [INFO] ImportTextPane:167 - (OptionalMessage_ERROR) IP (MotorControl) : Invalid parameter (VBUS_CHANNEL)
2026-08-04 17:21:29,633 DEBUG [LineInfo_to_exitCode.log_LineInfo] 2026-08-04 17:21:29,633 [INFO] ImportTextPane:167 - (OptionalMessage_ERROR) IP (MotorControl) : Invalid parameter (VBUS_GPIO_PIN)
2026-08-04 17:21:29,634 DEBUG [LineInfo_to_exitCode.log_LineInfo] 2026-08-04 17:21:29,633 [INFO] ImportTextPane:167 - (OptionalMessage_ERROR) IP (MotorControl) : Invalid parameter (VBUS_GPIO_PORT)
2026-08-04 17:21:29,634 DEBUG [LineInfo_to_exitCode.log_LineInfo] 2026-08-04 17:21:29,633 [INFO] ImportTextPane:167 - (OptionalMessage_ERROR) IP (MotorControl) : Invalid parameter (WB_MX_HEAPSIZE)
2026-08-04 17:21:29,634 DEBUG [LineInfo_to_exitCode.log_LineInfo] 2026-08-04 17:21:29,633 [INFO] ImportTextPane:167 - (OptionalMessage_ERROR) IP (MotorControl) : Invalid parameter (WB_MX_STACKSIZE)
2026-08-04 17:21:29,634 DEBUG [LineInfo_to_exitCode.log_LineInfo] 2026-08-04 17:21:29,634 [INFO] ImportTextPane:167 - (OptionalMessage_ERROR) IP (MotorControl) : Invalid parameter (WB_MX_TRUSTZONE_AVAILABLE)
2026-08-04 17:21:29,634 DEBUG [LineInfo_to_exitCode.log_LineInfo] 2026-08-04 17:21:29,634 [INFO] ImportTextPane:167 - (OptionalMessage_ERROR) IP (MotorControl) : Invalid parameter (WB_to_Mx_template_version)
2026-08-04 17:21:29,634 DEBUG [LineInfo_to_exitCode.log_LineInfo] 2026-08-04 17:21:29,634 [INFO] ImportTextPane:167 - (OptionalMessage_ERROR) IP (MotorControl) : Invalid parameter (WB_to_Mx_version)
2026-08-04 17:21:29,634 DEBUG [LineInfo_to_exitCode.log_LineInfo] 2026-08-04 17:21:29,634 [INFO] ImportTextPane:167 - (OptionalMessage_ERROR) IP (MotorControl) : Invalid parameter (WB_UI_CUTOFF_FREQUENCY)
2026-08-04 17:21:29,634 DEBUG [LineInfo_to_exitCode.log_LineInfo] 2026-08-04 17:21:29,634 [INFO] ImportTextPane:167 - (OptionalMessage_ERROR) IP (MotorControl) : Invalid parameter (WB_UI_ENCODER_HAS_INDEX_PIN)
2026-08-04 17:21:29,635 DEBUG [LineInfo_to_exitCode.log_LineInfo] 2026-08-04 17:21:29,634 [INFO] ImportTextPane:167 - (OptionalMessage_ERROR) IP (MotorControl) : Invalid parameter (WB_UI_FLUX_TARGET)
2026-08-04 17:21:29,635 DEBUG [LineInfo_to_exitCode.log_LineInfo] 2026-08-04 17:21:29,635 [INFO] ImportTextPane:167 - (OptionalMessage_ERROR) IP (MotorControl) : Invalid parameter (WB_UI_FRICTION)
2026-08-04 17:21:29,636 DEBUG [LineInfo_to_exitCode.log_LineInfo] 2026-08-04 17:21:29,636 [INFO] ImportTextPane:167 - (OptionalMessage_ERROR) IP (MotorControl) : Invalid parameter (WB_UI_GAIN)
2026-08-04 17:21:29,636 DEBUG [LineInfo_to_exitCode.log_LineInfo] 2026-08-04 17:21:29,636 [INFO] ImportTextPane:167 - (OptionalMessage_ERROR) IP (MotorControl) : Invalid parameter (WB_UI_GAINLIST)
2026-08-04 17:21:29,636 DEBUG [LineInfo_to_exitCode.log_LineInfo] 2026-08-04 17:21:29,636 [INFO] ImportTextPane:167 - (OptionalMessage_ERROR) IP (MotorControl) : Invalid parameter (WB_UI_GON)
2026-08-04 17:21:29,636 DEBUG [LineInfo_to_exitCode.log_LineInfo] 2026-08-04 17:21:29,636 [INFO] ImportTextPane:167 - (OptionalMessage_ERROR) IP (MotorControl) : Invalid parameter (WB_UI_GOP)
2026-08-04 17:21:29,636 DEBUG [LineInfo_to_exitCode.log_LineInfo] 2026-08-04 17:21:29,636 [INFO] ImportTextPane:167 - (OptionalMessage_ERROR) IP (MotorControl) : Invalid parameter (WB_UI_INERTIA)
2026-08-04 17:21:29,636 DEBUG [LineInfo_to_exitCode.log_LineInfo] 2026-08-04 17:21:29,636 [INFO] ImportTextPane:167 - (OptionalMessage_ERROR) IP (MotorControl) : Invalid parameter (WB_UI_MAGNETIC_STRUCTURE)
2026-08-04 17:21:29,636 DEBUG [LineInfo_to_exitCode.log_LineInfo] 2026-08-04 17:21:29,636 [INFO] ImportTextPane:167 - (OptionalMessage_ERROR) IP (MotorControl) : Invalid parameter (WB_UI_MAX_CURRENT)
2026-08-04 17:21:29,638 DEBUG [LineInfo_to_exitCode.log_LineInfo] 2026-08-04 17:21:29,636 [INFO] ImportTextPane:167 - (OptionalMessage_ERROR) IP (MotorControl) : Invalid parameter (WB_UI_MAX_NOMINAL_DC_VOLTAGE)
2026-08-04 17:21:29,638 DEBUG [LineInfo_to_exitCode.log_LineInfo] 2026-08-04 17:21:29,636 [INFO] ImportTextPane:167 - (OptionalMessage_ERROR) IP (MotorControl) : Invalid parameter (WB_UI_MAX_PWMFREQUENCY)
2026-08-04 17:21:29,638 DEBUG [LineInfo_to_exitCode.log_LineInfo] 2026-08-04 17:21:29,636 [INFO] ImportTextPane:167 - (OptionalMessage_ERROR) IP (MotorControl) : Invalid parameter (WB_UI_MOTOR_DESCRIPTION)
2026-08-04 17:21:29,638 DEBUG [LineInfo_to_exitCode.log_LineInfo] 2026-08-04 17:21:29,638 [INFO] ImportTextPane:167 - (OptionalMessage_ERROR) IP (MotorControl) : Invalid parameter (WB_UI_OCP_THRESHOLD)
2026-08-04 17:21:29,638 DEBUG [LineInfo_to_exitCode.log_LineInfo] 2026-08-04 17:21:29,638 [INFO] ImportTextPane:167 - (OptionalMessage_ERROR) IP (MotorControl) : Invalid parameter (WB_UI_PW_BOARD_MAX_RATED_CURRENT)
2026-08-04 17:21:29,638 DEBUG [LineInfo_to_exitCode.log_LineInfo] 2026-08-04 17:21:29,638 [INFO] ImportTextPane:167 - (OptionalMessage_ERROR) IP (MotorControl) : Invalid parameter (WB_UI_PW_BOARD_MAX_VOLTAGE)
2026-08-04 17:21:29,638 DEBUG [LineInfo_to_exitCode.log_LineInfo] 2026-08-04 17:21:29,638 [INFO] ImportTextPane:167 - (OptionalMessage_ERROR) IP (MotorControl) : Invalid parameter (WB_UI_PW_BOARD_MIN_VOLTAGE)
2026-08-04 17:21:29,638 DEBUG [LineInfo_to_exitCode.log_LineInfo] 2026-08-04 17:21:29,638 [INFO] ImportTextPane:167 - (OptionalMessage_ERROR) IP (MotorControl) : Invalid parameter (WB_UI_VPOL)
2026-08-04 17:21:29,638 DEBUG [LineInfo_to_exitCode.log_LineInfo] 2026-08-04 17:21:29,638 [INFO] ImportTextPane:167 - (OptionalMessage_ERROR) IP (MotorControl) : Invalid parameter (WB_UI_VPOL_K)
2026-08-04 17:21:29,647 DEBUG [LineInfo_to_exitCode.log_LineInfo] 2026-08-04 17:21:29,647 [INFO] ImportTextPane:167 - (OptionalMessage_ERROR) IP (RCC) : Invalid parameter (FamilyName)
2026-08-04 17:21:29,648 DEBUG [LineInfo_to_exitCode.log_LineInfo] 2026-08-04 17:21:29,648 [INFO] ImportTextPane:167 - (OptionalMessage_ERROR) IP (RCC) : Parameter (RNGFreq_Value) has invalid value (170000000)
2026-08-04 17:21:29,648 DEBUG [LineInfo_to_exitCode.log_LineInfo] 2026-08-04 17:21:29,648 [INFO] ImportTextPane:167 - (OptionalMessage_ERROR) IP (RCC) : Parameter (USBFreq_Value) has invalid value (170000000)
2026-08-04 17:21:29,686 DEBUG [LineInfo_to_exitCode.log_LineInfo] 2026-08-04 17:21:29,686 [INFO] ImportTextPane:167 - (OptionalMessage_ERROR) IP (TIM1) : Parameter (TIM_SlaveMode) has invalid value (TIM_SLAVEMODE_TRIGGER)
2026-08-04 17:21:29,696 DEBUG [LineInfo_to_exitCode.log_LineInfo] 2026-08-04 17:21:29,695 [INFO] ImportTextPane:167 - (OptionalMessage_ERROR) IP (TIM1) : Parameter (SourceBRKDigInputPolarity) has invalid value (TIM_BREAKINPUTSOURCE_POLARITY_HIGH)
2026-08-04 17:21:29,696 DEBUG [LineInfo_to_exitCode.log_LineInfo] 2026-08-04 17:21:29,696 [INFO] ImportTextPane:167 - (OptionalMessage_ERROR) IP (TIM1) : Parameter (SourceBRK2DigInputPolarity) has invalid value (TIM_BREAKINPUTSOURCE_POLARITY_LOW)
2026-08-04 17:21:30,036 DEBUG [LineInfo_to_exitCode.log_LineInfo] 2026-08-04 17:21:30,035 [INFO] UtilMem:74 - End LoadConfig() Used Memory: 246766080 Bytes (834666496)
2026-08-04 17:21:30,037 DEBUG [LineInfo_to_exitCode.log_LineInfo] 2026-08-04 17:21:30,036 [INFO] DbMcusXml:100 - Load MCU database from C:\Program Files\STMicroelectronics\STM32Cube\STM32CubeMX\\db\/mcu/families.xml
2026-08-04 17:21:30,614 DEBUG [LineInfo_to_exitCode.log_LineInfo] 2026-08-04 17:21:30,613 [INFO] DbMcusJson:93 - JSON generation date=Wed Nov 17 01:17:54 KST 2021 (1637079474)
2026-08-04 17:21:31,247 DEBUG [LineInfo_to_exitCode.log_LineInfo] 2026-08-04 17:21:31,246 [INFO] DbMcus:175 - Found 1951 MCUs (1903 are supported by CubeMX, 1914 are visible in CubeMX)
2026-08-04 17:21:31,247 DEBUG [LineInfo_to_exitCode.log_LineInfo] 2026-08-04 17:21:31,247 [INFO] ApiDb:242 - User favorites file not found: C:\Users\wshan/.stm32cubemx/favorites.mcus.txt
2026-08-04 17:21:31,247 DEBUG [LineInfo_to_exitCode.log_LineInfo] 2026-08-04 17:21:31,247 [INFO] DbMcus:187 - Set 0 / 0 favorites MCUs
2026-08-04 17:21:31,251 DEBUG [LineInfo_to_exitCode.log_LineInfo] 2026-08-04 17:21:31,251 [INFO] ThirdParty:781 - entering critical section [change project]
2026-08-04 17:21:31,252 DEBUG [LineInfo_to_exitCode.log_LineInfo] 2026-08-04 17:21:31,251 [INFO] ThirdParty:967 - CMSIS Pack Vendor :STMicroelectronics X-CUBE-AZRTOS-H7 3.5.0
2026-08-04 17:21:31,252 DEBUG [LineInfo_to_exitCode.log_LineInfo] 2026-08-04 17:21:31,251 [INFO] ThirdParty:967 - CMSIS Pack Vendor :STMicroelectronics X-CUBE-PM33A1 1.0.0
2026-08-04 17:21:31,252 DEBUG [LineInfo_to_exitCode.log_LineInfo] 2026-08-04 17:21:31,251 [INFO] ThirdParty:967 - CMSIS Pack Vendor :STMicroelectronics X-CUBE-NFC9 1.0.0
2026-08-04 17:21:31,252 DEBUG [LineInfo_to_exitCode.log_LineInfo] 2026-08-04 17:21:31,251 [INFO] ThirdParty:967 - CMSIS Pack Vendor :STMicroelectronics USB_HOST 2.0.0
2026-08-04 17:21:31,252 DEBUG [LineInfo_to_exitCode.log_LineInfo] 2026-08-04 17:21:31,252 [INFO] ThirdParty:967 - CMSIS Pack Vendor :STMicroelectronics FP-ATR-ASTRA1 2.0.3
2026-08-04 17:21:31,252 DEBUG [LineInfo_to_exitCode.log_LineInfo] 2026-08-04 17:21:31,252 [INFO] ThirdParty:967 - CMSIS Pack Vendor :STMicroelectronics X-CUBE-AZRTOS-F4 1.1.0
2026-08-04 17:21:31,252 DEBUG [LineInfo_to_exitCode.log_LineInfo] 2026-08-04 17:21:31,252 [INFO] ThirdParty:967 - CMSIS Pack Vendor :STMicroelectronics FP-ATR-ASTRA1 2.0.2
2026-08-04 17:21:31,252 DEBUG [LineInfo_to_exitCode.log_LineInfo] 2026-08-04 17:21:31,252 [INFO] ThirdParty:967 - CMSIS Pack Vendor :STMicroelectronics X-CUBE-BLE1 7.1.0
2026-08-04 17:21:31,253 DEBUG [LineInfo_to_exitCode.log_LineInfo] 2026-08-04 17:21:31,252 [INFO] ThirdParty:967 - CMSIS Pack Vendor :wolfSSL I-CUBE-wolfMQTT 1.19.2
2026-08-04 17:21:31,253 DEBUG [LineInfo_to_exitCode.log_LineInfo] 2026-08-04 17:21:31,252 [INFO] ThirdParty:967 - CMSIS Pack Vendor :STMicroelectronics USB_DEVICE 3.0.0
2026-08-04 17:21:31,253 DEBUG [LineInfo_to_exitCode.log_LineInfo] 2026-08-04 17:21:31,252 [INFO] ThirdParty:967 - CMSIS Pack Vendor :STMicroelectronics X-CUBE-ISPU 2.1.0
2026-08-04 17:21:31,253 DEBUG [LineInfo_to_exitCode.log_LineInfo] 2026-08-04 17:21:31,252 [INFO] ThirdParty:967 - CMSIS Pack Vendor :STMicroelectronics X-CUBE-EEPRMA1 5.2.0
2026-08-04 17:21:31,253 DEBUG [LineInfo_to_exitCode.log_LineInfo] 2026-08-04 17:21:31,252 [INFO] ThirdParty:967 - CMSIS Pack Vendor :STMicroelectronics X-CUBE-AZRTOS-WB 2.0.0
2026-08-04 17:21:31,253 DEBUG [LineInfo_to_exitCode.log_LineInfo] 2026-08-04 17:21:31,252 [INFO] ThirdParty:967 - CMSIS Pack Vendor :STMicroelectronics X-CUBE-NFC12 1.0.0
2026-08-04 17:21:31,254 DEBUG [LineInfo_to_exitCode.log_LineInfo] 2026-08-04 17:21:31,252 [INFO] ThirdParty:967 - CMSIS Pack Vendor :STMicroelectronics X-CUBE-AZRTOS-F7 1.1.0
2026-08-04 17:21:31,254 DEBUG [LineInfo_to_exitCode.log_LineInfo] 2026-08-04 17:21:31,252 [INFO] ThirdParty:967 - CMSIS Pack Vendor :STMicroelectronics X-CUBE-AZRTOS-L5 2.0.0
2026-08-04 17:21:31,254 DEBUG [LineInfo_to_exitCode.log_LineInfo] 2026-08-04 17:21:31,252 [INFO] ThirdParty:967 - CMSIS Pack Vendor :STMicroelectronics USB_DEVICE 2.0.0
2026-08-04 17:21:31,254 DEBUG [LineInfo_to_exitCode.log_LineInfo] 2026-08-04 17:21:31,252 [INFO] ThirdParty:967 - CMSIS Pack Vendor :STMicroelectronics X-CUBE-STSE01 2.0.0
2026-08-04 17:21:31,254 DEBUG [LineInfo_to_exitCode.log_LineInfo] 2026-08-04 17:21:31,252 [INFO] ThirdParty:967 - CMSIS Pack Vendor :STMicroelectronics X-CUBE-ALGOBUILD 1.5.0
2026-08-04 17:21:31,254 DEBUG [LineInfo_to_exitCode.log_LineInfo] 2026-08-04 17:21:31,252 [INFO] ThirdParty:967 - CMSIS Pack Vendor :STMicroelectronics FreeRTOS 0.0.1
2026-08-04 17:21:31,254 DEBUG [LineInfo_to_exitCode.log_LineInfo] 2026-08-04 17:21:31,252 [INFO] ThirdParty:967 - CMSIS Pack Vendor :STMicroelectronics X-CUBE-AZRTOS-H7RS 1.3.0
2026-08-04 17:21:31,255 DEBUG [LineInfo_to_exitCode.log_LineInfo] 2026-08-04 17:21:31,252 [INFO] ThirdParty:967 - CMSIS Pack Vendor :STMicroelectronics X-CUBE-AZRTOS-G0 1.1.0
2026-08-04 17:21:31,255 DEBUG [LineInfo_to_exitCode.log_LineInfo] 2026-08-04 17:21:31,253 [INFO] ThirdParty:967 - CMSIS Pack Vendor :STMicroelectronics X-CUBE-NFC4 3.0.0
2026-08-04 17:21:31,255 DEBUG [LineInfo_to_exitCode.log_LineInfo] 2026-08-04 17:21:31,253 [INFO] ThirdParty:967 - CMSIS Pack Vendor :STMicroelectronics X-CUBE-SUBG2 5.0.0
2026-08-04 17:21:31,255 DEBUG [LineInfo_to_exitCode.log_LineInfo] 2026-08-04 17:21:31,253 [INFO] ThirdParty:967 - CMSIS Pack Vendor :STMicroelectronics lwIP 2.0.3
2026-08-04 17:21:31,255 DEBUG [LineInfo_to_exitCode.log_LineInfo] 2026-08-04 17:21:31,253 [INFO] ThirdParty:967 - CMSIS Pack Vendor :STMicroelectronics X-CUBE-MEMS1 13.0.0
2026-08-04 17:21:31,255 DEBUG [LineInfo_to_exitCode.log_LineInfo] 2026-08-04 17:21:31,253 [INFO] ThirdParty:967 - CMSIS Pack Vendor :STMicroelectronics USB_HOST 1.0.0
2026-08-04 17:21:31,255 DEBUG [LineInfo_to_exitCode.log_LineInfo] 2026-08-04 17:21:31,253 [INFO] ThirdParty:967 - CMSIS Pack Vendor :STMicroelectronics X-CUBE-AZRTOS-G4 2.0.0
2026-08-04 17:21:31,256 DEBUG [LineInfo_to_exitCode.log_LineInfo] 2026-08-04 17:21:31,253 [INFO] ThirdParty:967 - CMSIS Pack Vendor :STMicroelectronics PDM2PCM 3.1.0
2026-08-04 17:21:31,256 DEBUG [LineInfo_to_exitCode.log_LineInfo] 2026-08-04 17:21:31,253 [INFO] ThirdParty:967 - CMSIS Pack Vendor :STMicroelectronics PDM2PCM 3.3.0
2026-08-04 17:21:31,256 DEBUG [LineInfo_to_exitCode.log_LineInfo] 2026-08-04 17:21:31,253 [INFO] ThirdParty:967 - CMSIS Pack Vendor :wolfSSL I-CUBE-wolfTPM 3.8.0
2026-08-04 17:21:31,256 DEBUG [LineInfo_to_exitCode.log_LineInfo] 2026-08-04 17:21:31,253 [INFO] ThirdParty:967 - CMSIS Pack Vendor :wolfSSL I-CUBE-wolfSSH 1.4.20
2026-08-04 17:21:31,256 DEBUG [LineInfo_to_exitCode.log_LineInfo] 2026-08-04 17:21:31,253 [INFO] ThirdParty:967 - CMSIS Pack Vendor :STMicroelectronics X-CUBE-NFC7 2.0.0
2026-08-04 17:21:31,256 DEBUG [LineInfo_to_exitCode.log_LineInfo] 2026-08-04 17:21:31,253 [INFO] ThirdParty:967 - CMSIS Pack Vendor :STMicroelectronics X-CUBE-GNSS1 7.1.1
2026-08-04 17:21:31,256 DEBUG [LineInfo_to_exitCode.log_LineInfo] 2026-08-04 17:21:31,253 [INFO] ThirdParty:967 - CMSIS Pack Vendor :wolfSSL I-CUBE-wolfSSL 5.9.1
2026-08-04 17:21:31,257 DEBUG [LineInfo_to_exitCode.log_LineInfo] 2026-08-04 17:21:31,254 [INFO] ThirdParty:967 - CMSIS Pack Vendor :STMicroelectronics FP-ATR-SIGFOX1 3.2.0
2026-08-04 17:21:31,257 DEBUG [LineInfo_to_exitCode.log_LineInfo] 2026-08-04 17:21:31,254 [INFO] ThirdParty:967 - CMSIS Pack Vendor :STMicroelectronics X-CUBE-NFC10 1.0.0
2026-08-04 17:21:31,257 DEBUG [LineInfo_to_exitCode.log_LineInfo] 2026-08-04 17:21:31,254 [INFO] ThirdParty:967 - CMSIS Pack Vendor :STMicroelectronics HAL Drivers 0.0.0
2026-08-04 17:21:31,257 DEBUG [LineInfo_to_exitCode.log_LineInfo] 2026-08-04 17:21:31,254 [INFO] ThirdParty:967 - CMSIS Pack Vendor :STMicroelectronics MBEDTLS 2.16.2
2026-08-04 17:21:31,257 DEBUG [LineInfo_to_exitCode.log_LineInfo] 2026-08-04 17:21:31,254 [INFO] ThirdParty:967 - CMSIS Pack Vendor :STMicroelectronics MBEDTLS 2.14.1
2026-08-04 17:21:31,257 DEBUG [LineInfo_to_exitCode.log_LineInfo] 2026-08-04 17:21:31,254 [INFO] ThirdParty:967 - CMSIS Pack Vendor :STMicroelectronics X-CUBE-TOUCHGFX 4.26.1
2026-08-04 17:21:31,257 DEBUG [LineInfo_to_exitCode.log_LineInfo] 2026-08-04 17:21:31,254 [INFO] ThirdParty:967 - CMSIS Pack Vendor :STMicroelectronics X-CUBE-NFC6 3.2.0
2026-08-04 17:21:31,257 DEBUG [LineInfo_to_exitCode.log_LineInfo] 2026-08-04 17:21:31,254 [INFO] ThirdParty:967 - CMSIS Pack Vendor :STMicroelectronics X-CUBE-AI 10.2.1
2026-08-04 17:21:31,259 DEBUG [LineInfo_to_exitCode.log_LineInfo] 2026-08-04 17:21:31,254 [INFO] ThirdParty:967 - CMSIS Pack Vendor :STMicroelectronics X-CUBE-MEMS1 12.1.0
2026-08-04 17:21:31,259 DEBUG [LineInfo_to_exitCode.log_LineInfo] 2026-08-04 17:21:31,255 [INFO] ThirdParty:967 - CMSIS Pack Vendor :STMicroelectronics X-CUBE-AZRTOS-WL 2.0.0
2026-08-04 17:21:31,259 DEBUG [LineInfo_to_exitCode.log_LineInfo] 2026-08-04 17:21:31,255 [INFO] ThirdParty:967 - CMSIS Pack Vendor :SEGGER I-CUBE-embOS 1.3.1
2026-08-04 17:21:31,259 DEBUG [LineInfo_to_exitCode.log_LineInfo] 2026-08-04 17:21:31,255 [INFO] ThirdParty:967 - CMSIS Pack Vendor :STMicroelectronics USB_DEVICE 1.0.0
2026-08-04 17:21:31,259 DEBUG [LineInfo_to_exitCode.log_LineInfo] 2026-08-04 17:21:31,255 [INFO] ThirdParty:967 - CMSIS Pack Vendor :STMicroelectronics X-CUBE-AZRTOS-L4 2.0.0
2026-08-04 17:21:31,259 DEBUG [LineInfo_to_exitCode.log_LineInfo] 2026-08-04 17:21:31,255 [INFO] ThirdParty:967 - CMSIS Pack Vendor :STMicroelectronics ThreadX 0.0.2
2026-08-04 17:21:31,260 DEBUG [LineInfo_to_exitCode.log_LineInfo] 2026-08-04 17:21:31,255 [INFO] ThirdParty:967 - CMSIS Pack Vendor :STMicroelectronics lwIP 2.1.2
2026-08-04 17:21:31,260 DEBUG [LineInfo_to_exitCode.log_LineInfo] 2026-08-04 17:21:31,255 [INFO] ThirdParty:967 - CMSIS Pack Vendor :STMicroelectronics X-CUBE-SFXS2LP1 4.0.0
2026-08-04 17:21:31,260 DEBUG [LineInfo_to_exitCode.log_LineInfo] 2026-08-04 17:21:31,255 [INFO] ThirdParty:967 - CMSIS Pack Vendor :STMicroelectronics X-CUBE-BLE2 3.3.0
2026-08-04 17:21:31,260 DEBUG [LineInfo_to_exitCode.log_LineInfo] 2026-08-04 17:21:31,255 [INFO] ThirdParty:967 - CMSIS Pack Vendor :STMicroelectronics X-CUBE-NFC13 1.0.0
2026-08-04 17:21:31,260 DEBUG [LineInfo_to_exitCode.log_LineInfo] 2026-08-04 17:21:31,256 [INFO] ThirdParty:967 - CMSIS Pack Vendor :STMicroelectronics PDM2PCM 3.2.0
2026-08-04 17:21:31,260 DEBUG [LineInfo_to_exitCode.log_LineInfo] 2026-08-04 17:21:31,256 [INFO] ThirdParty:967 - CMSIS Pack Vendor :STMicroelectronics X-CUBE-WB05N 2.1.0
2026-08-04 17:21:31,260 DEBUG [LineInfo_to_exitCode.log_LineInfo] 2026-08-04 17:21:31,256 [INFO] ThirdParty:787 - exiting critical section [change project]
2026-08-04 17:21:31,706 DEBUG [LineInfo_to_exitCode.log_LineInfo] 2026-08-04 17:21:31,706 [INFO] PinOutPanel:1463 - setPackage(No Configuration,No Configuration)
2026-08-04 17:21:31,709 DEBUG [LineInfo_to_exitCode.log_LineInfo] 2026-08-04 17:21:31,707 [INFO] PinOutPanel:1463 - setPackage(STM32G431CBUx,UFQFPN48)
2026-08-04 17:21:32,125 DEBUG [LineInfo_to_exitCode.log_LineInfo] 2026-08-04 17:21:32,125 [INFO] UtilMem:74 - Before build in PCC Used Memory: 461373440 Bytes (903872512)
2026-08-04 17:21:32,873 DEBUG [LineInfo_to_exitCode.log_LineInfo] 2026-08-04 17:21:32,873 [INFO] UtilMem:74 - After build in PCC Used Memory: 556795904 Bytes (903872512)
2026-08-04 17:21:32,995 DEBUG [LineInfo_to_exitCode.log_LineInfo] 2026-08-04 17:21:32,995 [INFO] ApiDbMcu:468 - Load IP Config File for MotorControl
2026-08-04 17:21:33,028 DEBUG [LineInfo_to_exitCode.log_LineInfo] 2026-08-04 17:21:33,027 [INFO] IPUIPlugin:74 - create IPUIPlugin
2026-08-04 17:21:33,028 DEBUG [LineInfo_to_exitCode.log_LineInfo] 2026-08-04 17:21:33,028 [INFO] IPUIPlugin:74 - create IPUIPlugin
2026-08-04 17:21:33,028 DEBUG [LineInfo_to_exitCode.log_LineInfo] 2026-08-04 17:21:33,028 [INFO] IPUIPlugin:74 - create IPUIPlugin
2026-08-04 17:21:33,028 DEBUG [LineInfo_to_exitCode.log_LineInfo] 2026-08-04 17:21:33,028 [INFO] IPUIPlugin:74 - create IPUIPlugin
2026-08-04 17:21:33,029 DEBUG [LineInfo_to_exitCode.log_LineInfo] 2026-08-04 17:21:33,028 [INFO] IPUIPlugin:74 - create IPUIPlugin
2026-08-04 17:21:33,029 DEBUG [LineInfo_to_exitCode.log_LineInfo] 2026-08-04 17:21:33,028 [INFO] IPUIPlugin:74 - create IPUIPlugin
2026-08-04 17:21:33,029 DEBUG [LineInfo_to_exitCode.log_LineInfo] 2026-08-04 17:21:33,028 [INFO] IPUIPlugin:74 - create IPUIPlugin
2026-08-04 17:21:33,029 DEBUG [LineInfo_to_exitCode.log_LineInfo] 2026-08-04 17:21:33,029 [INFO] IPUIPlugin:74 - create IPUIPlugin
2026-08-04 17:21:33,029 DEBUG [LineInfo_to_exitCode.log_LineInfo] 2026-08-04 17:21:33,029 [INFO] IPUIPlugin:74 - create IPUIPlugin
2026-08-04 17:21:33,029 DEBUG [LineInfo_to_exitCode.log_LineInfo] 2026-08-04 17:21:33,029 [INFO] IPUIPlugin:74 - create IPUIPlugin
2026-08-04 17:21:33,029 DEBUG [LineInfo_to_exitCode.log_LineInfo] 2026-08-04 17:21:33,029 [INFO] IPUIPlugin:74 - create IPUIPlugin
2026-08-04 17:21:33,030 DEBUG [LineInfo_to_exitCode.log_LineInfo] 2026-08-04 17:21:33,029 [INFO] IPUIPlugin:74 - create IPUIPlugin
2026-08-04 17:21:33,030 DEBUG [LineInfo_to_exitCode.log_LineInfo] 2026-08-04 17:21:33,030 [INFO] IPUIPlugin:74 - create IPUIPlugin
2026-08-04 17:21:33,030 DEBUG [LineInfo_to_exitCode.log_LineInfo] 2026-08-04 17:21:33,030 [INFO] IPUIPlugin:74 - create IPUIPlugin
2026-08-04 17:21:33,030 DEBUG [LineInfo_to_exitCode.log_LineInfo] 2026-08-04 17:21:33,030 [INFO] IPUIPlugin:74 - create IPUIPlugin
2026-08-04 17:21:33,031 DEBUG [LineInfo_to_exitCode.log_LineInfo] 2026-08-04 17:21:33,030 [INFO] IPUIPlugin:74 - create IPUIPlugin
2026-08-04 17:21:33,031 DEBUG [LineInfo_to_exitCode.log_LineInfo] 2026-08-04 17:21:33,031 [INFO] IPUIPlugin:74 - create IPUIPlugin
2026-08-04 17:21:33,031 DEBUG [LineInfo_to_exitCode.log_LineInfo] 2026-08-04 17:21:33,031 [INFO] IPUIPlugin:74 - create IPUIPlugin
2026-08-04 17:21:33,031 DEBUG [LineInfo_to_exitCode.log_LineInfo] 2026-08-04 17:21:33,031 [INFO] IPUIPlugin:74 - create IPUIPlugin
2026-08-04 17:21:33,031 DEBUG [LineInfo_to_exitCode.log_LineInfo] 2026-08-04 17:21:33,031 [INFO] IPUIPlugin:74 - create IPUIPlugin
2026-08-04 17:21:33,031 DEBUG [LineInfo_to_exitCode.log_LineInfo] 2026-08-04 17:21:33,031 [INFO] IPUIPlugin:74 - create IPUIPlugin
2026-08-04 17:21:33,032 DEBUG [LineInfo_to_exitCode.log_LineInfo] 2026-08-04 17:21:33,031 [INFO] IPUIPlugin:74 - create IPUIPlugin
2026-08-04 17:21:33,032 DEBUG [LineInfo_to_exitCode.log_LineInfo] 2026-08-04 17:21:33,032 [INFO] IPUIPlugin:74 - create IPUIPlugin
2026-08-04 17:21:33,032 DEBUG [LineInfo_to_exitCode.log_LineInfo] 2026-08-04 17:21:33,032 [INFO] IPUIPlugin:74 - create IPUIPlugin
2026-08-04 17:21:33,032 DEBUG [LineInfo_to_exitCode.log_LineInfo] 2026-08-04 17:21:33,032 [INFO] IPUIPlugin:74 - create IPUIPlugin
2026-08-04 17:21:33,033 DEBUG [LineInfo_to_exitCode.log_LineInfo] 2026-08-04 17:21:33,032 [INFO] IPUIPlugin:74 - create IPUIPlugin
2026-08-04 17:21:33,033 DEBUG [LineInfo_to_exitCode.log_LineInfo] 2026-08-04 17:21:33,033 [INFO] IPUIPlugin:74 - create IPUIPlugin
2026-08-04 17:21:33,033 DEBUG [LineInfo_to_exitCode.log_LineInfo] 2026-08-04 17:21:33,033 [INFO] IPUIPlugin:74 - create IPUIPlugin
2026-08-04 17:21:33,033 DEBUG [LineInfo_to_exitCode.log_LineInfo] 2026-08-04 17:21:33,033 [INFO] IPUIPlugin:74 - create IPUIPlugin
2026-08-04 17:21:33,033 DEBUG [LineInfo_to_exitCode.log_LineInfo] 2026-08-04 17:21:33,033 [INFO] IPUIPlugin:74 - create IPUIPlugin
2026-08-04 17:21:33,034 DEBUG [LineInfo_to_exitCode.log_LineInfo] 2026-08-04 17:21:33,034 [INFO] IPUIPlugin:74 - create IPUIPlugin
2026-08-04 17:21:33,034 DEBUG [LineInfo_to_exitCode.log_LineInfo] 2026-08-04 17:21:33,034 [INFO] IPUIPlugin:74 - create IPUIPlugin
2026-08-04 17:21:33,034 DEBUG [LineInfo_to_exitCode.log_LineInfo] 2026-08-04 17:21:33,034 [INFO] IPUIPlugin:74 - create IPUIPlugin
2026-08-04 17:21:33,035 DEBUG [LineInfo_to_exitCode.log_LineInfo] 2026-08-04 17:21:33,034 [INFO] IPUIPlugin:74 - create IPUIPlugin
2026-08-04 17:21:33,035 DEBUG [LineInfo_to_exitCode.log_LineInfo] 2026-08-04 17:21:33,035 [INFO] IPUIPlugin:74 - create IPUIPlugin
2026-08-04 17:21:33,035 DEBUG [LineInfo_to_exitCode.log_LineInfo] 2026-08-04 17:21:33,035 [INFO] IPUIPlugin:74 - create IPUIPlugin
2026-08-04 17:21:33,035 DEBUG [LineInfo_to_exitCode.log_LineInfo] 2026-08-04 17:21:33,035 [INFO] IPUIPlugin:74 - create IPUIPlugin
2026-08-04 17:21:33,036 DEBUG [LineInfo_to_exitCode.log_LineInfo] 2026-08-04 17:21:33,035 [INFO] IPUIPlugin:74 - create IPUIPlugin
2026-08-04 17:21:33,037 DEBUG [LineInfo_to_exitCode.log_LineInfo] 2026-08-04 17:21:33,036 [INFO] IPUIPlugin:74 - create IPUIPlugin
2026-08-04 17:21:33,037 DEBUG [LineInfo_to_exitCode.log_LineInfo] 2026-08-04 17:21:33,037 [INFO] IPUIPlugin:74 - create IPUIPlugin
2026-08-04 17:21:33,037 DEBUG [LineInfo_to_exitCode.log_LineInfo] 2026-08-04 17:21:33,037 [INFO] IPUIPlugin:74 - create IPUIPlugin
2026-08-04 17:21:33,037 DEBUG [LineInfo_to_exitCode.log_LineInfo] 2026-08-04 17:21:33,037 [INFO] IPUIPlugin:74 - create IPUIPlugin
2026-08-04 17:21:33,039 DEBUG [LineInfo_to_exitCode.log_LineInfo] 2026-08-04 17:21:33,039 [INFO] IPUIPlugin:74 - create IPUIPlugin
2026-08-04 17:21:33,039 DEBUG [LineInfo_to_exitCode.log_LineInfo] 2026-08-04 17:21:33,039 [INFO] IPUIPlugin:74 - create IPUIPlugin
2026-08-04 17:21:33,039 DEBUG [LineInfo_to_exitCode.log_LineInfo] 2026-08-04 17:21:33,039 [INFO] IPUIPlugin:74 - create IPUIPlugin
2026-08-04 17:21:33,040 DEBUG [LineInfo_to_exitCode.log_LineInfo] 2026-08-04 17:21:33,040 [INFO] IPUIPlugin:74 - create IPUIPlugin
2026-08-04 17:21:33,040 DEBUG [LineInfo_to_exitCode.log_LineInfo] 2026-08-04 17:21:33,040 [INFO] IPUIPlugin:74 - create IPUIPlugin
2026-08-04 17:21:33,041 DEBUG [LineInfo_to_exitCode.log_LineInfo] 2026-08-04 17:21:33,040 [INFO] IPUIPlugin:74 - create IPUIPlugin
2026-08-04 17:21:33,041 DEBUG [LineInfo_to_exitCode.log_LineInfo] 2026-08-04 17:21:33,041 [INFO] IPUIPlugin:74 - create IPUIPlugin
2026-08-04 17:21:33,041 DEBUG [LineInfo_to_exitCode.log_LineInfo] 2026-08-04 17:21:33,041 [INFO] IPUIPlugin:74 - create IPUIPlugin
2026-08-04 17:21:33,042 DEBUG [LineInfo_to_exitCode.log_LineInfo] 2026-08-04 17:21:33,042 [INFO] IPUIPlugin:74 - create IPUIPlugin
2026-08-04 17:21:33,042 DEBUG [LineInfo_to_exitCode.log_LineInfo] 2026-08-04 17:21:33,042 [INFO] IPUIPlugin:74 - create IPUIPlugin
2026-08-04 17:21:33,043 DEBUG [LineInfo_to_exitCode.log_LineInfo] 2026-08-04 17:21:33,043 [INFO] IPUIPlugin:74 - create IPUIPlugin
2026-08-04 17:21:33,044 DEBUG [LineInfo_to_exitCode.log_LineInfo] 2026-08-04 17:21:33,043 [INFO] IPUIPlugin:74 - create IPUIPlugin
2026-08-04 17:21:33,044 DEBUG [LineInfo_to_exitCode.log_LineInfo] 2026-08-04 17:21:33,044 [INFO] IPUIPlugin:74 - create IPUIPlugin
2026-08-04 17:21:33,045 DEBUG [LineInfo_to_exitCode.log_LineInfo] 2026-08-04 17:21:33,044 [INFO] IPUIPlugin:74 - create IPUIPlugin
2026-08-04 17:21:33,045 DEBUG [LineInfo_to_exitCode.log_LineInfo] 2026-08-04 17:21:33,045 [INFO] IPUIPlugin:74 - create IPUIPlugin
2026-08-04 17:21:33,045 DEBUG [LineInfo_to_exitCode.log_LineInfo] 2026-08-04 17:21:33,045 [INFO] IPUIPlugin:74 - create IPUIPlugin
2026-08-04 17:21:33,171 DEBUG [LineInfo_to_exitCode.log_LineInfo] 2026-08-04 17:21:33,170 [INFO] OPAMP:194 - [OPAMP] - evt.getPropertyName:EventProjectSettingsChange
2026-08-04 17:21:33,171 DEBUG [LineInfo_to_exitCode.log_LineInfo] 2026-08-04 17:21:33,171 [INFO] OPAMP:194 - [OPAMP] - evt.getPropertyName:EventProjectSettingsChange
2026-08-04 17:21:33,171 DEBUG [LineInfo_to_exitCode.log_LineInfo] 2026-08-04 17:21:33,171 [INFO] OPAMP:194 - [OPAMP] - evt.getPropertyName:EventProjectSettingsChange
2026-08-04 17:21:33,175 DEBUG [LineInfo_to_exitCode.log_LineInfo] 2026-08-04 17:21:33,175 [INFO] OPAMP:194 - [OPAMP] - evt.getPropertyName:EventProjectSettingsChange
2026-08-04 17:21:33,175 DEBUG [LineInfo_to_exitCode.log_LineInfo] 2026-08-04 17:21:33,175 [INFO] OPAMP:194 - [OPAMP] - evt.getPropertyName:EventProjectSettingsChange
2026-08-04 17:21:33,175 DEBUG [LineInfo_to_exitCode.log_LineInfo] 2026-08-04 17:21:33,175 [INFO] OPAMP:194 - [OPAMP] - evt.getPropertyName:EventProjectSettingsChange
2026-08-04 17:21:33,176 DEBUG [LineInfo_to_exitCode.log_LineInfo] 2026-08-04 17:21:33,176 [INFO] OPAMP:194 - [OPAMP] - evt.getPropertyName:EventProjectSettingsChange
2026-08-04 17:21:33,177 DEBUG [LineInfo_to_exitCode.log_LineInfo] 2026-08-04 17:21:33,176 [INFO] OPAMP:194 - [OPAMP] - evt.getPropertyName:EventProjectSettingsChange
2026-08-04 17:21:33,177 DEBUG [LineInfo_to_exitCode.log_LineInfo] 2026-08-04 17:21:33,176 [INFO] OPAMP:194 - [OPAMP] - evt.getPropertyName:EventProjectSettingsChange
2026-08-04 17:21:33,178 DEBUG [LineInfo_to_exitCode.log_LineInfo] 2026-08-04 17:21:33,177 [INFO] OPAMP:194 - [OPAMP] - evt.getPropertyName:EventProjectSettingsChange
2026-08-04 17:21:33,178 DEBUG [LineInfo_to_exitCode.log_LineInfo] 2026-08-04 17:21:33,178 [INFO] OPAMP:194 - [OPAMP] - evt.getPropertyName:EventProjectSettingsChange
2026-08-04 17:21:33,178 DEBUG [LineInfo_to_exitCode.log_LineInfo] 2026-08-04 17:21:33,178 [INFO] OPAMP:194 - [OPAMP] - evt.getPropertyName:EventProjectSettingsChange
2026-08-04 17:21:33,652 DEBUG [LineInfo_to_exitCode.log_LineInfo] 2026-08-04 17:21:33,652 [INFO] OPAMP:194 - [OPAMP] - evt.getPropertyName:EventMcuSetIPParameter
2026-08-04 17:21:33,652 DEBUG [LineInfo_to_exitCode.log_LineInfo] 2026-08-04 17:21:33,652 [INFO] OPAMP:194 - [OPAMP] - evt.getPropertyName:EventMcuSetIPParameter
2026-08-04 17:21:33,652 DEBUG [LineInfo_to_exitCode.log_LineInfo] 2026-08-04 17:21:33,652 [INFO] OPAMP:194 - [OPAMP] - evt.getPropertyName:EventMcuSetIPParameter
2026-08-04 17:21:33,703 DEBUG [LineInfo_to_exitCode.log_LineInfo] 2026-08-04 17:21:33,702 [INFO] OPAMP:194 - [OPAMP] - evt.getPropertyName:EventMcuSetIPParameter
2026-08-04 17:21:33,703 DEBUG [LineInfo_to_exitCode.log_LineInfo] 2026-08-04 17:21:33,702 [INFO] OPAMP:194 - [OPAMP] - evt.getPropertyName:EventMcuSetIPParameter
2026-08-04 17:21:33,703 DEBUG [LineInfo_to_exitCode.log_LineInfo] 2026-08-04 17:21:33,702 [INFO] OPAMP:194 - [OPAMP] - evt.getPropertyName:EventMcuSetIPParameter
2026-08-04 17:21:33,758 DEBUG [LineInfo_to_exitCode.log_LineInfo] 2026-08-04 17:21:33,757 [INFO] OPAMP:194 - [OPAMP] - evt.getPropertyName:EventMcuSetIPParameter
2026-08-04 17:21:33,758 DEBUG [LineInfo_to_exitCode.log_LineInfo] 2026-08-04 17:21:33,757 [INFO] OPAMP:194 - [OPAMP] - evt.getPropertyName:EventMcuSetIPParameter
2026-08-04 17:21:33,758 DEBUG [LineInfo_to_exitCode.log_LineInfo] 2026-08-04 17:21:33,758 [INFO] OPAMP:194 - [OPAMP] - evt.getPropertyName:EventMcuSetIPParameter
2026-08-04 17:21:33,793 DEBUG [LineInfo_to_exitCode.log_LineInfo] 2026-08-04 17:21:33,791 [INFO] OpenFileManager:333 - Restore cursor
2026-08-04 17:21:33,834 DEBUG [LineInfo_to_exitCode.log_LineInfo] 2026-08-04 17:21:33,834 [INFO] OPAMP:194 - [OPAMP] - evt.getPropertyName:EventProjectSettingsChange
2026-08-04 17:21:33,835 DEBUG [LineInfo_to_exitCode.log_LineInfo] 2026-08-04 17:21:33,834 [INFO] OPAMP:194 - [OPAMP] - evt.getPropertyName:EventProjectSettingsChange
2026-08-04 17:21:33,835 DEBUG [LineInfo_to_exitCode.log_LineInfo] 2026-08-04 17:21:33,834 [INFO] OPAMP:194 - [OPAMP] - evt.getPropertyName:EventProjectSettingsChange
2026-08-04 17:21:33,842 DEBUG [LineInfo_to_exitCode.log_LineInfo] 2026-08-04 17:21:33,839 [INFO] OPAMP:194 - [OPAMP] - evt.getPropertyName:EventProjectSettingsChange
2026-08-04 17:21:33,842 DEBUG [LineInfo_to_exitCode.log_LineInfo] 2026-08-04 17:21:33,842 [INFO] OPAMP:194 - [OPAMP] - evt.getPropertyName:EventProjectSettingsChange
2026-08-04 17:21:33,843 DEBUG [LineInfo_to_exitCode.log_LineInfo] 2026-08-04 17:21:33,842 [INFO] OPAMP:194 - [OPAMP] - evt.getPropertyName:EventProjectSettingsChange
2026-08-04 17:21:33,844 DEBUG [LineInfo_to_exitCode.log_LineInfo] 2026-08-04 17:21:33,844 [INFO] OPAMP:194 - [OPAMP] - evt.getPropertyName:EventProjectSettingsChange
2026-08-04 17:21:33,844 DEBUG [LineInfo_to_exitCode.log_LineInfo] 2026-08-04 17:21:33,844 [INFO] OPAMP:194 - [OPAMP] - evt.getPropertyName:EventProjectSettingsChange
2026-08-04 17:21:33,845 DEBUG [LineInfo_to_exitCode.log_LineInfo] 2026-08-04 17:21:33,844 [INFO] OPAMP:194 - [OPAMP] - evt.getPropertyName:EventProjectSettingsChange
2026-08-04 17:21:45,504 DEBUG [LineInfo_to_exitCode.log_LineInfo] 2026-08-04 17:21:45,504 [INFO] UtilMem:74 - End SaveConfig() Used Memory: 1085278208 Bytes (3361734656)
2026-08-04 17:21:45,520 DEBUG [LineInfo_to_exitCode.log_LineInfo] 2026-08-04 17:21:45,519 [INFO] OPAMP:194 - [OPAMP] - evt.getPropertyName:EventProjectSettingsChange
2026-08-04 17:21:45,520 DEBUG [LineInfo_to_exitCode.log_LineInfo] 2026-08-04 17:21:45,519 [INFO] OPAMP:194 - [OPAMP] - evt.getPropertyName:EventProjectSettingsChange
2026-08-04 17:21:45,520 DEBUG [LineInfo_to_exitCode.log_LineInfo] 2026-08-04 17:21:45,520 [INFO] OPAMP:194 - [OPAMP] - evt.getPropertyName:EventProjectSettingsChange
2026-08-04 17:21:45,521 DEBUG [LineInfo_to_exitCode.log_LineInfo] 2026-08-04 17:21:45,521 [INFO] OPAMP:194 - [OPAMP] - evt.getPropertyName:EventProjectSettingsChange
2026-08-04 17:21:45,521 DEBUG [LineInfo_to_exitCode.log_LineInfo] 2026-08-04 17:21:45,521 [INFO] OPAMP:194 - [OPAMP] - evt.getPropertyName:EventProjectSettingsChange
2026-08-04 17:21:45,521 DEBUG [LineInfo_to_exitCode.log_LineInfo] 2026-08-04 17:21:45,521 [INFO] OPAMP:194 - [OPAMP] - evt.getPropertyName:EventProjectSettingsChange
2026-08-04 17:21:45,897 DEBUG [LineInfo_to_exitCode.log_LineInfo] 2026-08-04 17:21:45,897 [INFO] BlockDiagram:2740 - set Specific Code input for plugin: MotorControl
2026-08-04 17:21:45,897 DEBUG [LineInfo_to_exitCode.log_LineInfo] 2026-08-04 17:21:45,897 [INFO] BlockDiagram:2740 - set Specific Code input for plugin: DAC
2026-08-04 17:21:45,897 DEBUG [LineInfo_to_exitCode.log_LineInfo] 2026-08-04 17:21:45,897 [INFO] BlockDiagram:2740 - set Specific Code input for plugin: TIM1_8G4
2026-08-04 17:21:45,898 DEBUG [LineInfo_to_exitCode.log_LineInfo] 2026-08-04 17:21:45,897 [INFO] BlockDiagram:2740 - set Specific Code input for plugin: TIM1_8G4
2026-08-04 17:21:45,898 DEBUG [LineInfo_to_exitCode.log_LineInfo] 2026-08-04 17:21:45,897 [INFO] BlockDiagram:2740 - set Specific Code input for plugin: OPAMP
2026-08-04 17:21:45,898 DEBUG [LineInfo_to_exitCode.log_LineInfo] 2026-08-04 17:21:45,897 [INFO] BlockDiagram:2740 - set Specific Code input for plugin: ADC
2026-08-04 17:21:45,898 DEBUG [LineInfo_to_exitCode.log_LineInfo] 2026-08-04 17:21:45,897 [INFO] BlockDiagram:2740 - set Specific Code input for plugin: SYS
2026-08-04 17:21:45,898 DEBUG [LineInfo_to_exitCode.log_LineInfo] 2026-08-04 17:21:45,897 [INFO] BlockDiagram:2740 - set Specific Code input for plugin: ADC
2026-08-04 17:21:45,898 DEBUG [LineInfo_to_exitCode.log_LineInfo] 2026-08-04 17:21:45,897 [INFO] BlockDiagram:2740 - set Specific Code input for plugin: RCC
2026-08-04 17:21:45,898 DEBUG [LineInfo_to_exitCode.log_LineInfo] 2026-08-04 17:21:45,897 [INFO] BlockDiagram:2740 - set Specific Code input for plugin: OPAMP
2026-08-04 17:21:45,898 DEBUG [LineInfo_to_exitCode.log_LineInfo] 2026-08-04 17:21:45,897 [INFO] BlockDiagram:2740 - set Specific Code input for plugin: OPAMP
2026-08-04 17:21:45,898 DEBUG [LineInfo_to_exitCode.log_LineInfo] 2026-08-04 17:21:45,897 [INFO] BlockDiagram:2740 - set Specific Code input for plugin: NVIC
2026-08-04 17:21:45,898 DEBUG [LineInfo_to_exitCode.log_LineInfo] 2026-08-04 17:21:45,897 [INFO] BlockDiagram:2740 - set Specific Code input for plugin: COMP
2026-08-04 17:21:45,898 DEBUG [LineInfo_to_exitCode.log_LineInfo] 2026-08-04 17:21:45,897 [INFO] BlockDiagram:2740 - set Specific Code input for plugin: USART
2026-08-04 17:21:45,898 DEBUG [LineInfo_to_exitCode.log_LineInfo] 2026-08-04 17:21:45,898 [INFO] BlockDiagram:2740 - set Specific Code input for plugin: COMP
2026-08-04 17:21:45,900 DEBUG [LineInfo_to_exitCode.log_LineInfo] 2026-08-04 17:21:45,898 [INFO] BlockDiagram:2740 - set Specific Code input for plugin: COMP
2026-08-04 17:21:45,900 DEBUG [LineInfo_to_exitCode.log_LineInfo] 2026-08-04 17:21:45,898 [INFO] BlockDiagram:2740 - set Specific Code input for plugin: DMA
2026-08-04 17:21:45,900 DEBUG [LineInfo_to_exitCode.log_LineInfo] 2026-08-04 17:21:45,898 [INFO] BlockDiagram:2740 - set Specific Code input for plugin: CORDIC
2026-08-04 17:21:45,900 DEBUG [LineInfo_to_exitCode.log_LineInfo] 2026-08-04 17:21:45,898 [INFO] BlockDiagram:2740 - set Specific Code input for plugin: GPIO
2026-08-04 17:21:45,902 DEBUG [LineInfo_to_exitCode.log_LineInfo] 2026-08-04 17:21:45,902 [INFO] CodeGenerator:663 - code generatio: config db path: C:\Program Files\STMicroelectronics\STM32Cube\STM32CubeMX\\db\
2026-08-04 17:21:46,356 DEBUG [LineInfo_to_exitCode.log_LineInfo] 2026-08-04 17:21:46,356 [INFO] CodeEngine:239 - oldGeneratedFile, C:\Users\wshan\.st_workbench\projects\ElectronicSpeedControl_ESC-G4\MXTmpFiles\license.tmp_save
2026-08-04 17:21:46,594 DEBUG [LineInfo_to_exitCode.log_LineInfo] 2026-08-04 17:21:46,594 [INFO] CodeEngine:257 - Generated code: C:\Users\wshan\.st_workbench\projects\ElectronicSpeedControl_ESC-G4\MXTmpFiles\license.tmp
2026-08-04 17:21:46,666 DEBUG [LineInfo_to_exitCode.log_LineInfo] 2026-08-04 17:21:46,666 [INFO] CodeEngine:239 - oldGeneratedFile, C:\Users\wshan\.st_workbench\projects\ElectronicSpeedControl_ESC-G4\MXTmpFiles\gpio.tmp_save
2026-08-04 17:21:46,766 DEBUG [LineInfo_to_exitCode.log_LineInfo] 2026-08-04 17:21:46,764 [INFO] CodeEngine:257 - Generated code: C:\Users\wshan\.st_workbench\projects\ElectronicSpeedControl_ESC-G4\MXTmpFiles\gpio.tmp
2026-08-04 17:21:47,880 DEBUG [LineInfo_to_exitCode.log_LineInfo] 2026-08-04 17:21:47,880 [INFO] CodeEngine:239 - oldGeneratedFile, C:\Users\wshan\.st_workbench\projects\ElectronicSpeedControl_ESC-G4\MXTmpFiles\dma.tmp_save
2026-08-04 17:21:47,939 DEBUG [LineInfo_to_exitCode.log_LineInfo] 2026-08-04 17:21:47,938 [INFO] CodeEngine:257 - Generated code: C:\Users\wshan\.st_workbench\projects\ElectronicSpeedControl_ESC-G4\MXTmpFiles\dma.tmp
2026-08-04 17:21:47,943 DEBUG [LineInfo_to_exitCode.log_LineInfo] 2026-08-04 17:21:47,942 [INFO] CodeEngine:239 - oldGeneratedFile, C:\Users\wshan\.st_workbench\projects\ElectronicSpeedControl_ESC-G4\MXTmpFiles\dma_GV.tmp_save
2026-08-04 17:21:47,999 DEBUG [LineInfo_to_exitCode.log_LineInfo] 2026-08-04 17:21:47,998 [INFO] CodeEngine:257 - Generated code: C:\Users\wshan\.st_workbench\projects\ElectronicSpeedControl_ESC-G4\MXTmpFiles\dma_GV.tmp
2026-08-04 17:21:48,208 DEBUG [LineInfo_to_exitCode.log_LineInfo] 2026-08-04 17:21:48,207 [INFO] Middleware:1388 - No code input for Bsp Dependency
2026-08-04 17:21:48,289 DEBUG [LineInfo_to_exitCode.log_LineInfo] 2026-08-04 17:21:48,289 [INFO] CodeEngine:239 - oldGeneratedFile, C:\Users\wshan\.st_workbench\projects\ElectronicSpeedControl_ESC-G4\Src\motorcontrol.c_save
2026-08-04 17:21:48,343 INFO  [LineInfo_to_exitCode.log_LineInfo] Generated code: C:\Users\wshan\.st_workbench\projects\ElectronicSpeedControl_ESC-G4\Src\motorcontrol.c
2026-08-04 17:21:48,347 DEBUG [LineInfo_to_exitCode.log_LineInfo] 2026-08-04 17:21:48,347 [INFO] CodeEngine:239 - oldGeneratedFile, C:\Users\wshan\.st_workbench\projects\ElectronicSpeedControl_ESC-G4\Inc\motorcontrol.h_save
2026-08-04 17:21:48,396 INFO  [LineInfo_to_exitCode.log_LineInfo] Generated code: C:\Users\wshan\.st_workbench\projects\ElectronicSpeedControl_ESC-G4\Inc\motorcontrol.h
2026-08-04 17:21:48,400 DEBUG [LineInfo_to_exitCode.log_LineInfo] 2026-08-04 17:21:48,399 [INFO] CodeEngine:239 - oldGeneratedFile, C:\Users\wshan\.st_workbench\projects\ElectronicSpeedControl_ESC-G4\Inc\drive_parameters.h_save
2026-08-04 17:21:48,524 INFO  [LineInfo_to_exitCode.log_LineInfo] Generated code: C:\Users\wshan\.st_workbench\projects\ElectronicSpeedControl_ESC-G4\Inc\drive_parameters.h
2026-08-04 17:21:48,531 DEBUG [LineInfo_to_exitCode.log_LineInfo] 2026-08-04 17:21:48,529 [INFO] CodeEngine:239 - oldGeneratedFile, C:\Users\wshan\.st_workbench\projects\ElectronicSpeedControl_ESC-G4\Inc\mc_type.h_save
2026-08-04 17:21:48,599 INFO  [LineInfo_to_exitCode.log_LineInfo] Generated code: C:\Users\wshan\.st_workbench\projects\ElectronicSpeedControl_ESC-G4\Inc\mc_type.h
2026-08-04 17:21:48,603 DEBUG [LineInfo_to_exitCode.log_LineInfo] 2026-08-04 17:21:48,602 [INFO] CodeEngine:239 - oldGeneratedFile, C:\Users\wshan\.st_workbench\projects\ElectronicSpeedControl_ESC-G4\Src\speed_torq_ctrl.c_save
2026-08-04 17:21:48,673 INFO  [LineInfo_to_exitCode.log_LineInfo] Generated code: C:\Users\wshan\.st_workbench\projects\ElectronicSpeedControl_ESC-G4\Src\speed_torq_ctrl.c
2026-08-04 17:21:48,679 DEBUG [LineInfo_to_exitCode.log_LineInfo] 2026-08-04 17:21:48,677 [INFO] CodeEngine:239 - oldGeneratedFile, C:\Users\wshan\.st_workbench\projects\ElectronicSpeedControl_ESC-G4\Inc\speed_torq_ctrl.h_save
2026-08-04 17:21:48,752 INFO  [LineInfo_to_exitCode.log_LineInfo] Generated code: C:\Users\wshan\.st_workbench\projects\ElectronicSpeedControl_ESC-G4\Inc\speed_torq_ctrl.h
2026-08-04 17:21:48,757 DEBUG [LineInfo_to_exitCode.log_LineInfo] 2026-08-04 17:21:48,757 [INFO] CodeEngine:239 - oldGeneratedFile, C:\Users\wshan\.st_workbench\projects\ElectronicSpeedControl_ESC-G4\Inc\mc_tasks.h_save
2026-08-04 17:21:48,829 INFO  [LineInfo_to_exitCode.log_LineInfo] Generated code: C:\Users\wshan\.st_workbench\projects\ElectronicSpeedControl_ESC-G4\Inc\mc_tasks.h
2026-08-04 17:21:48,834 DEBUG [LineInfo_to_exitCode.log_LineInfo] 2026-08-04 17:21:48,834 [INFO] CodeEngine:239 - oldGeneratedFile, C:\Users\wshan\.st_workbench\projects\ElectronicSpeedControl_ESC-G4\Src\pwm_common.c_save
2026-08-04 17:21:48,911 INFO  [LineInfo_to_exitCode.log_LineInfo] Generated code: C:\Users\wshan\.st_workbench\projects\ElectronicSpeedControl_ESC-G4\Src\pwm_common.c
2026-08-04 17:21:48,917 DEBUG [LineInfo_to_exitCode.log_LineInfo] 2026-08-04 17:21:48,916 [INFO] CodeEngine:239 - oldGeneratedFile, C:\Users\wshan\.st_workbench\projects\ElectronicSpeedControl_ESC-G4\Inc\pwm_common.h_save
2026-08-04 17:21:48,969 INFO  [LineInfo_to_exitCode.log_LineInfo] Generated code: C:\Users\wshan\.st_workbench\projects\ElectronicSpeedControl_ESC-G4\Inc\pwm_common.h
2026-08-04 17:21:48,973 DEBUG [LineInfo_to_exitCode.log_LineInfo] 2026-08-04 17:21:48,973 [INFO] CodeEngine:239 - oldGeneratedFile, C:\Users\wshan\.st_workbench\projects\ElectronicSpeedControl_ESC-G4\Src\mc_api.c_save
2026-08-04 17:21:49,040 INFO  [LineInfo_to_exitCode.log_LineInfo] Generated code: C:\Users\wshan\.st_workbench\projects\ElectronicSpeedControl_ESC-G4\Src\mc_api.c
2026-08-04 17:21:49,044 DEBUG [LineInfo_to_exitCode.log_LineInfo] 2026-08-04 17:21:49,044 [INFO] CodeEngine:239 - oldGeneratedFile, C:\Users\wshan\.st_workbench\projects\ElectronicSpeedControl_ESC-G4\Inc\mc_api.h_save
2026-08-04 17:21:49,090 INFO  [LineInfo_to_exitCode.log_LineInfo] Generated code: C:\Users\wshan\.st_workbench\projects\ElectronicSpeedControl_ESC-G4\Inc\mc_api.h
2026-08-04 17:21:49,093 DEBUG [LineInfo_to_exitCode.log_LineInfo] 2026-08-04 17:21:49,093 [INFO] CodeEngine:239 - oldGeneratedFile, C:\Users\wshan\.st_workbench\projects\ElectronicSpeedControl_ESC-G4\Src\mc_config.c_save
2026-08-04 17:21:49,171 INFO  [LineInfo_to_exitCode.log_LineInfo] Generated code: C:\Users\wshan\.st_workbench\projects\ElectronicSpeedControl_ESC-G4\Src\mc_config.c
2026-08-04 17:21:49,174 DEBUG [LineInfo_to_exitCode.log_LineInfo] 2026-08-04 17:21:49,174 [INFO] CodeEngine:239 - oldGeneratedFile, C:\Users\wshan\.st_workbench\projects\ElectronicSpeedControl_ESC-G4\Src\mc_config_common.c_save
2026-08-04 17:21:49,231 INFO  [LineInfo_to_exitCode.log_LineInfo] Generated code: C:\Users\wshan\.st_workbench\projects\ElectronicSpeedControl_ESC-G4\Src\mc_config_common.c
2026-08-04 17:21:49,236 DEBUG [LineInfo_to_exitCode.log_LineInfo] 2026-08-04 17:21:49,235 [INFO] CodeEngine:239 - oldGeneratedFile, C:\Users\wshan\.st_workbench\projects\ElectronicSpeedControl_ESC-G4\Inc\mc_config.h_save
2026-08-04 17:21:49,283 INFO  [LineInfo_to_exitCode.log_LineInfo] Generated code: C:\Users\wshan\.st_workbench\projects\ElectronicSpeedControl_ESC-G4\Inc\mc_config.h
2026-08-04 17:21:49,289 DEBUG [LineInfo_to_exitCode.log_LineInfo] 2026-08-04 17:21:49,287 [INFO] CodeEngine:239 - oldGeneratedFile, C:\Users\wshan\.st_workbench\projects\ElectronicSpeedControl_ESC-G4\Inc\mc_config_common.h_save
2026-08-04 17:21:49,334 INFO  [LineInfo_to_exitCode.log_LineInfo] Generated code: C:\Users\wshan\.st_workbench\projects\ElectronicSpeedControl_ESC-G4\Inc\mc_config_common.h
2026-08-04 17:21:49,336 DEBUG [LineInfo_to_exitCode.log_LineInfo] 2026-08-04 17:21:49,336 [INFO] CodeEngine:239 - oldGeneratedFile, C:\Users\wshan\.st_workbench\projects\ElectronicSpeedControl_ESC-G4\Inc\mcp_config.h_save
2026-08-04 17:21:49,378 INFO  [LineInfo_to_exitCode.log_LineInfo] Generated code: C:\Users\wshan\.st_workbench\projects\ElectronicSpeedControl_ESC-G4\Inc\mcp_config.h
2026-08-04 17:21:49,382 DEBUG [LineInfo_to_exitCode.log_LineInfo] 2026-08-04 17:21:49,382 [INFO] CodeEngine:239 - oldGeneratedFile, C:\Users\wshan\.st_workbench\projects\ElectronicSpeedControl_ESC-G4\Src\mcp_config.c_save
2026-08-04 17:21:49,427 INFO  [LineInfo_to_exitCode.log_LineInfo] Generated code: C:\Users\wshan\.st_workbench\projects\ElectronicSpeedControl_ESC-G4\Src\mcp_config.c
2026-08-04 17:21:49,432 DEBUG [LineInfo_to_exitCode.log_LineInfo] 2026-08-04 17:21:49,431 [INFO] CodeEngine:239 - oldGeneratedFile, C:\Users\wshan\.st_workbench\projects\ElectronicSpeedControl_ESC-G4\Inc\mc_stm_types.h_save
2026-08-04 17:21:49,481 INFO  [LineInfo_to_exitCode.log_LineInfo] Generated code: C:\Users\wshan\.st_workbench\projects\ElectronicSpeedControl_ESC-G4\Inc\mc_stm_types.h
2026-08-04 17:21:49,484 DEBUG [LineInfo_to_exitCode.log_LineInfo] 2026-08-04 17:21:49,484 [INFO] CodeEngine:239 - oldGeneratedFile, C:\Users\wshan\.st_workbench\projects\ElectronicSpeedControl_ESC-G4\Src\mc_tasks.c_save
2026-08-04 17:21:49,553 INFO  [LineInfo_to_exitCode.log_LineInfo] Generated code: C:\Users\wshan\.st_workbench\projects\ElectronicSpeedControl_ESC-G4\Src\mc_tasks.c
2026-08-04 17:21:49,557 DEBUG [LineInfo_to_exitCode.log_LineInfo] 2026-08-04 17:21:49,557 [INFO] CodeEngine:239 - oldGeneratedFile, C:\Users\wshan\.st_workbench\projects\ElectronicSpeedControl_ESC-G4\Src\mc_tasks_foc.c_save
2026-08-04 17:21:49,638 INFO  [LineInfo_to_exitCode.log_LineInfo] Generated code: C:\Users\wshan\.st_workbench\projects\ElectronicSpeedControl_ESC-G4\Src\mc_tasks_foc.c
2026-08-04 17:21:49,642 DEBUG [LineInfo_to_exitCode.log_LineInfo] 2026-08-04 17:21:49,642 [INFO] CodeEngine:239 - oldGeneratedFile, C:\Users\wshan\.st_workbench\projects\ElectronicSpeedControl_ESC-G4\Src\pwm_curr_fdbk.c_save
2026-08-04 17:21:49,694 INFO  [LineInfo_to_exitCode.log_LineInfo] Generated code: C:\Users\wshan\.st_workbench\projects\ElectronicSpeedControl_ESC-G4\Src\pwm_curr_fdbk.c
2026-08-04 17:21:49,696 DEBUG [LineInfo_to_exitCode.log_LineInfo] 2026-08-04 17:21:49,696 [INFO] CodeEngine:239 - oldGeneratedFile, C:\Users\wshan\.st_workbench\projects\ElectronicSpeedControl_ESC-G4\Inc\pwm_curr_fdbk.h_save
2026-08-04 17:21:49,740 INFO  [LineInfo_to_exitCode.log_LineInfo] Generated code: C:\Users\wshan\.st_workbench\projects\ElectronicSpeedControl_ESC-G4\Inc\pwm_curr_fdbk.h
2026-08-04 17:21:49,743 DEBUG [LineInfo_to_exitCode.log_LineInfo] 2026-08-04 17:21:49,743 [INFO] CodeEngine:239 - oldGeneratedFile, C:\Users\wshan\.st_workbench\projects\ElectronicSpeedControl_ESC-G4\Src\regular_conversion_manager.c_save
2026-08-04 17:21:49,786 INFO  [LineInfo_to_exitCode.log_LineInfo] Generated code: C:\Users\wshan\.st_workbench\projects\ElectronicSpeedControl_ESC-G4\Src\regular_conversion_manager.c
2026-08-04 17:21:49,789 DEBUG [LineInfo_to_exitCode.log_LineInfo] 2026-08-04 17:21:49,789 [INFO] CodeEngine:239 - oldGeneratedFile, C:\Users\wshan\.st_workbench\projects\ElectronicSpeedControl_ESC-G4\Inc\regular_conversion_manager.h_save
2026-08-04 17:21:49,831 INFO  [LineInfo_to_exitCode.log_LineInfo] Generated code: C:\Users\wshan\.st_workbench\projects\ElectronicSpeedControl_ESC-G4\Inc\regular_conversion_manager.h
2026-08-04 17:21:49,834 DEBUG [LineInfo_to_exitCode.log_LineInfo] 2026-08-04 17:21:49,833 [INFO] CodeEngine:239 - oldGeneratedFile, C:\Users\wshan\.st_workbench\projects\ElectronicSpeedControl_ESC-G4\Src\mc_math.c_save
2026-08-04 17:21:49,883 INFO  [LineInfo_to_exitCode.log_LineInfo] Generated code: C:\Users\wshan\.st_workbench\projects\ElectronicSpeedControl_ESC-G4\Src\mc_math.c
2026-08-04 17:21:49,886 DEBUG [LineInfo_to_exitCode.log_LineInfo] 2026-08-04 17:21:49,885 [INFO] CodeEngine:239 - oldGeneratedFile, C:\Users\wshan\.st_workbench\projects\ElectronicSpeedControl_ESC-G4\Inc\mc_math.h_save
2026-08-04 17:21:49,932 INFO  [LineInfo_to_exitCode.log_LineInfo] Generated code: C:\Users\wshan\.st_workbench\projects\ElectronicSpeedControl_ESC-G4\Inc\mc_math.h
2026-08-04 17:21:49,935 DEBUG [LineInfo_to_exitCode.log_LineInfo] 2026-08-04 17:21:49,935 [INFO] CodeEngine:239 - oldGeneratedFile, C:\Users\wshan\.st_workbench\projects\ElectronicSpeedControl_ESC-G4\Src\mc_interface.c_save
2026-08-04 17:21:49,994 INFO  [LineInfo_to_exitCode.log_LineInfo] Generated code: C:\Users\wshan\.st_workbench\projects\ElectronicSpeedControl_ESC-G4\Src\mc_interface.c
2026-08-04 17:21:49,997 DEBUG [LineInfo_to_exitCode.log_LineInfo] 2026-08-04 17:21:49,997 [INFO] CodeEngine:239 - oldGeneratedFile, C:\Users\wshan\.st_workbench\projects\ElectronicSpeedControl_ESC-G4\Inc\mc_interface.h_save
2026-08-04 17:21:50,042 INFO  [LineInfo_to_exitCode.log_LineInfo] Generated code: C:\Users\wshan\.st_workbench\projects\ElectronicSpeedControl_ESC-G4\Inc\mc_interface.h
2026-08-04 17:21:50,044 DEBUG [LineInfo_to_exitCode.log_LineInfo] 2026-08-04 17:21:50,044 [INFO] CodeEngine:239 - oldGeneratedFile, C:\Users\wshan\.st_workbench\projects\ElectronicSpeedControl_ESC-G4\Inc\parameters_conversion.h_save
2026-08-04 17:21:50,109 INFO  [LineInfo_to_exitCode.log_LineInfo] Generated code: C:\Users\wshan\.st_workbench\projects\ElectronicSpeedControl_ESC-G4\Inc\parameters_conversion.h
2026-08-04 17:21:50,112 DEBUG [LineInfo_to_exitCode.log_LineInfo] 2026-08-04 17:21:50,112 [INFO] CodeEngine:239 - oldGeneratedFile, C:\Users\wshan\.st_workbench\projects\ElectronicSpeedControl_ESC-G4\Inc\parameters_conversion_g4xx.h_save
2026-08-04 17:21:50,167 INFO  [LineInfo_to_exitCode.log_LineInfo] Generated code: C:\Users\wshan\.st_workbench\projects\ElectronicSpeedControl_ESC-G4\Inc\parameters_conversion_g4xx.h
2026-08-04 17:21:50,170 DEBUG [LineInfo_to_exitCode.log_LineInfo] 2026-08-04 17:21:50,170 [INFO] CodeEngine:239 - oldGeneratedFile, C:\Users\wshan\.st_workbench\projects\ElectronicSpeedControl_ESC-G4\Inc\pmsm_motor_parameters.h_save
2026-08-04 17:21:50,212 INFO  [LineInfo_to_exitCode.log_LineInfo] Generated code: C:\Users\wshan\.st_workbench\projects\ElectronicSpeedControl_ESC-G4\Inc\pmsm_motor_parameters.h
2026-08-04 17:21:50,215 DEBUG [LineInfo_to_exitCode.log_LineInfo] 2026-08-04 17:21:50,215 [INFO] CodeEngine:239 - oldGeneratedFile, C:\Users\wshan\.st_workbench\projects\ElectronicSpeedControl_ESC-G4\Inc\power_stage_parameters.h_save
2026-08-04 17:21:50,259 INFO  [LineInfo_to_exitCode.log_LineInfo] Generated code: C:\Users\wshan\.st_workbench\projects\ElectronicSpeedControl_ESC-G4\Inc\power_stage_parameters.h
2026-08-04 17:21:50,262 DEBUG [LineInfo_to_exitCode.log_LineInfo] 2026-08-04 17:21:50,262 [INFO] CodeEngine:239 - oldGeneratedFile, C:\Users\wshan\.st_workbench\projects\ElectronicSpeedControl_ESC-G4\Src\stm32_mc_common_it.c_save
2026-08-04 17:21:50,318 INFO  [LineInfo_to_exitCode.log_LineInfo] Generated code: C:\Users\wshan\.st_workbench\projects\ElectronicSpeedControl_ESC-G4\Src\stm32_mc_common_it.c
2026-08-04 17:21:50,321 DEBUG [LineInfo_to_exitCode.log_LineInfo] 2026-08-04 17:21:50,321 [INFO] CodeEngine:239 - oldGeneratedFile, C:\Users\wshan\.st_workbench\projects\ElectronicSpeedControl_ESC-G4\Src\stm32g4xx_mc_it.c_save
2026-08-04 17:21:50,385 INFO  [LineInfo_to_exitCode.log_LineInfo] Generated code: C:\Users\wshan\.st_workbench\projects\ElectronicSpeedControl_ESC-G4\Src\stm32g4xx_mc_it.c
2026-08-04 17:21:50,389 DEBUG [LineInfo_to_exitCode.log_LineInfo] 2026-08-04 17:21:50,389 [INFO] CodeEngine:239 - oldGeneratedFile, C:\Users\wshan\.st_workbench\projects\ElectronicSpeedControl_ESC-G4\Inc\mc_parameters.h_save
2026-08-04 17:21:50,439 INFO  [LineInfo_to_exitCode.log_LineInfo] Generated code: C:\Users\wshan\.st_workbench\projects\ElectronicSpeedControl_ESC-G4\Inc\mc_parameters.h
2026-08-04 17:21:50,444 DEBUG [LineInfo_to_exitCode.log_LineInfo] 2026-08-04 17:21:50,442 [INFO] CodeEngine:239 - oldGeneratedFile, C:\Users\wshan\.st_workbench\projects\ElectronicSpeedControl_ESC-G4\Src\mc_parameters.c_save
2026-08-04 17:21:50,540 INFO  [LineInfo_to_exitCode.log_LineInfo] Generated code: C:\Users\wshan\.st_workbench\projects\ElectronicSpeedControl_ESC-G4\Src\mc_parameters.c
2026-08-04 17:21:50,544 DEBUG [LineInfo_to_exitCode.log_LineInfo] 2026-08-04 17:21:50,543 [INFO] CodeEngine:239 - oldGeneratedFile, C:\Users\wshan\.st_workbench\projects\ElectronicSpeedControl_ESC-G4\Src\hf_registers.c_save
2026-08-04 17:21:50,593 INFO  [LineInfo_to_exitCode.log_LineInfo] Generated code: C:\Users\wshan\.st_workbench\projects\ElectronicSpeedControl_ESC-G4\Src\hf_registers.c
2026-08-04 17:21:50,597 DEBUG [LineInfo_to_exitCode.log_LineInfo] 2026-08-04 17:21:50,596 [INFO] CodeEngine:239 - oldGeneratedFile, C:\Users\wshan\.st_workbench\projects\ElectronicSpeedControl_ESC-G4\Src\sync_registers.c_save
2026-08-04 17:21:50,672 INFO  [LineInfo_to_exitCode.log_LineInfo] Generated code: C:\Users\wshan\.st_workbench\projects\ElectronicSpeedControl_ESC-G4\Src\sync_registers.c
2026-08-04 17:21:50,676 DEBUG [LineInfo_to_exitCode.log_LineInfo] 2026-08-04 17:21:50,676 [INFO] CodeEngine:239 - oldGeneratedFile, C:\Users\wshan\.st_workbench\projects\ElectronicSpeedControl_ESC-G4\Src\mcp.c_save
2026-08-04 17:21:50,725 INFO  [LineInfo_to_exitCode.log_LineInfo] Generated code: C:\Users\wshan\.st_workbench\projects\ElectronicSpeedControl_ESC-G4\Src\mcp.c
2026-08-04 17:21:50,729 DEBUG [LineInfo_to_exitCode.log_LineInfo] 2026-08-04 17:21:50,729 [INFO] CodeEngine:239 - oldGeneratedFile, C:\Users\wshan\.st_workbench\projects\ElectronicSpeedControl_ESC-G4\Inc\register_interface.h_save
2026-08-04 17:21:50,779 INFO  [LineInfo_to_exitCode.log_LineInfo] Generated code: C:\Users\wshan\.st_workbench\projects\ElectronicSpeedControl_ESC-G4\Inc\register_interface.h
2026-08-04 17:21:50,784 DEBUG [LineInfo_to_exitCode.log_LineInfo] 2026-08-04 17:21:50,783 [INFO] CodeEngine:239 - oldGeneratedFile, C:\Users\wshan\.st_workbench\projects\ElectronicSpeedControl_ESC-G4\Src\usart_aspep_driver.c_save
2026-08-04 17:21:50,830 INFO  [LineInfo_to_exitCode.log_LineInfo] Generated code: C:\Users\wshan\.st_workbench\projects\ElectronicSpeedControl_ESC-G4\Src\usart_aspep_driver.c
2026-08-04 17:21:50,834 DEBUG [LineInfo_to_exitCode.log_LineInfo] 2026-08-04 17:21:50,833 [INFO] CodeEngine:239 - oldGeneratedFile, C:\Users\wshan\.st_workbench\projects\ElectronicSpeedControl_ESC-G4\Src\mc_configuration_registers.c_save
2026-08-04 17:21:50,882 INFO  [LineInfo_to_exitCode.log_LineInfo] Generated code: C:\Users\wshan\.st_workbench\projects\ElectronicSpeedControl_ESC-G4\Src\mc_configuration_registers.c
2026-08-04 17:21:50,886 DEBUG [LineInfo_to_exitCode.log_LineInfo] 2026-08-04 17:21:50,885 [INFO] CodeEngine:239 - oldGeneratedFile, C:\Users\wshan\.st_workbench\projects\ElectronicSpeedControl_ESC-G4\Inc\mc_configuration_registers.h_save
2026-08-04 17:21:50,941 INFO  [LineInfo_to_exitCode.log_LineInfo] Generated code: C:\Users\wshan\.st_workbench\projects\ElectronicSpeedControl_ESC-G4\Inc\mc_configuration_registers.h
2026-08-04 17:21:50,945 DEBUG [LineInfo_to_exitCode.log_LineInfo] 2026-08-04 17:21:50,945 [INFO] CodeEngine:239 - oldGeneratedFile, C:\Users\wshan\.st_workbench\projects\ElectronicSpeedControl_ESC-G4\Inc\aspep.h_save
2026-08-04 17:21:50,994 INFO  [LineInfo_to_exitCode.log_LineInfo] Generated code: C:\Users\wshan\.st_workbench\projects\ElectronicSpeedControl_ESC-G4\Inc\aspep.h
2026-08-04 17:21:50,998 DEBUG [LineInfo_to_exitCode.log_LineInfo] 2026-08-04 17:21:50,998 [INFO] CodeEngine:239 - oldGeneratedFile, C:\Users\wshan\.st_workbench\projects\ElectronicSpeedControl_ESC-G4\Src\aspep.c_save
2026-08-04 17:21:51,052 INFO  [LineInfo_to_exitCode.log_LineInfo] Generated code: C:\Users\wshan\.st_workbench\projects\ElectronicSpeedControl_ESC-G4\Src\aspep.c
2026-08-04 17:21:51,055 DEBUG [LineInfo_to_exitCode.log_LineInfo] 2026-08-04 17:21:51,055 [INFO] CodeEngine:239 - oldGeneratedFile, C:\Users\wshan\.st_workbench\projects\ElectronicSpeedControl_ESC-G4\Inc\mc_app_hooks.h_save
2026-08-04 17:21:51,097 INFO  [LineInfo_to_exitCode.log_LineInfo] Generated code: C:\Users\wshan\.st_workbench\projects\ElectronicSpeedControl_ESC-G4\Inc\mc_app_hooks.h
2026-08-04 17:21:51,100 DEBUG [LineInfo_to_exitCode.log_LineInfo] 2026-08-04 17:21:51,100 [INFO] CodeEngine:239 - oldGeneratedFile, C:\Users\wshan\.st_workbench\projects\ElectronicSpeedControl_ESC-G4\Src\mc_app_hooks.c_save
2026-08-04 17:21:51,148 INFO  [LineInfo_to_exitCode.log_LineInfo] Generated code: C:\Users\wshan\.st_workbench\projects\ElectronicSpeedControl_ESC-G4\Src\mc_app_hooks.c
2026-08-04 17:21:51,166 DEBUG [LineInfo_to_exitCode.log_LineInfo] 2026-08-04 17:21:51,166 [INFO] CodeEngine:239 - oldGeneratedFile, C:\Users\wshan\.st_workbench\projects\ElectronicSpeedControl_ESC-G4\Src\stm32g4xx_it.c_save
2026-08-04 17:21:51,222 INFO  [LineInfo_to_exitCode.log_LineInfo] Generated code: C:\Users\wshan\.st_workbench\projects\ElectronicSpeedControl_ESC-G4\Src\stm32g4xx_it.c
2026-08-04 17:21:51,226 DEBUG [LineInfo_to_exitCode.log_LineInfo] 2026-08-04 17:21:51,226 [INFO] CodeEngine:239 - oldGeneratedFile, C:\Users\wshan\.st_workbench\projects\ElectronicSpeedControl_ESC-G4\Inc\stm32g4xx_it.h_save
2026-08-04 17:21:51,267 INFO  [LineInfo_to_exitCode.log_LineInfo] Generated code: C:\Users\wshan\.st_workbench\projects\ElectronicSpeedControl_ESC-G4\Inc\stm32g4xx_it.h
2026-08-04 17:21:51,278 DEBUG [LineInfo_to_exitCode.log_LineInfo] 2026-08-04 17:21:51,278 [INFO] CodeEngine:239 - oldGeneratedFile, C:\Users\wshan\.st_workbench\projects\ElectronicSpeedControl_ESC-G4\Src\stm32g4xx_hal_msp.c_save
2026-08-04 17:21:51,362 INFO  [LineInfo_to_exitCode.log_LineInfo] Generated code: C:\Users\wshan\.st_workbench\projects\ElectronicSpeedControl_ESC-G4\Src\stm32g4xx_hal_msp.c
2026-08-04 17:21:51,365 DEBUG [LineInfo_to_exitCode.log_LineInfo] 2026-08-04 17:21:51,365 [INFO] CodeEngine:239 - oldGeneratedFile, C:\Users\wshan\.st_workbench\projects\ElectronicSpeedControl_ESC-G4\MXTmpFiles\system.tmp_save
2026-08-04 17:21:51,405 DEBUG [LineInfo_to_exitCode.log_LineInfo] 2026-08-04 17:21:51,405 [INFO] CodeEngine:257 - Generated code: C:\Users\wshan\.st_workbench\projects\ElectronicSpeedControl_ESC-G4\MXTmpFiles\system.tmp
2026-08-04 17:21:51,414 DEBUG [LineInfo_to_exitCode.log_LineInfo] 2026-08-04 17:21:51,414 [INFO] CodeEngine:239 - oldGeneratedFile, C:\Users\wshan\.st_workbench\projects\ElectronicSpeedControl_ESC-G4\Inc\stm32g4xx_hal_conf.h_save
2026-08-04 17:21:51,456 INFO  [LineInfo_to_exitCode.log_LineInfo] Generated code: C:\Users\wshan\.st_workbench\projects\ElectronicSpeedControl_ESC-G4\Inc\stm32g4xx_hal_conf.h
2026-08-04 17:21:51,500 DEBUG [LineInfo_to_exitCode.log_LineInfo] 2026-08-04 17:21:51,498 [INFO] CodeEngine:239 - oldGeneratedFile, C:\Users\wshan\.st_workbench\projects\ElectronicSpeedControl_ESC-G4\Inc\main.h_save
2026-08-04 17:21:51,543 INFO  [LineInfo_to_exitCode.log_LineInfo] Generated code: C:\Users\wshan\.st_workbench\projects\ElectronicSpeedControl_ESC-G4\Inc\main.h
2026-08-04 17:21:51,547 DEBUG [LineInfo_to_exitCode.log_LineInfo] 2026-08-04 17:21:51,547 [INFO] CodeEngine:239 - oldGeneratedFile, C:\Users\wshan\.st_workbench\projects\ElectronicSpeedControl_ESC-G4\Src\main.c_save
2026-08-04 17:21:51,632 INFO  [LineInfo_to_exitCode.log_LineInfo] Generated code: C:\Users\wshan\.st_workbench\projects\ElectronicSpeedControl_ESC-G4\Src\main.c
2026-08-04 17:22:22,044 DEBUG [IOCDialogController.lambda$onClose$8] IOCGenerationDialog exists with return code 1
2026-08-04 17:22:29,892 DEBUG [WB_to_MX.lambda$run_gui_mode$0] Arguments: [-mx_timeout, -1, -pack, assets/MotorControlPack/MotorControl.zip, -exp, templates/wb-defines_where_and_what.txt, -ftl, templates/wb_ioc_template.ftl, -xdm, C:\Users\wshan\.st_workbench\projects\ElectronicSpeedControl_ESC-G4\ElectronicSpeedControl_ESC-G4.wbdef, -ioc, C:\Users\wshan\.st_workbench\projects\ElectronicSpeedControl_ESC-G4\ElectronicSpeedControl_ESC-G4.ioc]
2026-08-04 17:22:29,892 DEBUG [ArgsValue.lambda$retrieve$2] CLI_ARG[ftl]: templates/wb_ioc_template.ftl
2026-08-04 17:22:29,892 DEBUG [ArgsValue.lambda$retrieve$2] CLI_ARG[exp]: templates/wb-defines_where_and_what.txt
2026-08-04 17:22:29,892 DEBUG [ArgsValue.lambda$retrieve$2] CLI_ARG[xdm]: C:\Users\wshan\.st_workbench\projects\ElectronicSpeedControl_ESC-G4\ElectronicSpeedControl_ESC-G4.wbdef
2026-08-04 17:22:29,893 DEBUG [ArgsValue.lambda$retrieve$2] CLI_ARG[ioc]: C:\Users\wshan\.st_workbench\projects\ElectronicSpeedControl_ESC-G4\ElectronicSpeedControl_ESC-G4.ioc
2026-08-04 17:22:29,893 DEBUG [ArgsValue.lambda$retrieve$2] CLI_ARG[pack]: assets/MotorControlPack/MotorControl.zip
2026-08-04 17:22:29,893 DEBUG [ArgsValue.lambda$retrieve$2] CLI_ARG[mx_timeout]: -1
2026-08-04 17:22:29,893 DEBUG [ArgsValue.retrieve] {xdm=C:\Users\wshan\.st_workbench\projects\ElectronicSpeedControl_ESC-G4\ElectronicSpeedControl_ESC-G4.wbdef, updftl=templates/wb_ioc_mc-middleware.ftl, mx_timeout=-1, exp=templates/wb-defines_where_and_what.txt, ioc=C:\Users\wshan\.st_workbench\projects\ElectronicSpeedControl_ESC-G4\ElectronicSpeedControl_ESC-G4.ioc, pack=assets/MotorControlPack/MotorControl.zip, ftl=templates/wb_ioc_template.ftl}
2026-08-04 17:22:29,893 DEBUG [WB_to_MX.run] Targeted MCU family = G4
2026-08-04 17:22:29,893 DEBUG [WB_to_MX.run] Minimum associated CubeMx to the `6.0.0-a0` targeted MCU family is `G4`
2026-08-04 17:22:42,764 DEBUG [EnvironmentChecker.checkPack] STM32CubeMX.Version: 6.3.0-RC5
2026-08-04 17:22:42,766 DEBUG [RetrieveFirmwareVersion.from_zip] Trying to read Firmware version from zipped version Pack: C:\Program Files (x86)\STMicroelectronics\MC_SDK_6.4.2\Utilities\PC_Software\STMCWB\assets\MotorControlPack\MotorControl.zip
2026-08-04 17:22:42,778 DEBUG [RetrieveFirmwareVersion.minimum_supporte_version] minimum_supporte_version MotorControlFirmware.Version: 6.4.2-Full
2026-08-04 17:22:42,778 DEBUG [PackInfoFactory.deploy_MCPack_to_MxRepo] Deployment strategy class: VersionedFolderStyle_MCPackDeployer
2026-08-04 17:22:42,779 DEBUG [PackInfoFactory.deploy_MCPack_to_MxRepo] Expected MC Pack 6.4.2-Full already deployed
2026-08-04 17:22:42,783 DEBUG [DataSetUpdater.update] Updating data set
2026-08-04 17:22:42,783 DEBUG [DataSetUpdater.update] Update done
2026-08-04 17:22:42,783 INFO  [IocGenerator.logModulesVersionInfo] Version info: 
2026-08-04 17:22:42,784 INFO  [IocGenerator.logModulesVersionInfo]   MC Workbench       : 6.4.2
2026-08-04 17:22:42,784 INFO  [IocGenerator.logModulesVersionInfo]   WB_to_Mx           : 6.4.2.template-25-05-06
2026-08-04 17:22:42,784 INFO  [IocGenerator.logModulesVersionInfo]   STM32CubeMX        : 6.3.0
2026-08-04 17:22:42,784 INFO  [IocGenerator.logModulesVersionInfo]   MC Firmware Library: 6.4.2-Full
2026-08-04 17:22:42,784 INFO  [IocGenerator.logModulesVersionInfo] 
Generation options: 
2026-08-04 17:22:42,785 INFO  [IocGenerator.logModulesVersionInfo]   Target Toolchain   : ST STM32CubeIDE
2026-08-04 17:22:42,785 INFO  [IocGenerator.logModulesVersionInfo]   Target Driver      : HAL - Hardware Abstraction Layer
2026-08-04 17:22:42,785 INFO  [IocGenerator.logModulesVersionInfo]   Target STM32 FW    : 1.6.2

2026-08-04 17:22:42,785 DEBUG [IocGenerator.process] C:\Users\wshan\.st_workbench\projects\ElectronicSpeedControl_ESC-G4\ElectronicSpeedControl_ESC-G4.ioc ioc file: Generating
2026-08-04 17:22:42,786 DEBUG [IocGenerator.createOutput] Generating file from template templates\wb_ioc_template.ftl
2026-08-04 17:22:43,273 DEBUG [IocGenerator.process] ioc file C:\Users\wshan\.st_workbench\projects\ElectronicSpeedControl_ESC-G4\ElectronicSpeedControl_ESC-G4.ioc Generated
2026-08-04 17:22:43,274 INFO  [LineInfo_to_exitCode.log_LineInfo] C:\Users\wshan\.st_workbench\projects\ElectronicSpeedControl_ESC-G4\ElectronicSpeedControl_ESC-G4.ioc ioc: Generated
2026-08-04 17:22:43,349 INFO  [Wb2MxProcess.lambda$copyFolder$e7a869af$1] Folder Overwritten C:\Users\wshan\.st_workbench\projects\ElectronicSpeedControl_ESC-G4\ftl
2026-08-04 17:22:43,357 INFO  [extSettings.lambda$writeContentToFile$f5919002$1] Generated C:\Users\wshan\.st_workbench\projects\ElectronicSpeedControl_ESC-G4\.extSettings
2026-08-04 17:22:43,360 INFO  [Wb2MxProcess.lambda$run$$19] 
Started STM32CubeMX for final c-code generation
2026-08-04 17:22:43,362 DEBUG [CubeMxRunner.create_code_generation_script_for] Generated CubeMx script file: C:\Users\wshan\AppData\Local\Temp\WB_to_Mx-electronicspeedcontrolescg-503924825873865958.script
2026-08-04 17:22:43,689 DEBUG [LineInfo_to_exitCode.log_LineInfo] 2026-08-04 17:22:43,688 [INFO] MicroXplorer:89 - [MX] MX Start == 114308836101200
2026-08-04 17:22:43,689 DEBUG [LineInfo_to_exitCode.log_LineInfo] 2026-08-04 17:22:43,689 [INFO] MicroXplorer:633 - Detected Java Version = 11.0.10
2026-08-04 17:22:43,693 DEBUG [LineInfo_to_exitCode.log_LineInfo] 2026-08-04 17:22:43,693 [INFO] ApplicationProperties:181 - Using Application install path: C:\Program Files\STMicroelectronics\STM32Cube\STM32CubeMX
2026-08-04 17:22:43,703 DEBUG [LineInfo_to_exitCode.log_LineInfo] 2026-08-04 17:22:43,701 [INFO] DbMcusXml:74 - Set database path to: C:\Program Files\STMicroelectronics\STM32Cube\STM32CubeMX\\db\/mcu/
2026-08-04 17:22:43,705 DEBUG [LineInfo_to_exitCode.log_LineInfo] 2026-08-04 17:22:43,705 [INFO] DbBoardsPdsc:56 - Set plugin database path to: C:\Program Files\STMicroelectronics\STM32Cube\STM32CubeMX\\db\/plugins/boardmanager/
2026-08-04 17:22:43,705 DEBUG [LineInfo_to_exitCode.log_LineInfo] 2026-08-04 17:22:43,705 [INFO] DbMcus:258 - Set plugin images path to: C:\Program Files\STMicroelectronics\STM32Cube\STM32CubeMX\\db\/plugins/mcufinder/images/
2026-08-04 17:22:43,706 DEBUG [LineInfo_to_exitCode.log_LineInfo] 2026-08-04 17:22:43,705 [INFO] DbBoards:264 - Set plugin images path to: C:\Program Files\STMicroelectronics\STM32Cube\STM32CubeMX\\db\/plugins/mcufinder/images/
2026-08-04 17:22:43,707 DEBUG [LineInfo_to_exitCode.log_LineInfo] 2026-08-04 17:22:43,707 [INFO] DbExamples:333 - Set plugin images path to: C:\Program Files\STMicroelectronics\STM32Cube\STM32CubeMX\\db\/plugins/mcufinder/images/
2026-08-04 17:22:43,708 DEBUG [LineInfo_to_exitCode.log_LineInfo] 2026-08-04 17:22:43,707 [INFO] McuFinderGlobals:39 - Set McuFinder mode to 1 (CubeMX integrated)
2026-08-04 17:22:43,712 DEBUG [LineInfo_to_exitCode.log_LineInfo] 2026-08-04 17:22:43,711 [INFO] DbMcusAds:119 - Set database path to: C:\Users\wshan\.stmcufinder\plugins\mcufinder//mcu/
2026-08-04 17:22:43,712 DEBUG [LineInfo_to_exitCode.log_LineInfo] 2026-08-04 17:22:43,712 [INFO] DbMcusDocs:110 - Set database path to: C:\Users\wshan\.stmcufinder\plugins\mcufinder//mcu/
2026-08-04 17:22:43,713 DEBUG [LineInfo_to_exitCode.log_LineInfo] 2026-08-04 17:22:43,713 [INFO] DbMcusJson:64 - Set database path to: C:\Users\wshan\.stmcufinder\plugins\mcufinder//mcu/
2026-08-04 17:22:43,715 DEBUG [LineInfo_to_exitCode.log_LineInfo] 2026-08-04 17:22:43,714 [INFO] DbBoardsDocs:110 - Set database path to: C:\Users\wshan\.stmcufinder\plugins\mcufinder//mcu/
2026-08-04 17:22:43,716 DEBUG [LineInfo_to_exitCode.log_LineInfo] 2026-08-04 17:22:43,716 [INFO] DbBoardsJson:57 - Set database path to: C:\Users\wshan\.stmcufinder\plugins\mcufinder//mcu/
2026-08-04 17:22:43,785 DEBUG [LineInfo_to_exitCode.log_LineInfo] 2026-08-04 17:22:43,784 [INFO] CrossReferenceDbSqlite:196 - Set database path to: C:\Users\wshan\.stmcufinder\plugins\mcufinder//mcu/cs/
2026-08-04 17:22:43,788 DEBUG [LineInfo_to_exitCode.log_LineInfo] 2026-08-04 17:22:43,786 [INFO] DbExamplesSqlite:767 - Set database path to: C:\Users\wshan\.stmcufinder\plugins\mcufinder//mcu/
2026-08-04 17:22:43,905 DEBUG [LineInfo_to_exitCode.log_LineInfo] 2026-08-04 17:22:43,904 [INFO] RulesReader:57 - Compatibility file has been processed (242 Rules)
2026-08-04 17:22:43,967 DEBUG [LineInfo_to_exitCode.log_LineInfo] 2026-08-04 17:22:43,967 [INFO] STM32CubeMX:55 - Starting STM32CubeMX
2026-08-04 17:22:44,650 DEBUG [LineInfo_to_exitCode.log_LineInfo] 2026-08-04 17:22:44,649 [INFO] MainPanel:214 - HeapMemory: 528482304
2026-08-04 17:22:44,749 DEBUG [LineInfo_to_exitCode.log_LineInfo] 2026-08-04 17:22:44,749 [INFO] DbMcusXml:74 - Set database path to: C:\Program Files\STMicroelectronics\STM32Cube\STM32CubeMX\\db\/mcu/
2026-08-04 17:22:44,751 DEBUG [LineInfo_to_exitCode.log_LineInfo] 2026-08-04 17:22:44,749 [INFO] DbBoardsPdsc:56 - Set plugin database path to: C:\Program Files\STMicroelectronics\STM32Cube\STM32CubeMX\\db\/plugins/boardmanager/
2026-08-04 17:22:44,751 DEBUG [LineInfo_to_exitCode.log_LineInfo] 2026-08-04 17:22:44,751 [INFO] DbMcus:258 - Set plugin images path to: C:\Program Files\STMicroelectronics\STM32Cube\STM32CubeMX\\db\/plugins/mcufinder/images/
2026-08-04 17:22:44,751 DEBUG [LineInfo_to_exitCode.log_LineInfo] 2026-08-04 17:22:44,751 [INFO] DbBoards:264 - Set plugin images path to: C:\Program Files\STMicroelectronics\STM32Cube\STM32CubeMX\\db\/plugins/mcufinder/images/
2026-08-04 17:22:44,751 DEBUG [LineInfo_to_exitCode.log_LineInfo] 2026-08-04 17:22:44,751 [INFO] DbExamples:333 - Set plugin images path to: C:\Program Files\STMicroelectronics\STM32Cube\STM32CubeMX\\db\/plugins/mcufinder/images/
2026-08-04 17:22:44,751 DEBUG [LineInfo_to_exitCode.log_LineInfo] 2026-08-04 17:22:44,751 [INFO] DbMcusAds:119 - Set database path to: C:\Users\wshan\.stmcufinder\plugins\mcufinder//mcu/
2026-08-04 17:22:44,752 DEBUG [LineInfo_to_exitCode.log_LineInfo] 2026-08-04 17:22:44,752 [INFO] DbMcusDocs:110 - Set database path to: C:\Users\wshan\.stmcufinder\plugins\mcufinder//mcu/
2026-08-04 17:22:44,752 DEBUG [LineInfo_to_exitCode.log_LineInfo] 2026-08-04 17:22:44,752 [INFO] DbMcusJson:64 - Set database path to: C:\Users\wshan\.stmcufinder\plugins\mcufinder//mcu/
2026-08-04 17:22:44,752 DEBUG [LineInfo_to_exitCode.log_LineInfo] 2026-08-04 17:22:44,752 [INFO] DbBoardsDocs:110 - Set database path to: C:\Users\wshan\.stmcufinder\plugins\mcufinder//mcu/
2026-08-04 17:22:44,752 DEBUG [LineInfo_to_exitCode.log_LineInfo] 2026-08-04 17:22:44,752 [INFO] DbBoardsJson:57 - Set database path to: C:\Users\wshan\.stmcufinder\plugins\mcufinder//mcu/
2026-08-04 17:22:44,753 DEBUG [LineInfo_to_exitCode.log_LineInfo] 2026-08-04 17:22:44,752 [INFO] CrossReferenceDbSqlite:196 - Set database path to: C:\Users\wshan\.stmcufinder\plugins\mcufinder//mcu/cs/
2026-08-04 17:22:44,753 DEBUG [LineInfo_to_exitCode.log_LineInfo] 2026-08-04 17:22:44,753 [INFO] DbExamplesSqlite:767 - Set database path to: C:\Users\wshan\.stmcufinder\plugins\mcufinder//mcu/
2026-08-04 17:22:44,768 DEBUG [LineInfo_to_exitCode.log_LineInfo] 2026-08-04 17:22:44,768 [INFO] ApplicationProperties:181 - Using Application install path: C:\Program Files\STMicroelectronics\STM32Cube\STM32CubeMX
2026-08-04 17:22:44,769 DEBUG [LineInfo_to_exitCode.log_LineInfo] 2026-08-04 17:22:44,769 [INFO] PluginManage:188 - Search for loadable plugins [exclusion list=, ]
2026-08-04 17:22:44,771 DEBUG [LineInfo_to_exitCode.log_LineInfo] 2026-08-04 17:22:44,770 [INFO] PluginManage:302 - Check plugin analytics
2026-08-04 17:22:44,972 DEBUG [LineInfo_to_exitCode.log_LineInfo] 2026-08-04 17:22:44,972 [INFO] AnalyticsPlugin:257 - Accepted Software Licenses: STM32CubeMX.6.3.0,STM32CubeMX.6.10.0,STM32CubeMX.6.15.0
2026-08-04 17:22:44,972 DEBUG [LineInfo_to_exitCode.log_LineInfo] 2026-08-04 17:22:44,972 [INFO] AnalyticsPlugin:259 - Accepted CMSIS Pack Licenses: 
2026-08-04 17:22:44,972 DEBUG [LineInfo_to_exitCode.log_LineInfo] 2026-08-04 17:22:44,972 [INFO] AnalyticsPlugin:261 - Accepted Firmware Licenses: FW.F7.1.17.0,FW.WBA.1.4.0,FW.G0.1.6.0,FW.F4.1.28.0,FW.MP2.1.2.0
2026-08-04 17:22:44,973 DEBUG [LineInfo_to_exitCode.log_LineInfo] 2026-08-04 17:22:44,973 [INFO] PluginManage:352 - Loaded plugin analytics (category:tool,tabindex:-1)
2026-08-04 17:22:44,974 DEBUG [LineInfo_to_exitCode.log_LineInfo] 2026-08-04 17:22:44,973 [INFO] PluginManage:302 - Check plugin clock
2026-08-04 17:22:44,980 DEBUG [LineInfo_to_exitCode.log_LineInfo] 2026-08-04 17:22:44,979 [INFO] PluginManage:352 - Loaded plugin clock (category:base,tabindex:2)
2026-08-04 17:22:44,980 DEBUG [LineInfo_to_exitCode.log_LineInfo] 2026-08-04 17:22:44,980 [INFO] PluginManage:302 - Check plugin ddr
2026-08-04 17:22:44,982 DEBUG [LineInfo_to_exitCode.log_LineInfo] 2026-08-04 17:22:44,982 [INFO] PluginManage:352 - Loaded plugin ddr (category:tool,tabindex:6)
2026-08-04 17:22:44,983 DEBUG [LineInfo_to_exitCode.log_LineInfo] 2026-08-04 17:22:44,982 [INFO] PluginManage:302 - Check plugin filemanager
2026-08-04 17:22:45,086 DEBUG [LineInfo_to_exitCode.log_LineInfo] 2026-08-04 17:22:45,085 [INFO] PluginManage:352 - Loaded plugin filemanager (category:base,tabindex:10)
2026-08-04 17:22:45,086 DEBUG [LineInfo_to_exitCode.log_LineInfo] 2026-08-04 17:22:45,085 [INFO] PluginManage:302 - Check plugin ipmanager
2026-08-04 17:22:45,094 DEBUG [LineInfo_to_exitCode.log_LineInfo] 2026-08-04 17:22:45,093 [INFO] PluginManage:352 - Loaded plugin ipmanager (category:base,tabindex:5)
2026-08-04 17:22:45,094 DEBUG [LineInfo_to_exitCode.log_LineInfo] 2026-08-04 17:22:45,094 [INFO] PluginManage:302 - Check plugin pinoutandconfiguration
2026-08-04 17:22:45,100 DEBUG [LineInfo_to_exitCode.log_LineInfo] 2026-08-04 17:22:45,099 [INFO] PluginManage:352 - Loaded plugin pinoutandconfiguration (category:base,tabindex:1)
2026-08-04 17:22:45,100 DEBUG [LineInfo_to_exitCode.log_LineInfo] 2026-08-04 17:22:45,100 [INFO] PluginManage:302 - Check plugin pinoutconfig
2026-08-04 17:22:45,151 DEBUG [LineInfo_to_exitCode.log_LineInfo] 2026-08-04 17:22:45,151 [INFO] PluginManage:352 - Loaded plugin pinoutconfig (category:base,tabindex:0)
2026-08-04 17:22:45,152 DEBUG [LineInfo_to_exitCode.log_LineInfo] 2026-08-04 17:22:45,151 [INFO] PluginManage:302 - Check plugin power
2026-08-04 17:22:45,161 DEBUG [LineInfo_to_exitCode.log_LineInfo] 2026-08-04 17:22:45,161 [INFO] PluginManage:352 - Loaded plugin power (category:power,tabindex:4)
2026-08-04 17:22:45,162 DEBUG [LineInfo_to_exitCode.log_LineInfo] 2026-08-04 17:22:45,161 [INFO] PluginManage:302 - Check plugin projectmanager
2026-08-04 17:22:45,217 DEBUG [LineInfo_to_exitCode.log_LineInfo] 2026-08-04 17:22:45,217 [INFO] PluginManage:352 - Loaded plugin projectmanager (category:projectmanager,tabindex:3)
2026-08-04 17:22:45,217 DEBUG [LineInfo_to_exitCode.log_LineInfo] 2026-08-04 17:22:45,217 [INFO] PluginManage:302 - Check plugin thirdparty
2026-08-04 17:22:45,316 DEBUG [LineInfo_to_exitCode.log_LineInfo] 2026-08-04 17:22:45,315 [INFO] PluginManage:352 - Loaded plugin thirdparty (category:base,tabindex:-1)
2026-08-04 17:22:45,318 DEBUG [LineInfo_to_exitCode.log_LineInfo] 2026-08-04 17:22:45,317 [INFO] PluginManage:302 - Check plugin tools
2026-08-04 17:22:45,319 DEBUG [LineInfo_to_exitCode.log_LineInfo] 2026-08-04 17:22:45,318 [INFO] IntegrityCheckThread:80 - entering critical section [integrity check]
2026-08-04 17:22:45,319 DEBUG [LineInfo_to_exitCode.log_LineInfo] 2026-08-04 17:22:45,318 [INFO] ThirdPartyUpdaterWithRetryManager:66 - Updater plugin not ready yet. [1/15]
2026-08-04 17:22:45,320 DEBUG [LineInfo_to_exitCode.log_LineInfo] 2026-08-04 17:22:45,320 [INFO] PluginManage:352 - Loaded plugin tools (category:base,tabindex:7)
2026-08-04 17:22:45,320 DEBUG [LineInfo_to_exitCode.log_LineInfo] 2026-08-04 17:22:45,320 [INFO] PluginManage:302 - Check plugin tutovideos
2026-08-04 17:22:45,470 DEBUG [LineInfo_to_exitCode.log_LineInfo] 2026-08-04 17:22:45,470 [INFO] PluginManage:352 - Loaded plugin tutovideos (category:base,tabindex:-1)
2026-08-04 17:22:45,471 DEBUG [LineInfo_to_exitCode.log_LineInfo] 2026-08-04 17:22:45,470 [INFO] PluginManage:302 - Check plugin updater
2026-08-04 17:22:45,484 DEBUG [LineInfo_to_exitCode.log_LineInfo] 2026-08-04 17:22:45,484 [INFO] PluginManage:352 - Loaded plugin updater (category:base,tabindex:12)
2026-08-04 17:22:45,484 DEBUG [LineInfo_to_exitCode.log_LineInfo] 2026-08-04 17:22:45,484 [INFO] PluginManage:275 - PluginManage : Loaded plugins [13]
2026-08-04 17:22:45,657 DEBUG [LineInfo_to_exitCode.log_LineInfo] 2026-08-04 17:22:45,657 [INFO] PinOutPanel:1463 - setPackage(No Configuration,No Configuration)
2026-08-04 17:22:45,738 DEBUG [LineInfo_to_exitCode.log_LineInfo] 2026-08-04 17:22:45,738 [INFO] IPUIPlugin:74 - create IPUIPlugin
2026-08-04 17:22:45,739 DEBUG [LineInfo_to_exitCode.log_LineInfo] 2026-08-04 17:22:45,738 [INFO] PluginManager:213 - loadIPPluginJar : add adc
2026-08-04 17:22:45,741 DEBUG [LineInfo_to_exitCode.log_LineInfo] 2026-08-04 17:22:45,741 [INFO] IPUIPlugin:74 - create IPUIPlugin
2026-08-04 17:22:45,741 DEBUG [LineInfo_to_exitCode.log_LineInfo] 2026-08-04 17:22:45,741 [INFO] PluginManager:213 - loadIPPluginJar : add aes
2026-08-04 17:22:45,744 DEBUG [LineInfo_to_exitCode.log_LineInfo] 2026-08-04 17:22:45,743 [INFO] IPUIPlugin:74 - create IPUIPlugin
2026-08-04 17:22:45,744 DEBUG [LineInfo_to_exitCode.log_LineInfo] 2026-08-04 17:22:45,744 [INFO] PluginManager:213 - loadIPPluginJar : add can
2026-08-04 17:22:45,746 DEBUG [LineInfo_to_exitCode.log_LineInfo] 2026-08-04 17:22:45,745 [INFO] IPUIPlugin:74 - create IPUIPlugin
2026-08-04 17:22:45,746 DEBUG [LineInfo_to_exitCode.log_LineInfo] 2026-08-04 17:22:45,746 [INFO] PluginManager:213 - loadIPPluginJar : add comp
2026-08-04 17:22:45,748 DEBUG [LineInfo_to_exitCode.log_LineInfo] 2026-08-04 17:22:45,748 [INFO] IPUIPlugin:74 - create IPUIPlugin
2026-08-04 17:22:45,748 DEBUG [LineInfo_to_exitCode.log_LineInfo] 2026-08-04 17:22:45,748 [INFO] PluginManager:213 - loadIPPluginJar : add cryp
2026-08-04 17:22:45,750 DEBUG [LineInfo_to_exitCode.log_LineInfo] 2026-08-04 17:22:45,750 [INFO] IPUIPlugin:74 - create IPUIPlugin
2026-08-04 17:22:45,750 DEBUG [LineInfo_to_exitCode.log_LineInfo] 2026-08-04 17:22:45,750 [INFO] PluginManager:213 - loadIPPluginJar : add dfsdm
2026-08-04 17:22:45,755 DEBUG [LineInfo_to_exitCode.log_LineInfo] 2026-08-04 17:22:45,754 [INFO] IPUIPlugin:74 - create IPUIPlugin
2026-08-04 17:22:45,756 DEBUG [LineInfo_to_exitCode.log_LineInfo] 2026-08-04 17:22:45,755 [INFO] PluginManager:213 - loadIPPluginJar : add dma
2026-08-04 17:22:45,758 DEBUG [LineInfo_to_exitCode.log_LineInfo] 2026-08-04 17:22:45,758 [INFO] IPUIPlugin:74 - create IPUIPlugin
2026-08-04 17:22:45,758 DEBUG [LineInfo_to_exitCode.log_LineInfo] 2026-08-04 17:22:45,758 [INFO] PluginManager:213 - loadIPPluginJar : add dma3
2026-08-04 17:22:45,759 DEBUG [LineInfo_to_exitCode.log_LineInfo] 2026-08-04 17:22:45,759 [INFO] IPUIPlugin:74 - create IPUIPlugin
2026-08-04 17:22:45,760 DEBUG [LineInfo_to_exitCode.log_LineInfo] 2026-08-04 17:22:45,759 [INFO] PluginManager:213 - loadIPPluginJar : add fatfs
2026-08-04 17:22:45,763 DEBUG [LineInfo_to_exitCode.log_LineInfo] 2026-08-04 17:22:45,762 [INFO] IPUIPlugin:74 - create IPUIPlugin
2026-08-04 17:22:45,763 DEBUG [LineInfo_to_exitCode.log_LineInfo] 2026-08-04 17:22:45,762 [INFO] PluginManager:213 - loadIPPluginJar : add fmc
2026-08-04 17:22:45,767 DEBUG [LineInfo_to_exitCode.log_LineInfo] 2026-08-04 17:22:45,767 [INFO] IPUIPlugin:74 - create IPUIPlugin
2026-08-04 17:22:45,769 DEBUG [LineInfo_to_exitCode.log_LineInfo] 2026-08-04 17:22:45,767 [INFO] PluginManager:213 - loadIPPluginJar : add freertos
2026-08-04 17:22:45,770 DEBUG [LineInfo_to_exitCode.log_LineInfo] 2026-08-04 17:22:45,770 [INFO] IPUIPlugin:74 - create IPUIPlugin
2026-08-04 17:22:45,770 DEBUG [LineInfo_to_exitCode.log_LineInfo] 2026-08-04 17:22:45,770 [INFO] PluginManager:213 - loadIPPluginJar : add genericplugin
2026-08-04 17:22:45,771 DEBUG [LineInfo_to_exitCode.log_LineInfo] 2026-08-04 17:22:45,771 [INFO] IPUIPlugin:74 - create IPUIPlugin
2026-08-04 17:22:45,771 DEBUG [LineInfo_to_exitCode.log_LineInfo] 2026-08-04 17:22:45,771 [INFO] PluginManager:213 - loadIPPluginJar : add gfxmmu
2026-08-04 17:22:45,775 DEBUG [LineInfo_to_exitCode.log_LineInfo] 2026-08-04 17:22:45,774 [INFO] IPUIPlugin:74 - create IPUIPlugin
2026-08-04 17:22:45,775 DEBUG [LineInfo_to_exitCode.log_LineInfo] 2026-08-04 17:22:45,774 [INFO] PluginManager:213 - loadIPPluginJar : add gic
2026-08-04 17:22:45,777 DEBUG [LineInfo_to_exitCode.log_LineInfo] 2026-08-04 17:22:45,777 [INFO] IPUIPlugin:74 - create IPUIPlugin
2026-08-04 17:22:45,778 DEBUG [LineInfo_to_exitCode.log_LineInfo] 2026-08-04 17:22:45,777 [INFO] PluginManager:213 - loadIPPluginJar : add gpio
2026-08-04 17:22:45,779 DEBUG [LineInfo_to_exitCode.log_LineInfo] 2026-08-04 17:22:45,779 [INFO] IPUIPlugin:74 - create IPUIPlugin
2026-08-04 17:22:45,780 DEBUG [LineInfo_to_exitCode.log_LineInfo] 2026-08-04 17:22:45,779 [INFO] PluginManager:213 - loadIPPluginJar : add gtzc
2026-08-04 17:22:45,781 DEBUG [LineInfo_to_exitCode.log_LineInfo] 2026-08-04 17:22:45,781 [INFO] IPUIPlugin:74 - create IPUIPlugin
2026-08-04 17:22:45,781 DEBUG [LineInfo_to_exitCode.log_LineInfo] 2026-08-04 17:22:45,781 [INFO] PluginManager:213 - loadIPPluginJar : add hash
2026-08-04 17:22:45,783 DEBUG [LineInfo_to_exitCode.log_LineInfo] 2026-08-04 17:22:45,783 [INFO] IPUIPlugin:74 - create IPUIPlugin
2026-08-04 17:22:45,784 DEBUG [LineInfo_to_exitCode.log_LineInfo] 2026-08-04 17:22:45,783 [INFO] PluginManager:213 - loadIPPluginJar : add i2c
2026-08-04 17:22:45,785 DEBUG [LineInfo_to_exitCode.log_LineInfo] 2026-08-04 17:22:45,785 [INFO] IPUIPlugin:74 - create IPUIPlugin
2026-08-04 17:22:45,786 DEBUG [LineInfo_to_exitCode.log_LineInfo] 2026-08-04 17:22:45,785 [INFO] PluginManager:213 - loadIPPluginJar : add i2s
2026-08-04 17:22:45,789 DEBUG [LineInfo_to_exitCode.log_LineInfo] 2026-08-04 17:22:45,788 [INFO] IPUIPlugin:74 - create IPUIPlugin
2026-08-04 17:22:45,789 DEBUG [LineInfo_to_exitCode.log_LineInfo] 2026-08-04 17:22:45,788 [INFO] PluginManager:213 - loadIPPluginJar : add ipddr
2026-08-04 17:22:45,794 DEBUG [LineInfo_to_exitCode.log_LineInfo] 2026-08-04 17:22:45,794 [INFO] IPUIPlugin:74 - create IPUIPlugin
2026-08-04 17:22:45,794 DEBUG [LineInfo_to_exitCode.log_LineInfo] 2026-08-04 17:22:45,794 [INFO] PluginManager:213 - loadIPPluginJar : add linkedlist
2026-08-04 17:22:45,796 DEBUG [LineInfo_to_exitCode.log_LineInfo] 2026-08-04 17:22:45,796 [INFO] IPUIPlugin:74 - create IPUIPlugin
2026-08-04 17:22:45,797 DEBUG [LineInfo_to_exitCode.log_LineInfo] 2026-08-04 17:22:45,796 [INFO] PluginManager:213 - loadIPPluginJar : add lorawan
2026-08-04 17:22:45,798 DEBUG [LineInfo_to_exitCode.log_LineInfo] 2026-08-04 17:22:45,797 [INFO] IPUIPlugin:74 - create IPUIPlugin
2026-08-04 17:22:45,798 DEBUG [LineInfo_to_exitCode.log_LineInfo] 2026-08-04 17:22:45,798 [INFO] PluginManager:213 - loadIPPluginJar : add ltdc
2026-08-04 17:22:45,800 DEBUG [LineInfo_to_exitCode.log_LineInfo] 2026-08-04 17:22:45,800 [INFO] IPUIPlugin:74 - create IPUIPlugin
2026-08-04 17:22:45,800 DEBUG [LineInfo_to_exitCode.log_LineInfo] 2026-08-04 17:22:45,800 [INFO] PluginManager:213 - loadIPPluginJar : add mdma
2026-08-04 17:22:45,803 DEBUG [LineInfo_to_exitCode.log_LineInfo] 2026-08-04 17:22:45,803 [INFO] IPUIPlugin:74 - create IPUIPlugin
2026-08-04 17:22:45,804 DEBUG [LineInfo_to_exitCode.log_LineInfo] 2026-08-04 17:22:45,803 [INFO] PluginManager:213 - loadIPPluginJar : add nvic
2026-08-04 17:22:45,806 DEBUG [LineInfo_to_exitCode.log_LineInfo] 2026-08-04 17:22:45,805 [INFO] IPUIPlugin:74 - create IPUIPlugin
2026-08-04 17:22:45,806 DEBUG [LineInfo_to_exitCode.log_LineInfo] 2026-08-04 17:22:45,806 [INFO] PluginManager:213 - loadIPPluginJar : add opamp
2026-08-04 17:22:45,808 DEBUG [LineInfo_to_exitCode.log_LineInfo] 2026-08-04 17:22:45,808 [INFO] IPUIPlugin:74 - create IPUIPlugin
2026-08-04 17:22:45,808 DEBUG [LineInfo_to_exitCode.log_LineInfo] 2026-08-04 17:22:45,808 [INFO] PluginManager:213 - loadIPPluginJar : add openamp
2026-08-04 17:22:45,810 DEBUG [LineInfo_to_exitCode.log_LineInfo] 2026-08-04 17:22:45,810 [INFO] IPUIPlugin:74 - create IPUIPlugin
2026-08-04 17:22:45,811 DEBUG [LineInfo_to_exitCode.log_LineInfo] 2026-08-04 17:22:45,810 [INFO] PluginManager:213 - loadIPPluginJar : add pdm2pcm
2026-08-04 17:22:45,814 DEBUG [LineInfo_to_exitCode.log_LineInfo] 2026-08-04 17:22:45,814 [INFO] IPUIPlugin:74 - create IPUIPlugin
2026-08-04 17:22:45,817 DEBUG [LineInfo_to_exitCode.log_LineInfo] 2026-08-04 17:22:45,816 [INFO] PluginManager:213 - loadIPPluginJar : add plateformsettings
2026-08-04 17:22:45,818 DEBUG [LineInfo_to_exitCode.log_LineInfo] 2026-08-04 17:22:45,818 [INFO] IPUIPlugin:74 - create IPUIPlugin
2026-08-04 17:22:45,818 DEBUG [LineInfo_to_exitCode.log_LineInfo] 2026-08-04 17:22:45,818 [INFO] PluginManager:213 - loadIPPluginJar : add quadspi
2026-08-04 17:22:45,820 DEBUG [LineInfo_to_exitCode.log_LineInfo] 2026-08-04 17:22:45,820 [INFO] IPUIPlugin:74 - create IPUIPlugin
2026-08-04 17:22:45,820 DEBUG [LineInfo_to_exitCode.log_LineInfo] 2026-08-04 17:22:45,820 [INFO] PluginManager:213 - loadIPPluginJar : add resmgrutility
2026-08-04 17:22:45,822 DEBUG [LineInfo_to_exitCode.log_LineInfo] 2026-08-04 17:22:45,822 [INFO] IPUIPlugin:74 - create IPUIPlugin
2026-08-04 17:22:45,822 DEBUG [LineInfo_to_exitCode.log_LineInfo] 2026-08-04 17:22:45,822 [INFO] PluginManager:213 - loadIPPluginJar : add sai
2026-08-04 17:22:45,824 DEBUG [LineInfo_to_exitCode.log_LineInfo] 2026-08-04 17:22:45,824 [INFO] IPUIPlugin:74 - create IPUIPlugin
2026-08-04 17:22:45,824 DEBUG [LineInfo_to_exitCode.log_LineInfo] 2026-08-04 17:22:45,824 [INFO] PluginManager:213 - loadIPPluginJar : add spi
2026-08-04 17:22:45,826 DEBUG [LineInfo_to_exitCode.log_LineInfo] 2026-08-04 17:22:45,826 [INFO] IPUIPlugin:74 - create IPUIPlugin
2026-08-04 17:22:45,827 DEBUG [LineInfo_to_exitCode.log_LineInfo] 2026-08-04 17:22:45,826 [INFO] PluginManager:213 - loadIPPluginJar : add stm32_wpan
2026-08-04 17:22:45,828 DEBUG [LineInfo_to_exitCode.log_LineInfo] 2026-08-04 17:22:45,828 [INFO] IPUIPlugin:74 - create IPUIPlugin
2026-08-04 17:22:45,828 DEBUG [LineInfo_to_exitCode.log_LineInfo] 2026-08-04 17:22:45,828 [INFO] PluginManager:213 - loadIPPluginJar : add tim
2026-08-04 17:22:45,833 DEBUG [LineInfo_to_exitCode.log_LineInfo] 2026-08-04 17:22:45,832 [INFO] IPUIPlugin:74 - create IPUIPlugin
2026-08-04 17:22:45,833 DEBUG [LineInfo_to_exitCode.log_LineInfo] 2026-08-04 17:22:45,832 [INFO] PluginManager:213 - loadIPPluginJar : add touchsensing
2026-08-04 17:22:45,835 DEBUG [LineInfo_to_exitCode.log_LineInfo] 2026-08-04 17:22:45,834 [INFO] IPUIPlugin:74 - create IPUIPlugin
2026-08-04 17:22:45,835 DEBUG [LineInfo_to_exitCode.log_LineInfo] 2026-08-04 17:22:45,834 [INFO] PluginManager:213 - loadIPPluginJar : add tracer_emb
2026-08-04 17:22:45,836 DEBUG [LineInfo_to_exitCode.log_LineInfo] 2026-08-04 17:22:45,836 [INFO] IPUIPlugin:74 - create IPUIPlugin
2026-08-04 17:22:45,836 DEBUG [LineInfo_to_exitCode.log_LineInfo] 2026-08-04 17:22:45,836 [INFO] PluginManager:213 - loadIPPluginJar : add ts
2026-08-04 17:22:45,837 DEBUG [LineInfo_to_exitCode.log_LineInfo] 2026-08-04 17:22:45,837 [INFO] IPUIPlugin:74 - create IPUIPlugin
2026-08-04 17:22:45,837 DEBUG [LineInfo_to_exitCode.log_LineInfo] 2026-08-04 17:22:45,837 [INFO] PluginManager:213 - loadIPPluginJar : add tsc
2026-08-04 17:22:45,838 DEBUG [LineInfo_to_exitCode.log_LineInfo] 2026-08-04 17:22:45,838 [INFO] IPUIPlugin:74 - create IPUIPlugin
2026-08-04 17:22:45,839 DEBUG [LineInfo_to_exitCode.log_LineInfo] 2026-08-04 17:22:45,838 [INFO] PluginManager:213 - loadIPPluginJar : add ucpd
2026-08-04 17:22:45,840 DEBUG [LineInfo_to_exitCode.log_LineInfo] 2026-08-04 17:22:45,840 [INFO] IPUIPlugin:74 - create IPUIPlugin
2026-08-04 17:22:45,840 DEBUG [LineInfo_to_exitCode.log_LineInfo] 2026-08-04 17:22:45,840 [INFO] PluginManager:213 - loadIPPluginJar : add usart
2026-08-04 17:22:45,842 DEBUG [LineInfo_to_exitCode.log_LineInfo] 2026-08-04 17:22:45,841 [INFO] IPUIPlugin:74 - create IPUIPlugin
2026-08-04 17:22:45,842 DEBUG [LineInfo_to_exitCode.log_LineInfo] 2026-08-04 17:22:45,842 [INFO] PluginManager:213 - loadIPPluginJar : add usbx
2026-08-04 17:22:45,864 DEBUG [LineInfo_to_exitCode.log_LineInfo] 2026-08-04 17:22:45,864 [INFO] Updater:1012 - Updater Version found : 6.3.0
2026-08-04 17:22:45,877 DEBUG [LineInfo_to_exitCode.log_LineInfo] 2026-08-04 17:22:45,877 [INFO] ApplicationProperties:181 - Using Application install path: C:\Program Files\STMicroelectronics\STM32Cube\STM32CubeMX
2026-08-04 17:22:46,017 DEBUG [LineInfo_to_exitCode.log_LineInfo] 2026-08-04 17:22:46,016 [INFO] MainUpdater:2671 - connection check result : 10
2026-08-04 17:22:46,018 DEBUG [LineInfo_to_exitCode.log_LineInfo] 2026-08-04 17:22:46,017 [INFO] MainUpdater:265 - Updater Check For Update Now.
2026-08-04 17:22:46,018 DEBUG [LineInfo_to_exitCode.log_LineInfo] 2026-08-04 17:22:46,017 [INFO] MicroXplorer:478 - Change Database Version : DB.6.0.30
2026-08-04 17:22:46,236 DEBUG [LineInfo_to_exitCode.log_LineInfo] 2026-08-04 17:22:46,235 [INFO] CheckServerUpdateThread:112 - End of CheckServer Thread
2026-08-04 17:22:46,375 DEBUG [LineInfo_to_exitCode.log_LineInfo] 2026-08-04 17:22:46,375 [INFO] HomeAdPanel:98 - Auto-refresh data requested => check proxy status ongoing
2026-08-04 17:22:46,873 DEBUG [LineInfo_to_exitCode.log_LineInfo] 2026-08-04 17:22:46,872 [INFO] ServerAccessManage:362 - Download File 
2026-08-04 17:22:46,875 DEBUG [LineInfo_to_exitCode.log_LineInfo] 2026-08-04 17:22:46,875 [INFO] LoadUrlFilesThread:172 - End of LoadServerUrlFiles without Thread
2026-08-04 17:22:46,880 DEBUG [LineInfo_to_exitCode.log_LineInfo] 2026-08-04 17:22:46,880 [INFO] DbMcusAds:47 - JSON generation date=Wed Jul 15 18:44:54 KST 2026 (1784108694001)
2026-08-04 17:22:46,882 DEBUG [LineInfo_to_exitCode.log_LineInfo] 2026-08-04 17:22:46,881 [INFO] LoadUrlFilesThread:172 - End of LoadServerUrlFiles without Thread
2026-08-04 17:22:46,882 DEBUG [LineInfo_to_exitCode.log_LineInfo] 2026-08-04 17:22:46,882 [INFO] HomeAdPanel:109 - Refresh advertisement image is successful
2026-08-04 17:22:46,923 DEBUG [LineInfo_to_exitCode.log_LineInfo] 2026-08-04 17:22:46,923 [INFO] LoadUrlFilesThread:172 - End of LoadServerUrlFiles without Thread
2026-08-04 17:22:46,934 DEBUG [LineInfo_to_exitCode.log_LineInfo] 2026-08-04 17:22:46,934 [INFO] DetailPanel:309 - Set advertising image to C:/Users/wshan/STM32Cube/Repository/\en.stm32h5cubemxbanner.png
2026-08-04 17:22:47,270 DEBUG [LineInfo_to_exitCode.log_LineInfo] 2026-08-04 17:22:47,269 [INFO] LoadUrlFilesThread:172 - End of LoadServerUrlFiles without Thread
2026-08-04 17:22:47,369 DEBUG [LineInfo_to_exitCode.log_LineInfo] 2026-08-04 17:22:47,369 [INFO] LoadUrlFilesThread:172 - End of LoadServerUrlFiles without Thread
2026-08-04 17:22:47,370 DEBUG [LineInfo_to_exitCode.log_LineInfo] 2026-08-04 17:22:47,369 [INFO] DetailPanel:309 - Set advertising image to C:/Users/wshan/STM32Cube/Repository/\en.stm32h5cubemxbanner.png
2026-08-04 17:22:47,478 DEBUG [LineInfo_to_exitCode.log_LineInfo] 2026-08-04 17:22:47,478 [INFO] MainFrame:172 - [MX] HOME_PANEL == 114312626023800
2026-08-04 17:22:47,540 DEBUG [LineInfo_to_exitCode.log_LineInfo] 2026-08-04 17:22:47,540 [INFO] MicroXplorer:448 - Change Database Path : 
2026-08-04 17:22:47,541 DEBUG [LineInfo_to_exitCode.log_LineInfo] 2026-08-04 17:22:47,540 [INFO] MicroXplorer:478 - Change Database Version : DB.6.0.30
2026-08-04 17:22:48,549 ERROR [LineInfo_to_exitCode.log_LineInfo] C:\Users\wshan\.stm32cubemx\thirdparties\pdsc\STMicroelectronics.X-CUBE-SMBUS.2.1.1.pdsc: PDSC version is not supported
2026-08-04 17:22:48,579 ERROR [LineInfo_to_exitCode.log_LineInfo] C:\Users\wshan\.stm32cubemx\thirdparties\pdsc\STMicroelectronics.X-CUBE-FREERTOS.1.6.0.pdsc: PDSC version is not supported
2026-08-04 17:22:48,582 ERROR [LineInfo_to_exitCode.log_LineInfo] C:\Users\wshan\.stm32cubemx\thirdparties\pdsc\STMicroelectronics.FP-SNS-MOTENV1.5.1.0.pdsc: PDSC version is not supported
2026-08-04 17:22:48,609 ERROR [LineInfo_to_exitCode.log_LineInfo] C:\Users\wshan\.stm32cubemx\thirdparties\pdsc\WES.I-CUBE-Cesium.1.4.0.pdsc: PDSC version is not supported
2026-08-04 17:22:48,611 ERROR [LineInfo_to_exitCode.log_LineInfo] C:\Users\wshan\.stm32cubemx\thirdparties\pdsc\STMicroelectronics.X-CUBE-DISPLAY.3.0.0.pdsc: PDSC version is not supported
2026-08-04 17:22:48,623 ERROR [LineInfo_to_exitCode.log_LineInfo] C:\Users\wshan\.stm32cubemx\thirdparties\pdsc\STMicroelectronics.FP-SNS-MOTENVWB1.1.5.0.pdsc: PDSC version is not supported
2026-08-04 17:22:48,641 ERROR [LineInfo_to_exitCode.log_LineInfo] C:\Users\wshan\.stm32cubemx\thirdparties\pdsc\STMicroelectronics.X-CUBE-ST60.1.1.0.pdsc: PDSC version is not supported
2026-08-04 17:22:48,643 ERROR [LineInfo_to_exitCode.log_LineInfo] C:\Users\wshan\.stm32cubemx\thirdparties\pdsc\emotas.I-CUBE-CANOPEN.1.3.0.pdsc: PDSC version is not supported
2026-08-04 17:22:48,646 ERROR [LineInfo_to_exitCode.log_LineInfo] C:\Users\wshan\.stm32cubemx\thirdparties\pdsc\STMicroelectronics.X-CUBE-WBA.1.1.0.pdsc: PDSC version is not supported
2026-08-04 17:22:48,649 ERROR [LineInfo_to_exitCode.log_LineInfo] C:\Users\wshan\.stm32cubemx\thirdparties\pdsc\STMicroelectronics.FP-SNS-STBOX1.2.1.0.pdsc: PDSC version is not supported
2026-08-04 17:22:48,652 ERROR [LineInfo_to_exitCode.log_LineInfo] C:\Users\wshan\.stm32cubemx\thirdparties\pdsc\STMicroelectronics.FP-SNS-SMARTAG2.1.2.0.pdsc: PDSC version is not supported
2026-08-04 17:22:48,654 ERROR [LineInfo_to_exitCode.log_LineInfo] C:\Users\wshan\.stm32cubemx\thirdparties\pdsc\STMicroelectronics.FP-SNS-FLIGHT1.5.1.0.pdsc: PDSC version is not supported
2026-08-04 17:22:48,677 ERROR [LineInfo_to_exitCode.log_LineInfo] C:\Users\wshan\.stm32cubemx\thirdparties\pdsc\Avnet-IOTCONNECT.X-CUBE-iotc-st67-sdk.1.0.0.pdsc: PDSC version is not supported
2026-08-04 17:22:48,681 ERROR [LineInfo_to_exitCode.log_LineInfo] C:\Users\wshan\.stm32cubemx\thirdparties\pdsc\Infineon.AIROC-Wi-Fi-Bluetooth-STM32.1.8.0.pdsc: PDSC version is not supported
2026-08-04 17:22:48,704 ERROR [LineInfo_to_exitCode.log_LineInfo] C:\Users\wshan\.stm32cubemx\thirdparties\pdsc\STMicroelectronics.FP-SNS-STAIOTCFT.1.1.0.pdsc: PDSC version is not supported
2026-08-04 17:22:48,721 ERROR [LineInfo_to_exitCode.log_LineInfo] C:\Users\wshan\.stm32cubemx\thirdparties\pdsc\EmbeddedOffice.I-CUBE-FS-RTOS.1.0.1.pdsc: PDSC version is not supported
2026-08-04 17:22:48,726 ERROR [LineInfo_to_exitCode.log_LineInfo] C:\Users\wshan\.stm32cubemx\thirdparties\pdsc\STMicroelectronics.X-CUBE-TCPP.4.2.0.pdsc: PDSC version is not supported
2026-08-04 17:22:48,728 ERROR [LineInfo_to_exitCode.log_LineInfo] C:\Users\wshan\.stm32cubemx\thirdparties\pdsc\RealThread.X-CUBE-RT-Thread_Nano.4.1.1.pdsc: PDSC version is not supported
2026-08-04 17:22:48,734 ERROR [LineInfo_to_exitCode.log_LineInfo] C:\Users\wshan\.stm32cubemx\thirdparties\pdsc\ITTIA_DB.I-CUBE-ITTIADB.8.9.0.pdsc: PDSC version is not supported
2026-08-04 17:22:48,735 ERROR [LineInfo_to_exitCode.log_LineInfo] C:\Users\wshan\.stm32cubemx\thirdparties\pdsc\Cesanta.I-CUBE-Mongoose.7.21.7.pdsc: PDSC version is not supported
2026-08-04 17:22:48,952 ERROR [LineInfo_to_exitCode.log_LineInfo] C:\Users\wshan\.stm32cubemx\thirdparties\pdsc\STMicroelectronics.X-CUBE-IPS.3.2.0.pdsc: PDSC version is not supported
2026-08-04 17:22:48,954 ERROR [LineInfo_to_exitCode.log_LineInfo] C:\Users\wshan\.stm32cubemx\thirdparties\pdsc\STMicroelectronics.eDS-WB_DPC_TT-BIDIR.2.1.1.pdsc: PDSC version is not supported
2026-08-04 17:22:48,988 ERROR [LineInfo_to_exitCode.log_LineInfo] C:\Users\wshan\.stm32cubemx\thirdparties\pdsc\STMicroelectronics.eDS-WB_DPC_VIENNA.1.2.0.pdsc: PDSC version is not supported
2026-08-04 17:22:49,085 ERROR [LineInfo_to_exitCode.log_LineInfo] C:\Users\wshan\.stm32cubemx\thirdparties\pdsc\STMicroelectronics.eDS-WB_DPC_3PH2L-BIDIR.1.1.1.pdsc: PDSC version is not supported
2026-08-04 17:22:49,088 ERROR [LineInfo_to_exitCode.log_LineInfo] C:\Users\wshan\.stm32cubemx\thirdparties\pdsc\STMicroelectronics.X-CUBE-ST67W61.1.3.0.pdsc: PDSC version is not supported
2026-08-04 17:22:49,097 ERROR [LineInfo_to_exitCode.log_LineInfo] C:\Users\wshan\.stm32cubemx\thirdparties\pdsc\STMicroelectronics.X-CUBE-DPower.1.3.0.pdsc: PDSC version is not supported
2026-08-04 17:22:49,149 ERROR [LineInfo_to_exitCode.log_LineInfo] C:\Users\wshan\.stm32cubemx\thirdparties\pdsc\quantropi.X-CUBE-qispace-sdk-base.2.1.0.pdsc: PDSC version is not supported
2026-08-04 17:22:49,209 ERROR [LineInfo_to_exitCode.log_LineInfo] C:\Users\wshan\.stm32cubemx\thirdparties\pdsc\STMicroelectronics.X-CUBE-BLEMGR.4.2.0.pdsc: PDSC version is not supported
2026-08-04 17:22:49,211 ERROR [LineInfo_to_exitCode.log_LineInfo] C:\Users\wshan\.stm32cubemx\thirdparties\pdsc\STMicroelectronics.X-CUBE-ALS.1.0.2.pdsc: PDSC version is not supported
2026-08-04 17:22:49,216 ERROR [LineInfo_to_exitCode.log_LineInfo] C:\Users\wshan\.stm32cubemx\thirdparties\pdsc\STMicroelectronics.X-CUBE-TOF1.3.4.3.pdsc: PDSC version is not supported
2026-08-04 17:22:49,217 DEBUG [LineInfo_to_exitCode.log_LineInfo] 2026-08-04 17:22:49,216 [INFO] ThirdParty:915 - Integrity check success = true
2026-08-04 17:22:49,217 DEBUG [LineInfo_to_exitCode.log_LineInfo] 2026-08-04 17:22:49,216 [INFO] IntegrityCheckThread:94 - exiting critical section [integrity check]
2026-08-04 17:22:49,217 DEBUG [LineInfo_to_exitCode.log_LineInfo] 2026-08-04 17:22:49,217 [INFO] IntegrityCheckThread:97 - End integrity checks thread
2026-08-04 17:22:49,217 DEBUG [LineInfo_to_exitCode.log_LineInfo] 2026-08-04 17:22:49,217 [INFO] ThirdParty:815 - entering critical section [close project]
2026-08-04 17:22:49,218 DEBUG [LineInfo_to_exitCode.log_LineInfo] 2026-08-04 17:22:49,218 [INFO] ThirdParty:825 - exiting critical section [close project]
2026-08-04 17:22:49,222 DEBUG [LineInfo_to_exitCode.log_LineInfo] 2026-08-04 17:22:49,221 [INFO] PinOutPanel:1463 - setPackage(No Configuration,No Configuration)
2026-08-04 17:22:49,260 DEBUG [LineInfo_to_exitCode.log_LineInfo] 2026-08-04 17:22:49,259 [INFO] UtilMem:74 - Begin LoadConfig() Used Memory: 80898664 Bytes (528482304)
2026-08-04 17:22:49,268 DEBUG [LineInfo_to_exitCode.log_LineInfo] 2026-08-04 17:22:49,268 [INFO] OpenFileManager:313 - Change cursor
2026-08-04 17:22:51,655 DEBUG [LineInfo_to_exitCode.log_LineInfo] 2026-08-04 17:22:51,654 [INFO] Context:592 - Trying to add GPIOservice into a context  which must be forbidden
2026-08-04 17:22:52,862 DEBUG [LineInfo_to_exitCode.log_LineInfo] 2026-08-04 17:22:52,861 [INFO] ImportTextPane:167 - (OptionalMessage_ERROR) Unable to find key (Mcu.ThirdPartyNb) in loaded IOC file
2026-08-04 17:22:52,985 DEBUG [LineInfo_to_exitCode.log_LineInfo] 2026-08-04 17:22:52,985 [INFO] RtosManager:484 - Registered RTOS mode: class=CMSIS, group=RTOS, mode=CMSIS_V1, owner=FREERTOS
2026-08-04 17:22:52,986 DEBUG [LineInfo_to_exitCode.log_LineInfo] 2026-08-04 17:22:52,985 [INFO] RtosManager:484 - Registered RTOS mode: class=CMSIS, group=RTOS2, mode=CMSIS_V2, owner=FREERTOS
2026-08-04 17:22:52,986 DEBUG [LineInfo_to_exitCode.log_LineInfo] 2026-08-04 17:22:52,986 [INFO] RtosManager:484 - Registered RTOS mode: class=RTOS, group=Core, mode=CMSIS_V1, owner=FREERTOS
2026-08-04 17:22:52,986 DEBUG [LineInfo_to_exitCode.log_LineInfo] 2026-08-04 17:22:52,986 [INFO] RtosManager:484 - Registered RTOS mode: class=RTOS, group=Core, mode=CMSIS_V2, owner=FREERTOS
2026-08-04 17:22:53,613 DEBUG [LineInfo_to_exitCode.log_LineInfo] 2026-08-04 17:22:53,613 [INFO] ImportTextPane:167 - (OptionalMessage_ERROR) IP (DMA) : Parameter (Instance) has Id (USART2_RX) currently not set
2026-08-04 17:22:53,613 DEBUG [LineInfo_to_exitCode.log_LineInfo] 2026-08-04 17:22:53,613 [INFO] ImportTextPane:167 - (OptionalMessage_ERROR) IP (DMA) : Parameter (Request) has Id (USART2_RX) currently not set
2026-08-04 17:22:53,614 DEBUG [LineInfo_to_exitCode.log_LineInfo] 2026-08-04 17:22:53,613 [INFO] ImportTextPane:167 - (OptionalMessage_ERROR) IP (DMA) : Parameter (Direction) has Id (USART2_RX) currently not set
2026-08-04 17:22:53,614 DEBUG [LineInfo_to_exitCode.log_LineInfo] 2026-08-04 17:22:53,613 [INFO] ImportTextPane:167 - (OptionalMessage_ERROR) IP (DMA) : Parameter (PeriphInc) has Id (USART2_RX) currently not set
2026-08-04 17:22:53,614 DEBUG [LineInfo_to_exitCode.log_LineInfo] 2026-08-04 17:22:53,613 [INFO] ImportTextPane:167 - (OptionalMessage_ERROR) IP (DMA) : Parameter (MemInc) has Id (USART2_RX) currently not set
2026-08-04 17:22:53,614 DEBUG [LineInfo_to_exitCode.log_LineInfo] 2026-08-04 17:22:53,614 [INFO] ImportTextPane:167 - (OptionalMessage_ERROR) IP (DMA) : Parameter (PeriphDataAlignment) has Id (USART2_RX) currently not set
2026-08-04 17:22:53,614 DEBUG [LineInfo_to_exitCode.log_LineInfo] 2026-08-04 17:22:53,614 [INFO] ImportTextPane:167 - (OptionalMessage_ERROR) IP (DMA) : Parameter (MemDataAlignment) has Id (USART2_RX) currently not set
2026-08-04 17:22:53,614 DEBUG [LineInfo_to_exitCode.log_LineInfo] 2026-08-04 17:22:53,614 [INFO] ImportTextPane:167 - (OptionalMessage_ERROR) IP (DMA) : Parameter (Mode) has Id (USART2_RX) currently not set
2026-08-04 17:22:53,615 DEBUG [LineInfo_to_exitCode.log_LineInfo] 2026-08-04 17:22:53,614 [INFO] ImportTextPane:167 - (OptionalMessage_ERROR) IP (DMA) : Parameter (Priority) has Id (USART2_RX) currently not set
2026-08-04 17:22:53,615 DEBUG [LineInfo_to_exitCode.log_LineInfo] 2026-08-04 17:22:53,614 [INFO] ImportTextPane:167 - (OptionalMessage_ERROR) IP (DMA) : Parameter (Instance) has Id (USART2_TX) currently not set
2026-08-04 17:22:53,615 DEBUG [LineInfo_to_exitCode.log_LineInfo] 2026-08-04 17:22:53,615 [INFO] ImportTextPane:167 - (OptionalMessage_ERROR) IP (DMA) : Parameter (Request) has Id (USART2_TX) currently not set
2026-08-04 17:22:53,615 DEBUG [LineInfo_to_exitCode.log_LineInfo] 2026-08-04 17:22:53,615 [INFO] ImportTextPane:167 - (OptionalMessage_ERROR) IP (DMA) : Parameter (Direction) has Id (USART2_TX) currently not set
2026-08-04 17:22:53,615 DEBUG [LineInfo_to_exitCode.log_LineInfo] 2026-08-04 17:22:53,615 [INFO] ImportTextPane:167 - (OptionalMessage_ERROR) IP (DMA) : Parameter (PeriphInc) has Id (USART2_TX) currently not set
2026-08-04 17:22:53,615 DEBUG [LineInfo_to_exitCode.log_LineInfo] 2026-08-04 17:22:53,615 [INFO] ImportTextPane:167 - (OptionalMessage_ERROR) IP (DMA) : Parameter (MemInc) has Id (USART2_TX) currently not set
2026-08-04 17:22:53,615 DEBUG [LineInfo_to_exitCode.log_LineInfo] 2026-08-04 17:22:53,615 [INFO] ImportTextPane:167 - (OptionalMessage_ERROR) IP (DMA) : Parameter (PeriphDataAlignment) has Id (USART2_TX) currently not set
2026-08-04 17:22:53,615 DEBUG [LineInfo_to_exitCode.log_LineInfo] 2026-08-04 17:22:53,615 [INFO] ImportTextPane:167 - (OptionalMessage_ERROR) IP (DMA) : Parameter (MemDataAlignment) has Id (USART2_TX) currently not set
2026-08-04 17:22:53,615 DEBUG [LineInfo_to_exitCode.log_LineInfo] 2026-08-04 17:22:53,615 [INFO] ImportTextPane:167 - (OptionalMessage_ERROR) IP (DMA) : Parameter (Mode) has Id (USART2_TX) currently not set
2026-08-04 17:22:53,615 DEBUG [LineInfo_to_exitCode.log_LineInfo] 2026-08-04 17:22:53,615 [INFO] ImportTextPane:167 - (OptionalMessage_ERROR) IP (DMA) : Parameter (Priority) has Id (USART2_TX) currently not set
2026-08-04 17:22:53,681 DEBUG [LineInfo_to_exitCode.log_LineInfo] 2026-08-04 17:22:53,680 [INFO] ImportTextPane:167 - (OptionalMessage_ERROR) IP (MotorControl) : Invalid parameter (ADC_AHBPERIPH)
2026-08-04 17:22:53,681 DEBUG [LineInfo_to_exitCode.log_LineInfo] 2026-08-04 17:22:53,681 [INFO] ImportTextPane:167 - (OptionalMessage_ERROR) IP (MotorControl) : Invalid parameter (BUS_VOLTAGE_READING)
2026-08-04 17:22:53,681 DEBUG [LineInfo_to_exitCode.log_LineInfo] 2026-08-04 17:22:53,681 [INFO] ImportTextPane:167 - (OptionalMessage_ERROR) IP (MotorControl) : Invalid parameter (CCMRAM_ENABLED)
2026-08-04 17:22:53,681 DEBUG [LineInfo_to_exitCode.log_LineInfo] 2026-08-04 17:22:53,681 [INFO] ImportTextPane:167 - (OptionalMessage_ERROR) IP (MotorControl) : Invalid parameter (CLOCK_FREQUENCY)
2026-08-04 17:22:53,681 DEBUG [LineInfo_to_exitCode.log_LineInfo] 2026-08-04 17:22:53,681 [INFO] ImportTextPane:167 - (OptionalMessage_ERROR) IP (MotorControl) : Invalid parameter (CLOCK_SOURCE)
2026-08-04 17:22:53,681 DEBUG [LineInfo_to_exitCode.log_LineInfo] 2026-08-04 17:22:53,681 [INFO] ImportTextPane:167 - (OptionalMessage_ERROR) IP (MotorControl) : Invalid parameter (CPU_CLK_170_MHZ)
2026-08-04 17:22:53,681 DEBUG [LineInfo_to_exitCode.log_LineInfo] 2026-08-04 17:22:53,681 [INFO] ImportTextPane:167 - (OptionalMessage_ERROR) IP (MotorControl) : Invalid parameter (CURR_SAMPLING_TIME)
2026-08-04 17:22:53,681 DEBUG [LineInfo_to_exitCode.log_LineInfo] 2026-08-04 17:22:53,681 [INFO] ImportTextPane:167 - (OptionalMessage_ERROR) IP (MotorControl) : Invalid parameter (CURRENT_READING_TOPOLOGY)
2026-08-04 17:22:53,682 DEBUG [LineInfo_to_exitCode.log_LineInfo] 2026-08-04 17:22:53,681 [INFO] ImportTextPane:167 - (OptionalMessage_ERROR) IP (MotorControl) : Invalid parameter (DRIVE_TYPE)
2026-08-04 17:22:53,682 DEBUG [LineInfo_to_exitCode.log_LineInfo] 2026-08-04 17:22:53,681 [INFO] ImportTextPane:167 - (OptionalMessage_ERROR) IP (MotorControl) : Invalid parameter (DRIVES_NUMBER_SELECTION)
2026-08-04 17:22:53,682 DEBUG [LineInfo_to_exitCode.log_LineInfo] 2026-08-04 17:22:53,682 [INFO] ImportTextPane:167 - (OptionalMessage_ERROR) IP (MotorControl) : Invalid parameter (ENCODER_AVAILABLE)
2026-08-04 17:22:53,682 DEBUG [LineInfo_to_exitCode.log_LineInfo] 2026-08-04 17:22:53,682 [INFO] ImportTextPane:167 - (OptionalMessage_ERROR) IP (MotorControl) : Invalid parameter (ENCODER_PPR)
2026-08-04 17:22:53,682 DEBUG [LineInfo_to_exitCode.log_LineInfo] 2026-08-04 17:22:53,682 [INFO] ImportTextPane:167 - (OptionalMessage_ERROR) IP (MotorControl) : Invalid parameter (EXT_CLK_8_MHZ)
2026-08-04 17:22:53,682 DEBUG [LineInfo_to_exitCode.log_LineInfo] 2026-08-04 17:22:53,682 [INFO] ImportTextPane:167 - (OptionalMessage_ERROR) IP (MotorControl) : Invalid parameter (EXT_CLOCK_FREQUENCY)
2026-08-04 17:22:53,682 DEBUG [LineInfo_to_exitCode.log_LineInfo] 2026-08-04 17:22:53,682 [INFO] ImportTextPane:167 - (OptionalMessage_ERROR) IP (MotorControl) : Invalid parameter (FEEDBACK_NET_FILTERING)
2026-08-04 17:22:53,682 DEBUG [LineInfo_to_exitCode.log_LineInfo] 2026-08-04 17:22:53,682 [INFO] ImportTextPane:167 - (OptionalMessage_ERROR) IP (MotorControl) : Invalid parameter (FLASH_SIZE)
2026-08-04 17:22:53,682 DEBUG [LineInfo_to_exitCode.log_LineInfo] 2026-08-04 17:22:53,682 [INFO] ImportTextPane:167 - (OptionalMessage_ERROR) IP (MotorControl) : Invalid parameter (HALL_SENSORS_AVAILABLE)
2026-08-04 17:22:53,682 DEBUG [LineInfo_to_exitCode.log_LineInfo] 2026-08-04 17:22:53,682 [INFO] ImportTextPane:167 - (OptionalMessage_ERROR) IP (MotorControl) : Invalid parameter (HW_COMPLEMENTED_LOW_SIDE)
2026-08-04 17:22:53,682 DEBUG [LineInfo_to_exitCode.log_LineInfo] 2026-08-04 17:22:53,682 [INFO] ImportTextPane:167 - (OptionalMessage_ERROR) IP (MotorControl) : Invalid parameter (HW_DEAD_TIME_NS)
2026-08-04 17:22:53,682 DEBUG [LineInfo_to_exitCode.log_LineInfo] 2026-08-04 17:22:53,682 [INFO] ImportTextPane:167 - (OptionalMessage_ERROR) IP (MotorControl) : Invalid parameter (HWV_CS)
2026-08-04 17:22:53,682 DEBUG [LineInfo_to_exitCode.log_LineInfo] 2026-08-04 17:22:53,682 [INFO] ImportTextPane:167 - (OptionalMessage_ERROR) IP (MotorControl) : Invalid parameter (HWV_OCP)
2026-08-04 17:22:53,682 DEBUG [LineInfo_to_exitCode.log_LineInfo] 2026-08-04 17:22:53,682 [INFO] ImportTextPane:167 - (OptionalMessage_ERROR) IP (MotorControl) : Invalid parameter (HWV_PWM)
2026-08-04 17:22:53,682 DEBUG [LineInfo_to_exitCode.log_LineInfo] 2026-08-04 17:22:53,682 [INFO] ImportTextPane:167 - (OptionalMessage_ERROR) IP (MotorControl) : Invalid parameter (IPs)
2026-08-04 17:22:53,682 DEBUG [LineInfo_to_exitCode.log_LineInfo] 2026-08-04 17:22:53,682 [INFO] ImportTextPane:167 - (OptionalMessage_ERROR) IP (MotorControl) : Invalid parameter (LOW_SIDE_SIGNALS_ENABLING)
2026-08-04 17:22:53,682 DEBUG [LineInfo_to_exitCode.log_LineInfo] 2026-08-04 17:22:53,682 [INFO] ImportTextPane:167 - (OptionalMessage_ERROR) IP (MotorControl) : Invalid parameter (M1_COMMUTATION_STEP_TIME_BUF_SIZE)
2026-08-04 17:22:53,682 DEBUG [LineInfo_to_exitCode.log_LineInfo] 2026-08-04 17:22:53,682 [INFO] ImportTextPane:167 - (OptionalMessage_ERROR) IP (MotorControl) : Invalid parameter (M1_CURRENT_AMPLIFICATION_TOPO)
2026-08-04 17:22:53,684 DEBUG [LineInfo_to_exitCode.log_LineInfo] 2026-08-04 17:22:53,682 [INFO] ImportTextPane:167 - (OptionalMessage_ERROR) IP (MotorControl) : Invalid parameter (M1_DC_CURRENT_RS_MEAS)
2026-08-04 17:22:53,684 DEBUG [LineInfo_to_exitCode.log_LineInfo] 2026-08-04 17:22:53,682 [INFO] ImportTextPane:167 - (OptionalMessage_ERROR) IP (MotorControl) : Invalid parameter (M1_HIGH_SIDE_IDLE_STATE)
2026-08-04 17:22:53,684 DEBUG [LineInfo_to_exitCode.log_LineInfo] 2026-08-04 17:22:53,684 [INFO] ImportTextPane:167 - (OptionalMessage_ERROR) IP (MotorControl) : Invalid parameter (M1_INT_AMP_OPAMP1_PIN)
2026-08-04 17:22:53,684 DEBUG [LineInfo_to_exitCode.log_LineInfo] 2026-08-04 17:22:53,684 [INFO] ImportTextPane:167 - (OptionalMessage_ERROR) IP (MotorControl) : Invalid parameter (M1_INT_AMP_OPAMP2_PIN)
2026-08-04 17:22:53,684 DEBUG [LineInfo_to_exitCode.log_LineInfo] 2026-08-04 17:22:53,684 [INFO] ImportTextPane:167 - (OptionalMessage_ERROR) IP (MotorControl) : Invalid parameter (M1_INT_AMP_OPAMP3_PIN)
2026-08-04 17:22:53,684 DEBUG [LineInfo_to_exitCode.log_LineInfo] 2026-08-04 17:22:53,684 [INFO] ImportTextPane:167 - (OptionalMessage_ERROR) IP (MotorControl) : Invalid parameter (M1_INT_AMP_OPAMPS)
2026-08-04 17:22:53,684 DEBUG [LineInfo_to_exitCode.log_LineInfo] 2026-08-04 17:22:53,684 [INFO] ImportTextPane:167 - (OptionalMessage_ERROR) IP (MotorControl) : Invalid parameter (M1_LOW_SIDE_IDLE_STATE)
2026-08-04 17:22:53,684 DEBUG [LineInfo_to_exitCode.log_LineInfo] 2026-08-04 17:22:53,684 [INFO] ImportTextPane:167 - (OptionalMessage_ERROR) IP (MotorControl) : Invalid parameter (M1_OCP_BKIN_FILTER)
2026-08-04 17:22:53,684 DEBUG [LineInfo_to_exitCode.log_LineInfo] 2026-08-04 17:22:53,684 [INFO] ImportTextPane:167 - (OptionalMessage_ERROR) IP (MotorControl) : Invalid parameter (M1_OCP_BKIN_MODE)
2026-08-04 17:22:53,684 DEBUG [LineInfo_to_exitCode.log_LineInfo] 2026-08-04 17:22:53,684 [INFO] ImportTextPane:167 - (OptionalMessage_ERROR) IP (MotorControl) : Invalid parameter (M1_OCP_BKIN_POLARITY)
2026-08-04 17:22:53,684 DEBUG [LineInfo_to_exitCode.log_LineInfo] 2026-08-04 17:22:53,684 [INFO] ImportTextPane:167 - (OptionalMessage_ERROR) IP (MotorControl) : Parameter (M1_PWM_CHARGE_BOOT_CAP_DUTY_CYCLES) has invalid value (0.000)
2026-08-04 17:22:53,685 DEBUG [LineInfo_to_exitCode.log_LineInfo] 2026-08-04 17:22:53,684 [INFO] ImportTextPane:167 - (OptionalMessage_ERROR) IP (MotorControl) : Invalid parameter (M1_PWM_TIMER_BRK_IRQ)
2026-08-04 17:22:53,685 DEBUG [LineInfo_to_exitCode.log_LineInfo] 2026-08-04 17:22:53,684 [INFO] ImportTextPane:167 - (OptionalMessage_ERROR) IP (MotorControl) : Invalid parameter (M1_PWM_TIMER_UP_IRQ)
2026-08-04 17:22:53,685 DEBUG [LineInfo_to_exitCode.log_LineInfo] 2026-08-04 17:22:53,685 [INFO] ImportTextPane:167 - (OptionalMessage_ERROR) IP (MotorControl) : Invalid parameter (M1_SPD_DIFFERENTIAL_TERM_ENABLING)
2026-08-04 17:22:53,685 DEBUG [LineInfo_to_exitCode.log_LineInfo] 2026-08-04 17:22:53,685 [INFO] ImportTextPane:167 - (OptionalMessage_ERROR) IP (MotorControl) : Invalid parameter (MAX_READABLE_CURRENT)
2026-08-04 17:22:53,685 DEBUG [LineInfo_to_exitCode.log_LineInfo] 2026-08-04 17:22:53,685 [INFO] ImportTextPane:167 - (OptionalMessage_ERROR) IP (MotorControl) : Invalid parameter (MC_WORKBENCH_VERSION)
2026-08-04 17:22:53,685 DEBUG [LineInfo_to_exitCode.log_LineInfo] 2026-08-04 17:22:53,685 [INFO] ImportTextPane:167 - (OptionalMessage_ERROR) IP (MotorControl) : Invalid parameter (MCU)
2026-08-04 17:22:53,685 DEBUG [LineInfo_to_exitCode.log_LineInfo] 2026-08-04 17:22:53,685 [INFO] ImportTextPane:167 - (OptionalMessage_ERROR) IP (MotorControl) : Invalid parameter (MCU_FAMILY)
2026-08-04 17:22:53,685 DEBUG [LineInfo_to_exitCode.log_LineInfo] 2026-08-04 17:22:53,685 [INFO] ImportTextPane:167 - (OptionalMessage_ERROR) IP (MotorControl) : Invalid parameter (MCU_LINE)
2026-08-04 17:22:53,686 DEBUG [LineInfo_to_exitCode.log_LineInfo] 2026-08-04 17:22:53,685 [INFO] ImportTextPane:167 - (OptionalMessage_ERROR) IP (MotorControl) : Invalid parameter (MCU_PACKAGE)
2026-08-04 17:22:53,686 DEBUG [LineInfo_to_exitCode.log_LineInfo] 2026-08-04 17:22:53,685 [INFO] ImportTextPane:167 - (OptionalMessage_ERROR) IP (MotorControl) : Invalid parameter (MCU_TYPE)
2026-08-04 17:22:53,686 DEBUG [LineInfo_to_exitCode.log_LineInfo] 2026-08-04 17:22:53,686 [INFO] ImportTextPane:167 - (OptionalMessage_ERROR) IP (MotorControl) : Invalid parameter (MCU_USERNAME)
2026-08-04 17:22:53,686 DEBUG [LineInfo_to_exitCode.log_LineInfo] 2026-08-04 17:22:53,686 [INFO] ImportTextPane:167 - (OptionalMessage_ERROR) IP (MotorControl) : Invalid parameter (MOTOR_TYPE)
2026-08-04 17:22:53,686 DEBUG [LineInfo_to_exitCode.log_LineInfo] 2026-08-04 17:22:53,686 [INFO] ImportTextPane:167 - (OptionalMessage_ERROR) IP (MotorControl) : Invalid parameter (OCP_FILTER)
2026-08-04 17:22:53,686 DEBUG [LineInfo_to_exitCode.log_LineInfo] 2026-08-04 17:22:53,686 [INFO] ImportTextPane:167 - (OptionalMessage_ERROR) IP (MotorControl) : Invalid parameter (OCP_INVERTINGINPUT)
2026-08-04 17:22:53,686 DEBUG [LineInfo_to_exitCode.log_LineInfo] 2026-08-04 17:22:53,686 [INFO] ImportTextPane:167 - (OptionalMessage_ERROR) IP (MotorControl) : Invalid parameter (OCPA_DAC_INTERNAL_PIN)
2026-08-04 17:22:53,686 DEBUG [LineInfo_to_exitCode.log_LineInfo] 2026-08-04 17:22:53,686 [INFO] ImportTextPane:167 - (OptionalMessage_ERROR) IP (MotorControl) : Invalid parameter (OCPA_INVERTINGINPUT)
2026-08-04 17:22:53,686 DEBUG [LineInfo_to_exitCode.log_LineInfo] 2026-08-04 17:22:53,686 [INFO] ImportTextPane:167 - (OptionalMessage_ERROR) IP (MotorControl) : Invalid parameter (OCPA_INVERTINGINPUT_DAC_OUT)
2026-08-04 17:22:53,686 DEBUG [LineInfo_to_exitCode.log_LineInfo] 2026-08-04 17:22:53,686 [INFO] ImportTextPane:167 - (OptionalMessage_ERROR) IP (MotorControl) : Invalid parameter (OCPA_INVERTINGINPUT_GPIO_PIN)
2026-08-04 17:22:53,686 DEBUG [LineInfo_to_exitCode.log_LineInfo] 2026-08-04 17:22:53,686 [INFO] ImportTextPane:167 - (OptionalMessage_ERROR) IP (MotorControl) : Invalid parameter (OCPA_INVERTINGINPUT_GPIO_PORT)
2026-08-04 17:22:53,686 DEBUG [LineInfo_to_exitCode.log_LineInfo] 2026-08-04 17:22:53,686 [INFO] ImportTextPane:167 - (OptionalMessage_ERROR) IP (MotorControl) : Invalid parameter (OCPA_NONINVERTINGINPUT)
2026-08-04 17:22:53,687 DEBUG [LineInfo_to_exitCode.log_LineInfo] 2026-08-04 17:22:53,686 [INFO] ImportTextPane:167 - (OptionalMessage_ERROR) IP (MotorControl) : Invalid parameter (OCPA_NONINVERTINGINPUT_GPIO_PIN)
2026-08-04 17:22:53,687 DEBUG [LineInfo_to_exitCode.log_LineInfo] 2026-08-04 17:22:53,686 [INFO] ImportTextPane:167 - (OptionalMessage_ERROR) IP (MotorControl) : Invalid parameter (OCPA_NONINVERTINGINPUT_GPIO_PORT)
2026-08-04 17:22:53,687 DEBUG [LineInfo_to_exitCode.log_LineInfo] 2026-08-04 17:22:53,686 [INFO] ImportTextPane:167 - (OptionalMessage_ERROR) IP (MotorControl) : Invalid parameter (OCPA_OUTPUT)
2026-08-04 17:22:53,687 DEBUG [LineInfo_to_exitCode.log_LineInfo] 2026-08-04 17:22:53,686 [INFO] ImportTextPane:167 - (OptionalMessage_ERROR) IP (MotorControl) : Invalid parameter (OCPA_OUTPUT_GPIO_PIN)
2026-08-04 17:22:53,687 DEBUG [LineInfo_to_exitCode.log_LineInfo] 2026-08-04 17:22:53,687 [INFO] ImportTextPane:167 - (OptionalMessage_ERROR) IP (MotorControl) : Invalid parameter (OCPA_OUTPUT_GPIO_PORT)
2026-08-04 17:22:53,687 DEBUG [LineInfo_to_exitCode.log_LineInfo] 2026-08-04 17:22:53,687 [INFO] ImportTextPane:167 - (OptionalMessage_ERROR) IP (MotorControl) : Invalid parameter (OCPA_OUTPUT_MODE)
2026-08-04 17:22:53,687 DEBUG [LineInfo_to_exitCode.log_LineInfo] 2026-08-04 17:22:53,687 [INFO] ImportTextPane:167 - (OptionalMessage_ERROR) IP (MotorControl) : Invalid parameter (OCPA_OUTPUTPOL)
2026-08-04 17:22:53,687 DEBUG [LineInfo_to_exitCode.log_LineInfo] 2026-08-04 17:22:53,687 [INFO] ImportTextPane:167 - (OptionalMessage_ERROR) IP (MotorControl) : Invalid parameter (OCPB_DAC_INTERNAL_PIN)
2026-08-04 17:22:53,687 DEBUG [LineInfo_to_exitCode.log_LineInfo] 2026-08-04 17:22:53,687 [INFO] ImportTextPane:167 - (OptionalMessage_ERROR) IP (MotorControl) : Invalid parameter (OCPB_INVERTINGINPUT)
2026-08-04 17:22:53,687 DEBUG [LineInfo_to_exitCode.log_LineInfo] 2026-08-04 17:22:53,687 [INFO] ImportTextPane:167 - (OptionalMessage_ERROR) IP (MotorControl) : Invalid parameter (OCPB_INVERTINGINPUT_DAC_OUT)
2026-08-04 17:22:53,687 DEBUG [LineInfo_to_exitCode.log_LineInfo] 2026-08-04 17:22:53,687 [INFO] ImportTextPane:167 - (OptionalMessage_ERROR) IP (MotorControl) : Invalid parameter (OCPB_INVERTINGINPUT_GPIO_PIN)
2026-08-04 17:22:53,687 DEBUG [LineInfo_to_exitCode.log_LineInfo] 2026-08-04 17:22:53,687 [INFO] ImportTextPane:167 - (OptionalMessage_ERROR) IP (MotorControl) : Invalid parameter (OCPB_INVERTINGINPUT_GPIO_PORT)
2026-08-04 17:22:53,687 DEBUG [LineInfo_to_exitCode.log_LineInfo] 2026-08-04 17:22:53,687 [INFO] ImportTextPane:167 - (OptionalMessage_ERROR) IP (MotorControl) : Invalid parameter (OCPB_NONINVERTINGINPUT)
2026-08-04 17:22:53,688 DEBUG [LineInfo_to_exitCode.log_LineInfo] 2026-08-04 17:22:53,687 [INFO] ImportTextPane:167 - (OptionalMessage_ERROR) IP (MotorControl) : Invalid parameter (OCPB_NONINVERTINGINPUT_GPIO_PIN)
2026-08-04 17:22:53,688 DEBUG [LineInfo_to_exitCode.log_LineInfo] 2026-08-04 17:22:53,687 [INFO] ImportTextPane:167 - (OptionalMessage_ERROR) IP (MotorControl) : Invalid parameter (OCPB_NONINVERTINGINPUT_GPIO_PORT)
2026-08-04 17:22:53,688 DEBUG [LineInfo_to_exitCode.log_LineInfo] 2026-08-04 17:22:53,687 [INFO] ImportTextPane:167 - (OptionalMessage_ERROR) IP (MotorControl) : Invalid parameter (OCPB_OUTPUT)
2026-08-04 17:22:53,688 DEBUG [LineInfo_to_exitCode.log_LineInfo] 2026-08-04 17:22:53,687 [INFO] ImportTextPane:167 - (OptionalMessage_ERROR) IP (MotorControl) : Invalid parameter (OCPB_OUTPUT_GPIO_PIN)
2026-08-04 17:22:53,688 DEBUG [LineInfo_to_exitCode.log_LineInfo] 2026-08-04 17:22:53,687 [INFO] ImportTextPane:167 - (OptionalMessage_ERROR) IP (MotorControl) : Invalid parameter (OCPB_OUTPUT_GPIO_PORT)
2026-08-04 17:22:53,688 DEBUG [LineInfo_to_exitCode.log_LineInfo] 2026-08-04 17:22:53,687 [INFO] ImportTextPane:167 - (OptionalMessage_ERROR) IP (MotorControl) : Invalid parameter (OCPB_OUTPUT_MODE)
2026-08-04 17:22:53,688 DEBUG [LineInfo_to_exitCode.log_LineInfo] 2026-08-04 17:22:53,688 [INFO] ImportTextPane:167 - (OptionalMessage_ERROR) IP (MotorControl) : Invalid parameter (OCPB_OUTPUTPOL)
2026-08-04 17:22:53,688 DEBUG [LineInfo_to_exitCode.log_LineInfo] 2026-08-04 17:22:53,688 [INFO] ImportTextPane:167 - (OptionalMessage_ERROR) IP (MotorControl) : Invalid parameter (OCPC_DAC_INTERNAL_PIN)
2026-08-04 17:22:53,688 DEBUG [LineInfo_to_exitCode.log_LineInfo] 2026-08-04 17:22:53,688 [INFO] ImportTextPane:167 - (OptionalMessage_ERROR) IP (MotorControl) : Invalid parameter (OCPC_INVERTINGINPUT)
2026-08-04 17:22:53,688 DEBUG [LineInfo_to_exitCode.log_LineInfo] 2026-08-04 17:22:53,688 [INFO] ImportTextPane:167 - (OptionalMessage_ERROR) IP (MotorControl) : Invalid parameter (OCPC_INVERTINGINPUT_DAC_OUT)
2026-08-04 17:22:53,688 DEBUG [LineInfo_to_exitCode.log_LineInfo] 2026-08-04 17:22:53,688 [INFO] ImportTextPane:167 - (OptionalMessage_ERROR) IP (MotorControl) : Invalid parameter (OCPC_INVERTINGINPUT_GPIO_PIN)
2026-08-04 17:22:53,688 DEBUG [LineInfo_to_exitCode.log_LineInfo] 2026-08-04 17:22:53,688 [INFO] ImportTextPane:167 - (OptionalMessage_ERROR) IP (MotorControl) : Invalid parameter (OCPC_INVERTINGINPUT_GPIO_PORT)
2026-08-04 17:22:53,688 DEBUG [LineInfo_to_exitCode.log_LineInfo] 2026-08-04 17:22:53,688 [INFO] ImportTextPane:167 - (OptionalMessage_ERROR) IP (MotorControl) : Invalid parameter (OCPC_NONINVERTINGINPUT)
2026-08-04 17:22:53,688 DEBUG [LineInfo_to_exitCode.log_LineInfo] 2026-08-04 17:22:53,688 [INFO] ImportTextPane:167 - (OptionalMessage_ERROR) IP (MotorControl) : Invalid parameter (OCPC_NONINVERTINGINPUT_GPIO_PIN)
2026-08-04 17:22:53,689 DEBUG [LineInfo_to_exitCode.log_LineInfo] 2026-08-04 17:22:53,688 [INFO] ImportTextPane:167 - (OptionalMessage_ERROR) IP (MotorControl) : Invalid parameter (OCPC_NONINVERTINGINPUT_GPIO_PORT)
2026-08-04 17:22:53,689 DEBUG [LineInfo_to_exitCode.log_LineInfo] 2026-08-04 17:22:53,688 [INFO] ImportTextPane:167 - (OptionalMessage_ERROR) IP (MotorControl) : Invalid parameter (OCPC_OUTPUT)
2026-08-04 17:22:53,689 DEBUG [LineInfo_to_exitCode.log_LineInfo] 2026-08-04 17:22:53,688 [INFO] ImportTextPane:167 - (OptionalMessage_ERROR) IP (MotorControl) : Invalid parameter (OCPC_OUTPUT_GPIO_PIN)
2026-08-04 17:22:53,689 DEBUG [LineInfo_to_exitCode.log_LineInfo] 2026-08-04 17:22:53,688 [INFO] ImportTextPane:167 - (OptionalMessage_ERROR) IP (MotorControl) : Invalid parameter (OCPC_OUTPUT_GPIO_PORT)
2026-08-04 17:22:53,689 DEBUG [LineInfo_to_exitCode.log_LineInfo] 2026-08-04 17:22:53,688 [INFO] ImportTextPane:167 - (OptionalMessage_ERROR) IP (MotorControl) : Invalid parameter (OCPC_OUTPUT_MODE)
2026-08-04 17:22:53,689 DEBUG [LineInfo_to_exitCode.log_LineInfo] 2026-08-04 17:22:53,688 [INFO] ImportTextPane:167 - (OptionalMessage_ERROR) IP (MotorControl) : Invalid parameter (OCPC_OUTPUTPOL)
2026-08-04 17:22:53,689 DEBUG [LineInfo_to_exitCode.log_LineInfo] 2026-08-04 17:22:53,688 [INFO] ImportTextPane:167 - (OptionalMessage_ERROR) IP (MotorControl) : Invalid parameter (ON_OVER_VOLTAGE)
2026-08-04 17:22:53,689 DEBUG [LineInfo_to_exitCode.log_LineInfo] 2026-08-04 17:22:53,689 [INFO] ImportTextPane:167 - (OptionalMessage_ERROR) IP (MotorControl) : Invalid parameter (OPAMP_PGAGAIN)
2026-08-04 17:22:53,689 DEBUG [LineInfo_to_exitCode.log_LineInfo] 2026-08-04 17:22:53,689 [INFO] ImportTextPane:167 - (OptionalMessage_ERROR) IP (MotorControl) : Invalid parameter (OPAMP_TYPE_GAIN)
2026-08-04 17:22:53,689 DEBUG [LineInfo_to_exitCode.log_LineInfo] 2026-08-04 17:22:53,689 [INFO] ImportTextPane:167 - (OptionalMessage_ERROR) IP (MotorControl) : Invalid parameter (OPAMP1_INVERTINGINPUT)
2026-08-04 17:22:53,689 DEBUG [LineInfo_to_exitCode.log_LineInfo] 2026-08-04 17:22:53,689 [INFO] ImportTextPane:167 - (OptionalMessage_ERROR) IP (MotorControl) : Invalid parameter (OPAMP1_INVERTINGINPUT_GPIO_PIN)
2026-08-04 17:22:53,690 DEBUG [LineInfo_to_exitCode.log_LineInfo] 2026-08-04 17:22:53,689 [INFO] ImportTextPane:167 - (OptionalMessage_ERROR) IP (MotorControl) : Invalid parameter (OPAMP1_INVERTINGINPUT_GPIO_PORT)
2026-08-04 17:22:53,690 DEBUG [LineInfo_to_exitCode.log_LineInfo] 2026-08-04 17:22:53,689 [INFO] ImportTextPane:167 - (OptionalMessage_ERROR) IP (MotorControl) : Invalid parameter (OPAMP1_INVERTINGINPUT_MODE)
2026-08-04 17:22:53,690 DEBUG [LineInfo_to_exitCode.log_LineInfo] 2026-08-04 17:22:53,689 [INFO] ImportTextPane:167 - (OptionalMessage_ERROR) IP (MotorControl) : Invalid parameter (OPAMP1_NONINVERTINGINPUT_PHA_GPIO_PIN)
2026-08-04 17:22:53,690 DEBUG [LineInfo_to_exitCode.log_LineInfo] 2026-08-04 17:22:53,689 [INFO] ImportTextPane:167 - (OptionalMessage_ERROR) IP (MotorControl) : Invalid parameter (OPAMP1_NONINVERTINGINPUT_PHA_GPIO_PORT)
2026-08-04 17:22:53,690 DEBUG [LineInfo_to_exitCode.log_LineInfo] 2026-08-04 17:22:53,689 [INFO] ImportTextPane:167 - (OptionalMessage_ERROR) IP (MotorControl) : Invalid parameter (OPAMP1_OUT_GPIO_PIN)
2026-08-04 17:22:53,690 DEBUG [LineInfo_to_exitCode.log_LineInfo] 2026-08-04 17:22:53,689 [INFO] ImportTextPane:167 - (OptionalMessage_ERROR) IP (MotorControl) : Invalid parameter (OPAMP1_OUT_GPIO_PORT)
2026-08-04 17:22:53,690 DEBUG [LineInfo_to_exitCode.log_LineInfo] 2026-08-04 17:22:53,689 [INFO] ImportTextPane:167 - (OptionalMessage_ERROR) IP (MotorControl) : Invalid parameter (OPAMP2_INVERTINGINPUT)
2026-08-04 17:22:53,690 DEBUG [LineInfo_to_exitCode.log_LineInfo] 2026-08-04 17:22:53,689 [INFO] ImportTextPane:167 - (OptionalMessage_ERROR) IP (MotorControl) : Invalid parameter (OPAMP2_INVERTINGINPUT_GPIO_PIN)
2026-08-04 17:22:53,690 DEBUG [LineInfo_to_exitCode.log_LineInfo] 2026-08-04 17:22:53,689 [INFO] ImportTextPane:167 - (OptionalMessage_ERROR) IP (MotorControl) : Invalid parameter (OPAMP2_INVERTINGINPUT_GPIO_PORT)
2026-08-04 17:22:53,690 DEBUG [LineInfo_to_exitCode.log_LineInfo] 2026-08-04 17:22:53,690 [INFO] ImportTextPane:167 - (OptionalMessage_ERROR) IP (MotorControl) : Invalid parameter (OPAMP2_INVERTINGINPUT_MODE)
2026-08-04 17:22:53,690 DEBUG [LineInfo_to_exitCode.log_LineInfo] 2026-08-04 17:22:53,690 [INFO] ImportTextPane:167 - (OptionalMessage_ERROR) IP (MotorControl) : Invalid parameter (OPAMP2_NONINVERTINGINPUT_PHB_GPIO_PIN)
2026-08-04 17:22:53,690 DEBUG [LineInfo_to_exitCode.log_LineInfo] 2026-08-04 17:22:53,690 [INFO] ImportTextPane:167 - (OptionalMessage_ERROR) IP (MotorControl) : Invalid parameter (OPAMP2_NONINVERTINGINPUT_PHB_GPIO_PORT)
2026-08-04 17:22:53,691 DEBUG [LineInfo_to_exitCode.log_LineInfo] 2026-08-04 17:22:53,690 [INFO] ImportTextPane:167 - (OptionalMessage_ERROR) IP (MotorControl) : Invalid parameter (OPAMP2_OUT_GPIO_PIN)
2026-08-04 17:22:53,691 DEBUG [LineInfo_to_exitCode.log_LineInfo] 2026-08-04 17:22:53,690 [INFO] ImportTextPane:167 - (OptionalMessage_ERROR) IP (MotorControl) : Invalid parameter (OPAMP2_OUT_GPIO_PORT)
2026-08-04 17:22:53,691 DEBUG [LineInfo_to_exitCode.log_LineInfo] 2026-08-04 17:22:53,690 [INFO] ImportTextPane:167 - (OptionalMessage_ERROR) IP (MotorControl) : Invalid parameter (OPAMP3_INVERTINGINPUT)
2026-08-04 17:22:53,691 DEBUG [LineInfo_to_exitCode.log_LineInfo] 2026-08-04 17:22:53,690 [INFO] ImportTextPane:167 - (OptionalMessage_ERROR) IP (MotorControl) : Invalid parameter (OPAMP3_INVERTINGINPUT_GPIO_PIN)
2026-08-04 17:22:53,691 DEBUG [LineInfo_to_exitCode.log_LineInfo] 2026-08-04 17:22:53,690 [INFO] ImportTextPane:167 - (OptionalMessage_ERROR) IP (MotorControl) : Invalid parameter (OPAMP3_INVERTINGINPUT_GPIO_PORT)
2026-08-04 17:22:53,691 DEBUG [LineInfo_to_exitCode.log_LineInfo] 2026-08-04 17:22:53,690 [INFO] ImportTextPane:167 - (OptionalMessage_ERROR) IP (MotorControl) : Invalid parameter (OPAMP3_INVERTINGINPUT_MODE)
2026-08-04 17:22:53,691 DEBUG [LineInfo_to_exitCode.log_LineInfo] 2026-08-04 17:22:53,690 [INFO] ImportTextPane:167 - (OptionalMessage_ERROR) IP (MotorControl) : Invalid parameter (OPAMP3_NONINVERTINGINPUT_PHC)
2026-08-04 17:22:53,691 DEBUG [LineInfo_to_exitCode.log_LineInfo] 2026-08-04 17:22:53,690 [INFO] ImportTextPane:167 - (OptionalMessage_ERROR) IP (MotorControl) : Invalid parameter (OPAMP3_NONINVERTINGINPUT_PHC_GPIO_PIN)
2026-08-04 17:22:53,691 DEBUG [LineInfo_to_exitCode.log_LineInfo] 2026-08-04 17:22:53,690 [INFO] ImportTextPane:167 - (OptionalMessage_ERROR) IP (MotorControl) : Invalid parameter (OPAMP3_NONINVERTINGINPUT_PHC_GPIO_PORT)
2026-08-04 17:22:53,691 DEBUG [LineInfo_to_exitCode.log_LineInfo] 2026-08-04 17:22:53,690 [INFO] ImportTextPane:167 - (OptionalMessage_ERROR) IP (MotorControl) : Invalid parameter (OPAMP3_OUT_GPIO_PIN)
2026-08-04 17:22:53,691 DEBUG [LineInfo_to_exitCode.log_LineInfo] 2026-08-04 17:22:53,690 [INFO] ImportTextPane:167 - (OptionalMessage_ERROR) IP (MotorControl) : Invalid parameter (OPAMP3_OUT_GPIO_PORT)
2026-08-04 17:22:53,691 DEBUG [LineInfo_to_exitCode.log_LineInfo] 2026-08-04 17:22:53,690 [INFO] ImportTextPane:167 - (OptionalMessage_ERROR) IP (MotorControl) : Invalid parameter (OPAMP3_SELECTION)
2026-08-04 17:22:53,691 DEBUG [LineInfo_to_exitCode.log_LineInfo] 2026-08-04 17:22:53,691 [INFO] ImportTextPane:167 - (OptionalMessage_ERROR) IP (MotorControl) : Invalid parameter (OV_TEMPERATURE_PROT_ENABLING)
2026-08-04 17:22:53,692 DEBUG [LineInfo_to_exitCode.log_LineInfo] 2026-08-04 17:22:53,691 [INFO] ImportTextPane:167 - (OptionalMessage_ERROR) IP (MotorControl) : Invalid parameter (OV_VOLTAGE_PROT_ENABLING)
2026-08-04 17:22:53,692 DEBUG [LineInfo_to_exitCode.log_LineInfo] 2026-08-04 17:22:53,691 [INFO] ImportTextPane:167 - (OptionalMessage_ERROR) IP (MotorControl) : Invalid parameter (PHASE_U_CURR_ADC)
2026-08-04 17:22:53,692 DEBUG [LineInfo_to_exitCode.log_LineInfo] 2026-08-04 17:22:53,691 [INFO] ImportTextPane:167 - (OptionalMessage_ERROR) IP (MotorControl) : Invalid parameter (PHASE_U_GPIO_PIN)
2026-08-04 17:22:53,692 DEBUG [LineInfo_to_exitCode.log_LineInfo] 2026-08-04 17:22:53,691 [INFO] ImportTextPane:167 - (OptionalMessage_ERROR) IP (MotorControl) : Invalid parameter (PHASE_U_GPIO_PORT)
2026-08-04 17:22:53,692 DEBUG [LineInfo_to_exitCode.log_LineInfo] 2026-08-04 17:22:53,691 [INFO] ImportTextPane:167 - (OptionalMessage_ERROR) IP (MotorControl) : Invalid parameter (PHASE_U_PWM_CHANNEL)
2026-08-04 17:22:53,692 DEBUG [LineInfo_to_exitCode.log_LineInfo] 2026-08-04 17:22:53,691 [INFO] ImportTextPane:167 - (OptionalMessage_ERROR) IP (MotorControl) : Invalid parameter (PHASE_UH_GPIO_PIN)
2026-08-04 17:22:53,692 DEBUG [LineInfo_to_exitCode.log_LineInfo] 2026-08-04 17:22:53,691 [INFO] ImportTextPane:167 - (OptionalMessage_ERROR) IP (MotorControl) : Invalid parameter (PHASE_UH_GPIO_PORT)
2026-08-04 17:22:53,692 DEBUG [LineInfo_to_exitCode.log_LineInfo] 2026-08-04 17:22:53,691 [INFO] ImportTextPane:167 - (OptionalMessage_ERROR) IP (MotorControl) : Invalid parameter (PHASE_UL_GPIO_PIN)
2026-08-04 17:22:53,692 DEBUG [LineInfo_to_exitCode.log_LineInfo] 2026-08-04 17:22:53,691 [INFO] ImportTextPane:167 - (OptionalMessage_ERROR) IP (MotorControl) : Invalid parameter (PHASE_UL_GPIO_PORT)
2026-08-04 17:22:53,693 DEBUG [LineInfo_to_exitCode.log_LineInfo] 2026-08-04 17:22:53,691 [INFO] ImportTextPane:167 - (OptionalMessage_ERROR) IP (MotorControl) : Parameter (PHASE_UL_POLARITY) has invalid value (L_ACTIVE_HIGH)
2026-08-04 17:22:53,693 DEBUG [LineInfo_to_exitCode.log_LineInfo] 2026-08-04 17:22:53,691 [INFO] ImportTextPane:167 - (OptionalMessage_ERROR) IP (MotorControl) : Invalid parameter (PHASE_V_CURR_ADC)
2026-08-04 17:22:53,693 DEBUG [LineInfo_to_exitCode.log_LineInfo] 2026-08-04 17:22:53,691 [INFO] ImportTextPane:167 - (OptionalMessage_ERROR) IP (MotorControl) : Invalid parameter (PHASE_V_GPIO_PIN)
2026-08-04 17:22:53,693 DEBUG [LineInfo_to_exitCode.log_LineInfo] 2026-08-04 17:22:53,692 [INFO] ImportTextPane:167 - (OptionalMessage_ERROR) IP (MotorControl) : Invalid parameter (PHASE_V_GPIO_PORT)
2026-08-04 17:22:53,693 DEBUG [LineInfo_to_exitCode.log_LineInfo] 2026-08-04 17:22:53,692 [INFO] ImportTextPane:167 - (OptionalMessage_ERROR) IP (MotorControl) : Invalid parameter (PHASE_V_PWM_CHANNEL)
2026-08-04 17:22:53,693 DEBUG [LineInfo_to_exitCode.log_LineInfo] 2026-08-04 17:22:53,692 [INFO] ImportTextPane:167 - (OptionalMessage_ERROR) IP (MotorControl) : Invalid parameter (PHASE_VH_GPIO_PIN)
2026-08-04 17:22:53,693 DEBUG [LineInfo_to_exitCode.log_LineInfo] 2026-08-04 17:22:53,692 [INFO] ImportTextPane:167 - (OptionalMessage_ERROR) IP (MotorControl) : Invalid parameter (PHASE_VH_GPIO_PORT)
2026-08-04 17:22:53,693 DEBUG [LineInfo_to_exitCode.log_LineInfo] 2026-08-04 17:22:53,692 [INFO] ImportTextPane:167 - (OptionalMessage_ERROR) IP (MotorControl) : Invalid parameter (PHASE_VL_GPIO_PIN)
2026-08-04 17:22:53,693 DEBUG [LineInfo_to_exitCode.log_LineInfo] 2026-08-04 17:22:53,692 [INFO] ImportTextPane:167 - (OptionalMessage_ERROR) IP (MotorControl) : Invalid parameter (PHASE_VL_GPIO_PORT)
2026-08-04 17:22:53,693 DEBUG [LineInfo_to_exitCode.log_LineInfo] 2026-08-04 17:22:53,692 [INFO] ImportTextPane:167 - (OptionalMessage_ERROR) IP (MotorControl) : Parameter (PHASE_VL_POLARITY) has invalid value (L_ACTIVE_HIGH)
2026-08-04 17:22:53,693 DEBUG [LineInfo_to_exitCode.log_LineInfo] 2026-08-04 17:22:53,692 [INFO] ImportTextPane:167 - (OptionalMessage_ERROR) IP (MotorControl) : Invalid parameter (PHASE_W_CURR_ADC)
2026-08-04 17:22:53,693 DEBUG [LineInfo_to_exitCode.log_LineInfo] 2026-08-04 17:22:53,692 [INFO] ImportTextPane:167 - (OptionalMessage_ERROR) IP (MotorControl) : Invalid parameter (PHASE_W_GPIO_PIN)
2026-08-04 17:22:53,694 DEBUG [LineInfo_to_exitCode.log_LineInfo] 2026-08-04 17:22:53,692 [INFO] ImportTextPane:167 - (OptionalMessage_ERROR) IP (MotorControl) : Invalid parameter (PHASE_W_GPIO_PORT)
2026-08-04 17:22:53,694 DEBUG [LineInfo_to_exitCode.log_LineInfo] 2026-08-04 17:22:53,692 [INFO] ImportTextPane:167 - (OptionalMessage_ERROR) IP (MotorControl) : Invalid parameter (PHASE_W_PWM_CHANNEL)
2026-08-04 17:22:53,694 DEBUG [LineInfo_to_exitCode.log_LineInfo] 2026-08-04 17:22:53,692 [INFO] ImportTextPane:167 - (OptionalMessage_ERROR) IP (MotorControl) : Invalid parameter (PHASE_W_S_CURR_ADC)
2026-08-04 17:22:53,694 DEBUG [LineInfo_to_exitCode.log_LineInfo] 2026-08-04 17:22:53,692 [INFO] ImportTextPane:167 - (OptionalMessage_ERROR) IP (MotorControl) : Invalid parameter (PHASE_W_S_CURR_CHANNEL)
2026-08-04 17:22:53,694 DEBUG [LineInfo_to_exitCode.log_LineInfo] 2026-08-04 17:22:53,693 [INFO] ImportTextPane:167 - (OptionalMessage_ERROR) IP (MotorControl) : Invalid parameter (PHASE_W_S_GPIO_PIN)
2026-08-04 17:22:53,694 DEBUG [LineInfo_to_exitCode.log_LineInfo] 2026-08-04 17:22:53,693 [INFO] ImportTextPane:167 - (OptionalMessage_ERROR) IP (MotorControl) : Invalid parameter (PHASE_W_S_GPIO_PORT)
2026-08-04 17:22:53,694 DEBUG [LineInfo_to_exitCode.log_LineInfo] 2026-08-04 17:22:53,693 [INFO] ImportTextPane:167 - (OptionalMessage_ERROR) IP (MotorControl) : Invalid parameter (PHASE_WH_GPIO_PIN)
2026-08-04 17:22:53,694 DEBUG [LineInfo_to_exitCode.log_LineInfo] 2026-08-04 17:22:53,693 [INFO] ImportTextPane:167 - (OptionalMessage_ERROR) IP (MotorControl) : Invalid parameter (PHASE_WH_GPIO_PORT)
2026-08-04 17:22:53,694 DEBUG [LineInfo_to_exitCode.log_LineInfo] 2026-08-04 17:22:53,693 [INFO] ImportTextPane:167 - (OptionalMessage_ERROR) IP (MotorControl) : Invalid parameter (PHASE_WL_GPIO_PIN)
2026-08-04 17:22:53,696 DEBUG [LineInfo_to_exitCode.log_LineInfo] 2026-08-04 17:22:53,693 [INFO] ImportTextPane:167 - (OptionalMessage_ERROR) IP (MotorControl) : Invalid parameter (PHASE_WL_GPIO_PORT)
2026-08-04 17:22:53,696 DEBUG [LineInfo_to_exitCode.log_LineInfo] 2026-08-04 17:22:53,693 [INFO] ImportTextPane:167 - (OptionalMessage_ERROR) IP (MotorControl) : Parameter (PHASE_WL_POLARITY) has invalid value (L_ACTIVE_HIGH)
2026-08-04 17:22:53,696 DEBUG [LineInfo_to_exitCode.log_LineInfo] 2026-08-04 17:22:53,693 [INFO] ImportTextPane:167 - (OptionalMessage_ERROR) IP (MotorControl) : Invalid parameter (POTENTIOMETER_READING)
2026-08-04 17:22:53,696 DEBUG [LineInfo_to_exitCode.log_LineInfo] 2026-08-04 17:22:53,693 [INFO] ImportTextPane:167 - (OptionalMessage_ERROR) IP (MotorControl) : Invalid parameter (PWM_FREQUENCY)
2026-08-04 17:22:53,696 DEBUG [LineInfo_to_exitCode.log_LineInfo] 2026-08-04 17:22:53,693 [INFO] ImportTextPane:167 - (OptionalMessage_ERROR) IP (MotorControl) : Invalid parameter (PWM_TIMER_SELECTION)
2026-08-04 17:22:53,696 DEBUG [LineInfo_to_exitCode.log_LineInfo] 2026-08-04 17:22:53,693 [INFO] ImportTextPane:167 - (OptionalMessage_ERROR) IP (MotorControl) : Invalid parameter (R_BRAKE_SWITCH_OFF_THRES_V)
2026-08-04 17:22:53,696 DEBUG [LineInfo_to_exitCode.log_LineInfo] 2026-08-04 17:22:53,693 [INFO] ImportTextPane:167 - (OptionalMessage_ERROR) IP (MotorControl) : Invalid parameter (REGULATION_EXECUTION_RATE)
2026-08-04 17:22:53,696 DEBUG [LineInfo_to_exitCode.log_LineInfo] 2026-08-04 17:22:53,693 [INFO] ImportTextPane:167 - (OptionalMessage_ERROR) IP (MotorControl) : Invalid parameter (SINGLEDRIVE)
2026-08-04 17:22:53,696 DEBUG [LineInfo_to_exitCode.log_LineInfo] 2026-08-04 17:22:53,693 [INFO] ImportTextPane:167 - (OptionalMessage_ERROR) IP (MotorControl) : Invalid parameter (SPD_DIFFERENTIAL_TERM_ENABLING)
2026-08-04 17:22:53,696 DEBUG [LineInfo_to_exitCode.log_LineInfo] 2026-08-04 17:22:53,694 [INFO] ImportTextPane:167 - (OptionalMessage_ERROR) IP (MotorControl) : Invalid parameter (SPEED_SENSOR_SELECTION)
2026-08-04 17:22:53,696 DEBUG [LineInfo_to_exitCode.log_LineInfo] 2026-08-04 17:22:53,694 [INFO] ImportTextPane:167 - (OptionalMessage_ERROR) IP (MotorControl) : Invalid parameter (START_STOP_GPIO_IRQ)
2026-08-04 17:22:53,697 DEBUG [LineInfo_to_exitCode.log_LineInfo] 2026-08-04 17:22:53,694 [INFO] ImportTextPane:167 - (OptionalMessage_ERROR) IP (MotorControl) : Invalid parameter (START_STOP_POLARITY)
2026-08-04 17:22:53,697 DEBUG [LineInfo_to_exitCode.log_LineInfo] 2026-08-04 17:22:53,694 [INFO] ImportTextPane:167 - (OptionalMessage_ERROR) IP (MotorControl) : Invalid parameter (START_STOP_POLARITY_EDGE)
2026-08-04 17:22:53,697 DEBUG [LineInfo_to_exitCode.log_LineInfo] 2026-08-04 17:22:53,694 [INFO] ImportTextPane:167 - (OptionalMessage_ERROR) IP (MotorControl) : Invalid parameter (STATE_OBSERVER_PLL)
2026-08-04 17:22:53,697 DEBUG [LineInfo_to_exitCode.log_LineInfo] 2026-08-04 17:22:53,694 [INFO] ImportTextPane:167 - (OptionalMessage_ERROR) IP (MotorControl) : Invalid parameter (STM32G431CB)
2026-08-04 17:22:53,697 DEBUG [LineInfo_to_exitCode.log_LineInfo] 2026-08-04 17:22:53,694 [INFO] ImportTextPane:167 - (OptionalMessage_ERROR) IP (MotorControl) : Invalid parameter (SW_DEADTIME_NS)
2026-08-04 17:22:53,697 DEBUG [LineInfo_to_exitCode.log_LineInfo] 2026-08-04 17:22:53,694 [INFO] ImportTextPane:167 - (OptionalMessage_ERROR) IP (MotorControl) : Invalid parameter (TEMP_ADC_SAMPLING_TIME)
2026-08-04 17:22:53,697 DEBUG [LineInfo_to_exitCode.log_LineInfo] 2026-08-04 17:22:53,694 [INFO] ImportTextPane:167 - (OptionalMessage_ERROR) IP (MotorControl) : Invalid parameter (TEMP_FDBK_ADC)
2026-08-04 17:22:53,697 DEBUG [LineInfo_to_exitCode.log_LineInfo] 2026-08-04 17:22:53,694 [INFO] ImportTextPane:167 - (OptionalMessage_ERROR) IP (MotorControl) : Invalid parameter (TEMP_FDBK_CHANNEL)
2026-08-04 17:22:53,697 DEBUG [LineInfo_to_exitCode.log_LineInfo] 2026-08-04 17:22:53,694 [INFO] ImportTextPane:167 - (OptionalMessage_ERROR) IP (MotorControl) : Invalid parameter (TEMP_FDBK_GPIO_PIN)
2026-08-04 17:22:53,697 DEBUG [LineInfo_to_exitCode.log_LineInfo] 2026-08-04 17:22:53,694 [INFO] ImportTextPane:167 - (OptionalMessage_ERROR) IP (MotorControl) : Invalid parameter (TEMP_FDBK_GPIO_PORT)
2026-08-04 17:22:53,697 DEBUG [LineInfo_to_exitCode.log_LineInfo] 2026-08-04 17:22:53,696 [INFO] ImportTextPane:167 - (OptionalMessage_ERROR) IP (MotorControl) : Invalid parameter (TEMPERATURE_READING)
2026-08-04 17:22:53,698 DEBUG [LineInfo_to_exitCode.log_LineInfo] 2026-08-04 17:22:53,696 [INFO] ImportTextPane:167 - (OptionalMessage_ERROR) IP (MotorControl) : Invalid parameter (TFDIFFERENTIAL_TERM_ENABLING)
2026-08-04 17:22:53,698 DEBUG [LineInfo_to_exitCode.log_LineInfo] 2026-08-04 17:22:53,696 [INFO] ImportTextPane:167 - (OptionalMessage_ERROR) IP (MotorControl) : Invalid parameter (TRISE_NS)
2026-08-04 17:22:53,698 DEBUG [LineInfo_to_exitCode.log_LineInfo] 2026-08-04 17:22:53,696 [INFO] ImportTextPane:167 - (OptionalMessage_ERROR) IP (MotorControl) : Invalid parameter (USART_RX_GPIO_PIN)
2026-08-04 17:22:53,698 DEBUG [LineInfo_to_exitCode.log_LineInfo] 2026-08-04 17:22:53,696 [INFO] ImportTextPane:167 - (OptionalMessage_ERROR) IP (MotorControl) : Invalid parameter (USART_RX_GPIO_PORT)
2026-08-04 17:22:53,698 DEBUG [LineInfo_to_exitCode.log_LineInfo] 2026-08-04 17:22:53,696 [INFO] ImportTextPane:167 - (OptionalMessage_ERROR) IP (MotorControl) : Invalid parameter (USART_SELECTION)
2026-08-04 17:22:53,698 DEBUG [LineInfo_to_exitCode.log_LineInfo] 2026-08-04 17:22:53,696 [INFO] ImportTextPane:167 - (OptionalMessage_ERROR) IP (MotorControl) : Invalid parameter (USART_SPEED)
2026-08-04 17:22:53,698 DEBUG [LineInfo_to_exitCode.log_LineInfo] 2026-08-04 17:22:53,696 [INFO] ImportTextPane:167 - (OptionalMessage_ERROR) IP (MotorControl) : Invalid parameter (USART_TX_GPIO_PIN)
2026-08-04 17:22:53,698 DEBUG [LineInfo_to_exitCode.log_LineInfo] 2026-08-04 17:22:53,696 [INFO] ImportTextPane:167 - (OptionalMessage_ERROR) IP (MotorControl) : Invalid parameter (USART_TX_GPIO_PORT)
2026-08-04 17:22:53,698 DEBUG [LineInfo_to_exitCode.log_LineInfo] 2026-08-04 17:22:53,696 [INFO] ImportTextPane:167 - (OptionalMessage_ERROR) IP (MotorControl) : Invalid parameter (USE_3OPAMPS)
2026-08-04 17:22:53,698 DEBUG [LineInfo_to_exitCode.log_LineInfo] 2026-08-04 17:22:53,696 [INFO] ImportTextPane:167 - (OptionalMessage_ERROR) IP (MotorControl) : Invalid parameter (USE_INTERNAL_OPAMP)
2026-08-04 17:22:53,698 DEBUG [LineInfo_to_exitCode.log_LineInfo] 2026-08-04 17:22:53,696 [INFO] ImportTextPane:167 - (OptionalMessage_ERROR) IP (MotorControl) : Invalid parameter (UV_VOLTAGE_PROT_ENABLING)
2026-08-04 17:22:53,698 DEBUG [LineInfo_to_exitCode.log_LineInfo] 2026-08-04 17:22:53,696 [INFO] ImportTextPane:167 - (OptionalMessage_ERROR) IP (MotorControl) : Invalid parameter (VBUS_ADC)
2026-08-04 17:22:53,698 DEBUG [LineInfo_to_exitCode.log_LineInfo] 2026-08-04 17:22:53,696 [INFO] ImportTextPane:167 - (OptionalMessage_ERROR) IP (MotorControl) : Invalid parameter (VBUS_ADC_SAMPLING_TIME)
2026-08-04 17:22:53,698 DEBUG [LineInfo_to_exitCode.log_LineInfo] 2026-08-04 17:22:53,696 [INFO] ImportTextPane:167 - (OptionalMessage_ERROR) IP (MotorControl) : Invalid parameter (VBUS_CHANNEL)
2026-08-04 17:22:53,699 DEBUG [LineInfo_to_exitCode.log_LineInfo] 2026-08-04 17:22:53,697 [INFO] ImportTextPane:167 - (OptionalMessage_ERROR) IP (MotorControl) : Invalid parameter (VBUS_GPIO_PIN)
2026-08-04 17:22:53,699 DEBUG [LineInfo_to_exitCode.log_LineInfo] 2026-08-04 17:22:53,697 [INFO] ImportTextPane:167 - (OptionalMessage_ERROR) IP (MotorControl) : Invalid parameter (VBUS_GPIO_PORT)
2026-08-04 17:22:53,699 DEBUG [LineInfo_to_exitCode.log_LineInfo] 2026-08-04 17:22:53,697 [INFO] ImportTextPane:167 - (OptionalMessage_ERROR) IP (MotorControl) : Invalid parameter (WB_MX_HEAPSIZE)
2026-08-04 17:22:53,699 DEBUG [LineInfo_to_exitCode.log_LineInfo] 2026-08-04 17:22:53,697 [INFO] ImportTextPane:167 - (OptionalMessage_ERROR) IP (MotorControl) : Invalid parameter (WB_MX_STACKSIZE)
2026-08-04 17:22:53,699 DEBUG [LineInfo_to_exitCode.log_LineInfo] 2026-08-04 17:22:53,697 [INFO] ImportTextPane:167 - (OptionalMessage_ERROR) IP (MotorControl) : Invalid parameter (WB_MX_TRUSTZONE_AVAILABLE)
2026-08-04 17:22:53,699 DEBUG [LineInfo_to_exitCode.log_LineInfo] 2026-08-04 17:22:53,697 [INFO] ImportTextPane:167 - (OptionalMessage_ERROR) IP (MotorControl) : Invalid parameter (WB_to_Mx_template_version)
2026-08-04 17:22:53,699 DEBUG [LineInfo_to_exitCode.log_LineInfo] 2026-08-04 17:22:53,697 [INFO] ImportTextPane:167 - (OptionalMessage_ERROR) IP (MotorControl) : Invalid parameter (WB_to_Mx_version)
2026-08-04 17:22:53,700 DEBUG [LineInfo_to_exitCode.log_LineInfo] 2026-08-04 17:22:53,697 [INFO] ImportTextPane:167 - (OptionalMessage_ERROR) IP (MotorControl) : Invalid parameter (WB_UI_CUTOFF_FREQUENCY)
2026-08-04 17:22:53,700 DEBUG [LineInfo_to_exitCode.log_LineInfo] 2026-08-04 17:22:53,697 [INFO] ImportTextPane:167 - (OptionalMessage_ERROR) IP (MotorControl) : Invalid parameter (WB_UI_ENCODER_HAS_INDEX_PIN)
2026-08-04 17:22:53,700 DEBUG [LineInfo_to_exitCode.log_LineInfo] 2026-08-04 17:22:53,697 [INFO] ImportTextPane:167 - (OptionalMessage_ERROR) IP (MotorControl) : Invalid parameter (WB_UI_FLUX_TARGET)
2026-08-04 17:22:53,700 DEBUG [LineInfo_to_exitCode.log_LineInfo] 2026-08-04 17:22:53,697 [INFO] ImportTextPane:167 - (OptionalMessage_ERROR) IP (MotorControl) : Invalid parameter (WB_UI_FRICTION)
2026-08-04 17:22:53,700 DEBUG [LineInfo_to_exitCode.log_LineInfo] 2026-08-04 17:22:53,697 [INFO] ImportTextPane:167 - (OptionalMessage_ERROR) IP (MotorControl) : Invalid parameter (WB_UI_GAIN)
2026-08-04 17:22:53,700 DEBUG [LineInfo_to_exitCode.log_LineInfo] 2026-08-04 17:22:53,697 [INFO] ImportTextPane:167 - (OptionalMessage_ERROR) IP (MotorControl) : Invalid parameter (WB_UI_GAINLIST)
2026-08-04 17:22:53,700 DEBUG [LineInfo_to_exitCode.log_LineInfo] 2026-08-04 17:22:53,698 [INFO] ImportTextPane:167 - (OptionalMessage_ERROR) IP (MotorControl) : Invalid parameter (WB_UI_GON)
2026-08-04 17:22:53,701 DEBUG [LineInfo_to_exitCode.log_LineInfo] 2026-08-04 17:22:53,698 [INFO] ImportTextPane:167 - (OptionalMessage_ERROR) IP (MotorControl) : Invalid parameter (WB_UI_GOP)
2026-08-04 17:22:53,701 DEBUG [LineInfo_to_exitCode.log_LineInfo] 2026-08-04 17:22:53,698 [INFO] ImportTextPane:167 - (OptionalMessage_ERROR) IP (MotorControl) : Invalid parameter (WB_UI_INERTIA)
2026-08-04 17:22:53,701 DEBUG [LineInfo_to_exitCode.log_LineInfo] 2026-08-04 17:22:53,698 [INFO] ImportTextPane:167 - (OptionalMessage_ERROR) IP (MotorControl) : Invalid parameter (WB_UI_MAGNETIC_STRUCTURE)
2026-08-04 17:22:53,701 DEBUG [LineInfo_to_exitCode.log_LineInfo] 2026-08-04 17:22:53,698 [INFO] ImportTextPane:167 - (OptionalMessage_ERROR) IP (MotorControl) : Invalid parameter (WB_UI_MAX_CURRENT)
2026-08-04 17:22:53,701 DEBUG [LineInfo_to_exitCode.log_LineInfo] 2026-08-04 17:22:53,698 [INFO] ImportTextPane:167 - (OptionalMessage_ERROR) IP (MotorControl) : Invalid parameter (WB_UI_MAX_NOMINAL_DC_VOLTAGE)
2026-08-04 17:22:53,701 DEBUG [LineInfo_to_exitCode.log_LineInfo] 2026-08-04 17:22:53,698 [INFO] ImportTextPane:167 - (OptionalMessage_ERROR) IP (MotorControl) : Invalid parameter (WB_UI_MAX_PWMFREQUENCY)
2026-08-04 17:22:53,701 DEBUG [LineInfo_to_exitCode.log_LineInfo] 2026-08-04 17:22:53,698 [INFO] ImportTextPane:167 - (OptionalMessage_ERROR) IP (MotorControl) : Invalid parameter (WB_UI_MOTOR_DESCRIPTION)
2026-08-04 17:22:53,701 DEBUG [LineInfo_to_exitCode.log_LineInfo] 2026-08-04 17:22:53,698 [INFO] ImportTextPane:167 - (OptionalMessage_ERROR) IP (MotorControl) : Invalid parameter (WB_UI_OCP_THRESHOLD)
2026-08-04 17:22:53,701 DEBUG [LineInfo_to_exitCode.log_LineInfo] 2026-08-04 17:22:53,698 [INFO] ImportTextPane:167 - (OptionalMessage_ERROR) IP (MotorControl) : Invalid parameter (WB_UI_PW_BOARD_MAX_RATED_CURRENT)
2026-08-04 17:22:53,701 DEBUG [LineInfo_to_exitCode.log_LineInfo] 2026-08-04 17:22:53,698 [INFO] ImportTextPane:167 - (OptionalMessage_ERROR) IP (MotorControl) : Invalid parameter (WB_UI_PW_BOARD_MAX_VOLTAGE)
2026-08-04 17:22:53,701 DEBUG [LineInfo_to_exitCode.log_LineInfo] 2026-08-04 17:22:53,698 [INFO] ImportTextPane:167 - (OptionalMessage_ERROR) IP (MotorControl) : Invalid parameter (WB_UI_PW_BOARD_MIN_VOLTAGE)
2026-08-04 17:22:53,702 DEBUG [LineInfo_to_exitCode.log_LineInfo] 2026-08-04 17:22:53,698 [INFO] ImportTextPane:167 - (OptionalMessage_ERROR) IP (MotorControl) : Invalid parameter (WB_UI_VPOL)
2026-08-04 17:22:53,702 DEBUG [LineInfo_to_exitCode.log_LineInfo] 2026-08-04 17:22:53,698 [INFO] ImportTextPane:167 - (OptionalMessage_ERROR) IP (MotorControl) : Invalid parameter (WB_UI_VPOL_K)
2026-08-04 17:22:53,706 DEBUG [LineInfo_to_exitCode.log_LineInfo] 2026-08-04 17:22:53,706 [INFO] ImportTextPane:167 - (OptionalMessage_ERROR) IP (RCC) : Invalid parameter (FamilyName)
2026-08-04 17:22:53,707 DEBUG [LineInfo_to_exitCode.log_LineInfo] 2026-08-04 17:22:53,707 [INFO] ImportTextPane:167 - (OptionalMessage_ERROR) IP (RCC) : Parameter (RNGFreq_Value) has invalid value (170000000)
2026-08-04 17:22:53,707 DEBUG [LineInfo_to_exitCode.log_LineInfo] 2026-08-04 17:22:53,707 [INFO] ImportTextPane:167 - (OptionalMessage_ERROR) IP (RCC) : Parameter (USBFreq_Value) has invalid value (170000000)
2026-08-04 17:22:53,747 DEBUG [LineInfo_to_exitCode.log_LineInfo] 2026-08-04 17:22:53,747 [INFO] ImportTextPane:167 - (OptionalMessage_ERROR) IP (TIM1) : Parameter (TIM_SlaveMode) has invalid value (TIM_SLAVEMODE_TRIGGER)
2026-08-04 17:22:53,755 DEBUG [LineInfo_to_exitCode.log_LineInfo] 2026-08-04 17:22:53,754 [INFO] ImportTextPane:167 - (OptionalMessage_ERROR) IP (TIM1) : Parameter (SourceBRKDigInputPolarity) has invalid value (TIM_BREAKINPUTSOURCE_POLARITY_HIGH)
2026-08-04 17:22:53,755 DEBUG [LineInfo_to_exitCode.log_LineInfo] 2026-08-04 17:22:53,755 [INFO] ImportTextPane:167 - (OptionalMessage_ERROR) IP (TIM1) : Parameter (SourceBRK2DigInputPolarity) has invalid value (TIM_BREAKINPUTSOURCE_POLARITY_LOW)
2026-08-04 17:22:54,047 DEBUG [LineInfo_to_exitCode.log_LineInfo] 2026-08-04 17:22:54,046 [INFO] UtilMem:74 - End LoadConfig() Used Memory: 338002176 Bytes (815792128)
2026-08-04 17:22:54,047 DEBUG [LineInfo_to_exitCode.log_LineInfo] 2026-08-04 17:22:54,047 [INFO] DbMcusXml:100 - Load MCU database from C:\Program Files\STMicroelectronics\STM32Cube\STM32CubeMX\\db\/mcu/families.xml
2026-08-04 17:22:54,551 DEBUG [LineInfo_to_exitCode.log_LineInfo] 2026-08-04 17:22:54,550 [INFO] DbMcusJson:93 - JSON generation date=Wed Nov 17 01:17:54 KST 2021 (1637079474)
2026-08-04 17:22:55,107 DEBUG [LineInfo_to_exitCode.log_LineInfo] 2026-08-04 17:22:55,106 [INFO] DbMcus:175 - Found 1951 MCUs (1903 are supported by CubeMX, 1914 are visible in CubeMX)
2026-08-04 17:22:55,107 DEBUG [LineInfo_to_exitCode.log_LineInfo] 2026-08-04 17:22:55,107 [INFO] ApiDb:242 - User favorites file not found: C:\Users\wshan/.stm32cubemx/favorites.mcus.txt
2026-08-04 17:22:55,107 DEBUG [LineInfo_to_exitCode.log_LineInfo] 2026-08-04 17:22:55,107 [INFO] DbMcus:187 - Set 0 / 0 favorites MCUs
2026-08-04 17:22:55,111 DEBUG [LineInfo_to_exitCode.log_LineInfo] 2026-08-04 17:22:55,110 [INFO] ThirdParty:781 - entering critical section [change project]
2026-08-04 17:22:55,111 DEBUG [LineInfo_to_exitCode.log_LineInfo] 2026-08-04 17:22:55,110 [INFO] ThirdParty:967 - CMSIS Pack Vendor :STMicroelectronics X-CUBE-AZRTOS-H7 3.5.0
2026-08-04 17:22:55,111 DEBUG [LineInfo_to_exitCode.log_LineInfo] 2026-08-04 17:22:55,111 [INFO] ThirdParty:967 - CMSIS Pack Vendor :STMicroelectronics X-CUBE-PM33A1 1.0.0
2026-08-04 17:22:55,111 DEBUG [LineInfo_to_exitCode.log_LineInfo] 2026-08-04 17:22:55,111 [INFO] ThirdParty:967 - CMSIS Pack Vendor :STMicroelectronics X-CUBE-NFC9 1.0.0
2026-08-04 17:22:55,111 DEBUG [LineInfo_to_exitCode.log_LineInfo] 2026-08-04 17:22:55,111 [INFO] ThirdParty:967 - CMSIS Pack Vendor :STMicroelectronics USB_HOST 2.0.0
2026-08-04 17:22:55,111 DEBUG [LineInfo_to_exitCode.log_LineInfo] 2026-08-04 17:22:55,111 [INFO] ThirdParty:967 - CMSIS Pack Vendor :STMicroelectronics FP-ATR-ASTRA1 2.0.3
2026-08-04 17:22:55,112 DEBUG [LineInfo_to_exitCode.log_LineInfo] 2026-08-04 17:22:55,111 [INFO] ThirdParty:967 - CMSIS Pack Vendor :STMicroelectronics X-CUBE-AZRTOS-F4 1.1.0
2026-08-04 17:22:55,112 DEBUG [LineInfo_to_exitCode.log_LineInfo] 2026-08-04 17:22:55,111 [INFO] ThirdParty:967 - CMSIS Pack Vendor :STMicroelectronics FP-ATR-ASTRA1 2.0.2
2026-08-04 17:22:55,112 DEBUG [LineInfo_to_exitCode.log_LineInfo] 2026-08-04 17:22:55,111 [INFO] ThirdParty:967 - CMSIS Pack Vendor :STMicroelectronics X-CUBE-BLE1 7.1.0
2026-08-04 17:22:55,112 DEBUG [LineInfo_to_exitCode.log_LineInfo] 2026-08-04 17:22:55,111 [INFO] ThirdParty:967 - CMSIS Pack Vendor :wolfSSL I-CUBE-wolfMQTT 1.19.2
2026-08-04 17:22:55,112 DEBUG [LineInfo_to_exitCode.log_LineInfo] 2026-08-04 17:22:55,111 [INFO] ThirdParty:967 - CMSIS Pack Vendor :STMicroelectronics USB_DEVICE 3.0.0
2026-08-04 17:22:55,112 DEBUG [LineInfo_to_exitCode.log_LineInfo] 2026-08-04 17:22:55,112 [INFO] ThirdParty:967 - CMSIS Pack Vendor :STMicroelectronics X-CUBE-ISPU 2.1.0
2026-08-04 17:22:55,112 DEBUG [LineInfo_to_exitCode.log_LineInfo] 2026-08-04 17:22:55,112 [INFO] ThirdParty:967 - CMSIS Pack Vendor :STMicroelectronics X-CUBE-EEPRMA1 5.2.0
2026-08-04 17:22:55,112 DEBUG [LineInfo_to_exitCode.log_LineInfo] 2026-08-04 17:22:55,112 [INFO] ThirdParty:967 - CMSIS Pack Vendor :STMicroelectronics X-CUBE-AZRTOS-WB 2.0.0
2026-08-04 17:22:55,112 DEBUG [LineInfo_to_exitCode.log_LineInfo] 2026-08-04 17:22:55,112 [INFO] ThirdParty:967 - CMSIS Pack Vendor :STMicroelectronics X-CUBE-NFC12 1.0.0
2026-08-04 17:22:55,112 DEBUG [LineInfo_to_exitCode.log_LineInfo] 2026-08-04 17:22:55,112 [INFO] ThirdParty:967 - CMSIS Pack Vendor :STMicroelectronics X-CUBE-AZRTOS-F7 1.1.0
2026-08-04 17:22:55,112 DEBUG [LineInfo_to_exitCode.log_LineInfo] 2026-08-04 17:22:55,112 [INFO] ThirdParty:967 - CMSIS Pack Vendor :STMicroelectronics X-CUBE-AZRTOS-L5 2.0.0
2026-08-04 17:22:55,113 DEBUG [LineInfo_to_exitCode.log_LineInfo] 2026-08-04 17:22:55,112 [INFO] ThirdParty:967 - CMSIS Pack Vendor :STMicroelectronics USB_DEVICE 2.0.0
2026-08-04 17:22:55,113 DEBUG [LineInfo_to_exitCode.log_LineInfo] 2026-08-04 17:22:55,112 [INFO] ThirdParty:967 - CMSIS Pack Vendor :STMicroelectronics X-CUBE-STSE01 2.0.0
2026-08-04 17:22:55,113 DEBUG [LineInfo_to_exitCode.log_LineInfo] 2026-08-04 17:22:55,112 [INFO] ThirdParty:967 - CMSIS Pack Vendor :STMicroelectronics X-CUBE-ALGOBUILD 1.5.0
2026-08-04 17:22:55,113 DEBUG [LineInfo_to_exitCode.log_LineInfo] 2026-08-04 17:22:55,112 [INFO] ThirdParty:967 - CMSIS Pack Vendor :STMicroelectronics FreeRTOS 0.0.1
2026-08-04 17:22:55,113 DEBUG [LineInfo_to_exitCode.log_LineInfo] 2026-08-04 17:22:55,112 [INFO] ThirdParty:967 - CMSIS Pack Vendor :STMicroelectronics X-CUBE-AZRTOS-H7RS 1.3.0
2026-08-04 17:22:55,113 DEBUG [LineInfo_to_exitCode.log_LineInfo] 2026-08-04 17:22:55,112 [INFO] ThirdParty:967 - CMSIS Pack Vendor :STMicroelectronics X-CUBE-AZRTOS-G0 1.1.0
2026-08-04 17:22:55,113 DEBUG [LineInfo_to_exitCode.log_LineInfo] 2026-08-04 17:22:55,112 [INFO] ThirdParty:967 - CMSIS Pack Vendor :STMicroelectronics X-CUBE-NFC4 3.0.0
2026-08-04 17:22:55,113 DEBUG [LineInfo_to_exitCode.log_LineInfo] 2026-08-04 17:22:55,113 [INFO] ThirdParty:967 - CMSIS Pack Vendor :STMicroelectronics X-CUBE-SUBG2 5.0.0
2026-08-04 17:22:55,113 DEBUG [LineInfo_to_exitCode.log_LineInfo] 2026-08-04 17:22:55,113 [INFO] ThirdParty:967 - CMSIS Pack Vendor :STMicroelectronics lwIP 2.0.3
2026-08-04 17:22:55,113 DEBUG [LineInfo_to_exitCode.log_LineInfo] 2026-08-04 17:22:55,113 [INFO] ThirdParty:967 - CMSIS Pack Vendor :STMicroelectronics X-CUBE-MEMS1 13.0.0
2026-08-04 17:22:55,113 DEBUG [LineInfo_to_exitCode.log_LineInfo] 2026-08-04 17:22:55,113 [INFO] ThirdParty:967 - CMSIS Pack Vendor :STMicroelectronics USB_HOST 1.0.0
2026-08-04 17:22:55,113 DEBUG [LineInfo_to_exitCode.log_LineInfo] 2026-08-04 17:22:55,113 [INFO] ThirdParty:967 - CMSIS Pack Vendor :STMicroelectronics X-CUBE-AZRTOS-G4 2.0.0
2026-08-04 17:22:55,114 DEBUG [LineInfo_to_exitCode.log_LineInfo] 2026-08-04 17:22:55,113 [INFO] ThirdParty:967 - CMSIS Pack Vendor :STMicroelectronics PDM2PCM 3.1.0
2026-08-04 17:22:55,114 DEBUG [LineInfo_to_exitCode.log_LineInfo] 2026-08-04 17:22:55,113 [INFO] ThirdParty:967 - CMSIS Pack Vendor :STMicroelectronics PDM2PCM 3.3.0
2026-08-04 17:22:55,114 DEBUG [LineInfo_to_exitCode.log_LineInfo] 2026-08-04 17:22:55,113 [INFO] ThirdParty:967 - CMSIS Pack Vendor :wolfSSL I-CUBE-wolfTPM 3.8.0
2026-08-04 17:22:55,114 DEBUG [LineInfo_to_exitCode.log_LineInfo] 2026-08-04 17:22:55,113 [INFO] ThirdParty:967 - CMSIS Pack Vendor :wolfSSL I-CUBE-wolfSSH 1.4.20
2026-08-04 17:22:55,114 DEBUG [LineInfo_to_exitCode.log_LineInfo] 2026-08-04 17:22:55,113 [INFO] ThirdParty:967 - CMSIS Pack Vendor :STMicroelectronics X-CUBE-NFC7 2.0.0
2026-08-04 17:22:55,114 DEBUG [LineInfo_to_exitCode.log_LineInfo] 2026-08-04 17:22:55,113 [INFO] ThirdParty:967 - CMSIS Pack Vendor :STMicroelectronics X-CUBE-GNSS1 7.1.1
2026-08-04 17:22:55,114 DEBUG [LineInfo_to_exitCode.log_LineInfo] 2026-08-04 17:22:55,113 [INFO] ThirdParty:967 - CMSIS Pack Vendor :wolfSSL I-CUBE-wolfSSL 5.9.1
2026-08-04 17:22:55,115 DEBUG [LineInfo_to_exitCode.log_LineInfo] 2026-08-04 17:22:55,114 [INFO] ThirdParty:967 - CMSIS Pack Vendor :STMicroelectronics FP-ATR-SIGFOX1 3.2.0
2026-08-04 17:22:55,115 DEBUG [LineInfo_to_exitCode.log_LineInfo] 2026-08-04 17:22:55,114 [INFO] ThirdParty:967 - CMSIS Pack Vendor :STMicroelectronics X-CUBE-NFC10 1.0.0
2026-08-04 17:22:55,115 DEBUG [LineInfo_to_exitCode.log_LineInfo] 2026-08-04 17:22:55,114 [INFO] ThirdParty:967 - CMSIS Pack Vendor :STMicroelectronics HAL Drivers 0.0.0
2026-08-04 17:22:55,115 DEBUG [LineInfo_to_exitCode.log_LineInfo] 2026-08-04 17:22:55,114 [INFO] ThirdParty:967 - CMSIS Pack Vendor :STMicroelectronics MBEDTLS 2.16.2
2026-08-04 17:22:55,115 DEBUG [LineInfo_to_exitCode.log_LineInfo] 2026-08-04 17:22:55,114 [INFO] ThirdParty:967 - CMSIS Pack Vendor :STMicroelectronics MBEDTLS 2.14.1
2026-08-04 17:22:55,115 DEBUG [LineInfo_to_exitCode.log_LineInfo] 2026-08-04 17:22:55,114 [INFO] ThirdParty:967 - CMSIS Pack Vendor :STMicroelectronics X-CUBE-TOUCHGFX 4.26.1
2026-08-04 17:22:55,115 DEBUG [LineInfo_to_exitCode.log_LineInfo] 2026-08-04 17:22:55,114 [INFO] ThirdParty:967 - CMSIS Pack Vendor :STMicroelectronics X-CUBE-NFC6 3.2.0
2026-08-04 17:22:55,115 DEBUG [LineInfo_to_exitCode.log_LineInfo] 2026-08-04 17:22:55,114 [INFO] ThirdParty:967 - CMSIS Pack Vendor :STMicroelectronics X-CUBE-AI 10.2.1
2026-08-04 17:22:55,115 DEBUG [LineInfo_to_exitCode.log_LineInfo] 2026-08-04 17:22:55,114 [INFO] ThirdParty:967 - CMSIS Pack Vendor :STMicroelectronics X-CUBE-MEMS1 12.1.0
2026-08-04 17:22:55,115 DEBUG [LineInfo_to_exitCode.log_LineInfo] 2026-08-04 17:22:55,114 [INFO] ThirdParty:967 - CMSIS Pack Vendor :STMicroelectronics X-CUBE-AZRTOS-WL 2.0.0
2026-08-04 17:22:55,115 DEBUG [LineInfo_to_exitCode.log_LineInfo] 2026-08-04 17:22:55,114 [INFO] ThirdParty:967 - CMSIS Pack Vendor :SEGGER I-CUBE-embOS 1.3.1
2026-08-04 17:22:55,116 DEBUG [LineInfo_to_exitCode.log_LineInfo] 2026-08-04 17:22:55,114 [INFO] ThirdParty:967 - CMSIS Pack Vendor :STMicroelectronics USB_DEVICE 1.0.0
2026-08-04 17:22:55,116 DEBUG [LineInfo_to_exitCode.log_LineInfo] 2026-08-04 17:22:55,114 [INFO] ThirdParty:967 - CMSIS Pack Vendor :STMicroelectronics X-CUBE-AZRTOS-L4 2.0.0
2026-08-04 17:22:55,116 DEBUG [LineInfo_to_exitCode.log_LineInfo] 2026-08-04 17:22:55,115 [INFO] ThirdParty:967 - CMSIS Pack Vendor :STMicroelectronics ThreadX 0.0.2
2026-08-04 17:22:55,116 DEBUG [LineInfo_to_exitCode.log_LineInfo] 2026-08-04 17:22:55,115 [INFO] ThirdParty:967 - CMSIS Pack Vendor :STMicroelectronics lwIP 2.1.2
2026-08-04 17:22:55,116 DEBUG [LineInfo_to_exitCode.log_LineInfo] 2026-08-04 17:22:55,115 [INFO] ThirdParty:967 - CMSIS Pack Vendor :STMicroelectronics X-CUBE-SFXS2LP1 4.0.0
2026-08-04 17:22:55,116 DEBUG [LineInfo_to_exitCode.log_LineInfo] 2026-08-04 17:22:55,115 [INFO] ThirdParty:967 - CMSIS Pack Vendor :STMicroelectronics X-CUBE-BLE2 3.3.0
2026-08-04 17:22:55,116 DEBUG [LineInfo_to_exitCode.log_LineInfo] 2026-08-04 17:22:55,115 [INFO] ThirdParty:967 - CMSIS Pack Vendor :STMicroelectronics X-CUBE-NFC13 1.0.0
2026-08-04 17:22:55,116 DEBUG [LineInfo_to_exitCode.log_LineInfo] 2026-08-04 17:22:55,115 [INFO] ThirdParty:967 - CMSIS Pack Vendor :STMicroelectronics PDM2PCM 3.2.0
2026-08-04 17:22:55,116 DEBUG [LineInfo_to_exitCode.log_LineInfo] 2026-08-04 17:22:55,115 [INFO] ThirdParty:967 - CMSIS Pack Vendor :STMicroelectronics X-CUBE-WB05N 2.1.0
2026-08-04 17:22:55,116 DEBUG [LineInfo_to_exitCode.log_LineInfo] 2026-08-04 17:22:55,115 [INFO] ThirdParty:787 - exiting critical section [change project]
2026-08-04 17:22:55,522 DEBUG [LineInfo_to_exitCode.log_LineInfo] 2026-08-04 17:22:55,522 [INFO] PinOutPanel:1463 - setPackage(No Configuration,No Configuration)
2026-08-04 17:22:55,524 DEBUG [LineInfo_to_exitCode.log_LineInfo] 2026-08-04 17:22:55,524 [INFO] PinOutPanel:1463 - setPackage(STM32G431CBUx,UFQFPN48)
2026-08-04 17:22:55,862 DEBUG [LineInfo_to_exitCode.log_LineInfo] 2026-08-04 17:22:55,862 [INFO] UtilMem:74 - Before build in PCC Used Memory: 576146432 Bytes (872415232)
2026-08-04 17:22:56,521 DEBUG [LineInfo_to_exitCode.log_LineInfo] 2026-08-04 17:22:56,521 [INFO] UtilMem:74 - After build in PCC Used Memory: 216397888 Bytes (872415232)
2026-08-04 17:22:56,632 DEBUG [LineInfo_to_exitCode.log_LineInfo] 2026-08-04 17:22:56,632 [INFO] ApiDbMcu:468 - Load IP Config File for MotorControl
2026-08-04 17:22:56,663 DEBUG [LineInfo_to_exitCode.log_LineInfo] 2026-08-04 17:22:56,663 [INFO] IPUIPlugin:74 - create IPUIPlugin
2026-08-04 17:22:56,663 DEBUG [LineInfo_to_exitCode.log_LineInfo] 2026-08-04 17:22:56,663 [INFO] IPUIPlugin:74 - create IPUIPlugin
2026-08-04 17:22:56,664 DEBUG [LineInfo_to_exitCode.log_LineInfo] 2026-08-04 17:22:56,663 [INFO] IPUIPlugin:74 - create IPUIPlugin
2026-08-04 17:22:56,664 DEBUG [LineInfo_to_exitCode.log_LineInfo] 2026-08-04 17:22:56,663 [INFO] IPUIPlugin:74 - create IPUIPlugin
2026-08-04 17:22:56,664 DEBUG [LineInfo_to_exitCode.log_LineInfo] 2026-08-04 17:22:56,663 [INFO] IPUIPlugin:74 - create IPUIPlugin
2026-08-04 17:22:56,664 DEBUG [LineInfo_to_exitCode.log_LineInfo] 2026-08-04 17:22:56,664 [INFO] IPUIPlugin:74 - create IPUIPlugin
2026-08-04 17:22:56,664 DEBUG [LineInfo_to_exitCode.log_LineInfo] 2026-08-04 17:22:56,664 [INFO] IPUIPlugin:74 - create IPUIPlugin
2026-08-04 17:22:56,664 DEBUG [LineInfo_to_exitCode.log_LineInfo] 2026-08-04 17:22:56,664 [INFO] IPUIPlugin:74 - create IPUIPlugin
2026-08-04 17:22:56,665 DEBUG [LineInfo_to_exitCode.log_LineInfo] 2026-08-04 17:22:56,664 [INFO] IPUIPlugin:74 - create IPUIPlugin
2026-08-04 17:22:56,665 DEBUG [LineInfo_to_exitCode.log_LineInfo] 2026-08-04 17:22:56,665 [INFO] IPUIPlugin:74 - create IPUIPlugin
2026-08-04 17:22:56,665 DEBUG [LineInfo_to_exitCode.log_LineInfo] 2026-08-04 17:22:56,665 [INFO] IPUIPlugin:74 - create IPUIPlugin
2026-08-04 17:22:56,665 DEBUG [LineInfo_to_exitCode.log_LineInfo] 2026-08-04 17:22:56,665 [INFO] IPUIPlugin:74 - create IPUIPlugin
2026-08-04 17:22:56,665 DEBUG [LineInfo_to_exitCode.log_LineInfo] 2026-08-04 17:22:56,665 [INFO] IPUIPlugin:74 - create IPUIPlugin
2026-08-04 17:22:56,665 DEBUG [LineInfo_to_exitCode.log_LineInfo] 2026-08-04 17:22:56,665 [INFO] IPUIPlugin:74 - create IPUIPlugin
2026-08-04 17:22:56,666 DEBUG [LineInfo_to_exitCode.log_LineInfo] 2026-08-04 17:22:56,665 [INFO] IPUIPlugin:74 - create IPUIPlugin
2026-08-04 17:22:56,666 DEBUG [LineInfo_to_exitCode.log_LineInfo] 2026-08-04 17:22:56,666 [INFO] IPUIPlugin:74 - create IPUIPlugin
2026-08-04 17:22:56,666 DEBUG [LineInfo_to_exitCode.log_LineInfo] 2026-08-04 17:22:56,666 [INFO] IPUIPlugin:74 - create IPUIPlugin
2026-08-04 17:22:56,666 DEBUG [LineInfo_to_exitCode.log_LineInfo] 2026-08-04 17:22:56,666 [INFO] IPUIPlugin:74 - create IPUIPlugin
2026-08-04 17:22:56,666 DEBUG [LineInfo_to_exitCode.log_LineInfo] 2026-08-04 17:22:56,666 [INFO] IPUIPlugin:74 - create IPUIPlugin
2026-08-04 17:22:56,666 DEBUG [LineInfo_to_exitCode.log_LineInfo] 2026-08-04 17:22:56,666 [INFO] IPUIPlugin:74 - create IPUIPlugin
2026-08-04 17:22:56,666 DEBUG [LineInfo_to_exitCode.log_LineInfo] 2026-08-04 17:22:56,666 [INFO] IPUIPlugin:74 - create IPUIPlugin
2026-08-04 17:22:56,666 DEBUG [LineInfo_to_exitCode.log_LineInfo] 2026-08-04 17:22:56,666 [INFO] IPUIPlugin:74 - create IPUIPlugin
2026-08-04 17:22:56,668 DEBUG [LineInfo_to_exitCode.log_LineInfo] 2026-08-04 17:22:56,666 [INFO] IPUIPlugin:74 - create IPUIPlugin
2026-08-04 17:22:56,668 DEBUG [LineInfo_to_exitCode.log_LineInfo] 2026-08-04 17:22:56,668 [INFO] IPUIPlugin:74 - create IPUIPlugin
2026-08-04 17:22:56,668 DEBUG [LineInfo_to_exitCode.log_LineInfo] 2026-08-04 17:22:56,668 [INFO] IPUIPlugin:74 - create IPUIPlugin
2026-08-04 17:22:56,668 DEBUG [LineInfo_to_exitCode.log_LineInfo] 2026-08-04 17:22:56,668 [INFO] IPUIPlugin:74 - create IPUIPlugin
2026-08-04 17:22:56,669 DEBUG [LineInfo_to_exitCode.log_LineInfo] 2026-08-04 17:22:56,669 [INFO] IPUIPlugin:74 - create IPUIPlugin
2026-08-04 17:22:56,669 DEBUG [LineInfo_to_exitCode.log_LineInfo] 2026-08-04 17:22:56,669 [INFO] IPUIPlugin:74 - create IPUIPlugin
2026-08-04 17:22:56,669 DEBUG [LineInfo_to_exitCode.log_LineInfo] 2026-08-04 17:22:56,669 [INFO] IPUIPlugin:74 - create IPUIPlugin
2026-08-04 17:22:56,669 DEBUG [LineInfo_to_exitCode.log_LineInfo] 2026-08-04 17:22:56,669 [INFO] IPUIPlugin:74 - create IPUIPlugin
2026-08-04 17:22:56,669 DEBUG [LineInfo_to_exitCode.log_LineInfo] 2026-08-04 17:22:56,669 [INFO] IPUIPlugin:74 - create IPUIPlugin
2026-08-04 17:22:56,671 DEBUG [LineInfo_to_exitCode.log_LineInfo] 2026-08-04 17:22:56,671 [INFO] IPUIPlugin:74 - create IPUIPlugin
2026-08-04 17:22:56,671 DEBUG [LineInfo_to_exitCode.log_LineInfo] 2026-08-04 17:22:56,671 [INFO] IPUIPlugin:74 - create IPUIPlugin
2026-08-04 17:22:56,671 DEBUG [LineInfo_to_exitCode.log_LineInfo] 2026-08-04 17:22:56,671 [INFO] IPUIPlugin:74 - create IPUIPlugin
2026-08-04 17:22:56,672 DEBUG [LineInfo_to_exitCode.log_LineInfo] 2026-08-04 17:22:56,672 [INFO] IPUIPlugin:74 - create IPUIPlugin
2026-08-04 17:22:56,672 DEBUG [LineInfo_to_exitCode.log_LineInfo] 2026-08-04 17:22:56,672 [INFO] IPUIPlugin:74 - create IPUIPlugin
2026-08-04 17:22:56,672 DEBUG [LineInfo_to_exitCode.log_LineInfo] 2026-08-04 17:22:56,672 [INFO] IPUIPlugin:74 - create IPUIPlugin
2026-08-04 17:22:56,672 DEBUG [LineInfo_to_exitCode.log_LineInfo] 2026-08-04 17:22:56,672 [INFO] IPUIPlugin:74 - create IPUIPlugin
2026-08-04 17:22:56,673 DEBUG [LineInfo_to_exitCode.log_LineInfo] 2026-08-04 17:22:56,673 [INFO] IPUIPlugin:74 - create IPUIPlugin
2026-08-04 17:22:56,673 DEBUG [LineInfo_to_exitCode.log_LineInfo] 2026-08-04 17:22:56,673 [INFO] IPUIPlugin:74 - create IPUIPlugin
2026-08-04 17:22:56,674 DEBUG [LineInfo_to_exitCode.log_LineInfo] 2026-08-04 17:22:56,674 [INFO] IPUIPlugin:74 - create IPUIPlugin
2026-08-04 17:22:56,674 DEBUG [LineInfo_to_exitCode.log_LineInfo] 2026-08-04 17:22:56,674 [INFO] IPUIPlugin:74 - create IPUIPlugin
2026-08-04 17:22:56,674 DEBUG [LineInfo_to_exitCode.log_LineInfo] 2026-08-04 17:22:56,674 [INFO] IPUIPlugin:74 - create IPUIPlugin
2026-08-04 17:22:56,675 DEBUG [LineInfo_to_exitCode.log_LineInfo] 2026-08-04 17:22:56,675 [INFO] IPUIPlugin:74 - create IPUIPlugin
2026-08-04 17:22:56,675 DEBUG [LineInfo_to_exitCode.log_LineInfo] 2026-08-04 17:22:56,675 [INFO] IPUIPlugin:74 - create IPUIPlugin
2026-08-04 17:22:56,675 DEBUG [LineInfo_to_exitCode.log_LineInfo] 2026-08-04 17:22:56,675 [INFO] IPUIPlugin:74 - create IPUIPlugin
2026-08-04 17:22:56,675 DEBUG [LineInfo_to_exitCode.log_LineInfo] 2026-08-04 17:22:56,675 [INFO] IPUIPlugin:74 - create IPUIPlugin
2026-08-04 17:22:56,676 DEBUG [LineInfo_to_exitCode.log_LineInfo] 2026-08-04 17:22:56,676 [INFO] IPUIPlugin:74 - create IPUIPlugin
2026-08-04 17:22:56,676 DEBUG [LineInfo_to_exitCode.log_LineInfo] 2026-08-04 17:22:56,676 [INFO] IPUIPlugin:74 - create IPUIPlugin
2026-08-04 17:22:56,676 DEBUG [LineInfo_to_exitCode.log_LineInfo] 2026-08-04 17:22:56,676 [INFO] IPUIPlugin:74 - create IPUIPlugin
2026-08-04 17:22:56,676 DEBUG [LineInfo_to_exitCode.log_LineInfo] 2026-08-04 17:22:56,676 [INFO] IPUIPlugin:74 - create IPUIPlugin
2026-08-04 17:22:56,677 DEBUG [LineInfo_to_exitCode.log_LineInfo] 2026-08-04 17:22:56,677 [INFO] IPUIPlugin:74 - create IPUIPlugin
2026-08-04 17:22:56,677 DEBUG [LineInfo_to_exitCode.log_LineInfo] 2026-08-04 17:22:56,677 [INFO] IPUIPlugin:74 - create IPUIPlugin
2026-08-04 17:22:56,678 DEBUG [LineInfo_to_exitCode.log_LineInfo] 2026-08-04 17:22:56,678 [INFO] IPUIPlugin:74 - create IPUIPlugin
2026-08-04 17:22:56,678 DEBUG [LineInfo_to_exitCode.log_LineInfo] 2026-08-04 17:22:56,678 [INFO] IPUIPlugin:74 - create IPUIPlugin
2026-08-04 17:22:56,678 DEBUG [LineInfo_to_exitCode.log_LineInfo] 2026-08-04 17:22:56,678 [INFO] IPUIPlugin:74 - create IPUIPlugin
2026-08-04 17:22:56,679 DEBUG [LineInfo_to_exitCode.log_LineInfo] 2026-08-04 17:22:56,679 [INFO] IPUIPlugin:74 - create IPUIPlugin
2026-08-04 17:22:56,679 DEBUG [LineInfo_to_exitCode.log_LineInfo] 2026-08-04 17:22:56,679 [INFO] IPUIPlugin:74 - create IPUIPlugin
2026-08-04 17:22:56,800 DEBUG [LineInfo_to_exitCode.log_LineInfo] 2026-08-04 17:22:56,799 [INFO] OPAMP:194 - [OPAMP] - evt.getPropertyName:EventProjectSettingsChange
2026-08-04 17:22:56,800 DEBUG [LineInfo_to_exitCode.log_LineInfo] 2026-08-04 17:22:56,800 [INFO] OPAMP:194 - [OPAMP] - evt.getPropertyName:EventProjectSettingsChange
2026-08-04 17:22:56,800 DEBUG [LineInfo_to_exitCode.log_LineInfo] 2026-08-04 17:22:56,800 [INFO] OPAMP:194 - [OPAMP] - evt.getPropertyName:EventProjectSettingsChange
2026-08-04 17:22:56,803 DEBUG [LineInfo_to_exitCode.log_LineInfo] 2026-08-04 17:22:56,803 [INFO] OPAMP:194 - [OPAMP] - evt.getPropertyName:EventProjectSettingsChange
2026-08-04 17:22:56,804 DEBUG [LineInfo_to_exitCode.log_LineInfo] 2026-08-04 17:22:56,803 [INFO] OPAMP:194 - [OPAMP] - evt.getPropertyName:EventProjectSettingsChange
2026-08-04 17:22:56,804 DEBUG [LineInfo_to_exitCode.log_LineInfo] 2026-08-04 17:22:56,803 [INFO] OPAMP:194 - [OPAMP] - evt.getPropertyName:EventProjectSettingsChange
2026-08-04 17:22:56,804 DEBUG [LineInfo_to_exitCode.log_LineInfo] 2026-08-04 17:22:56,804 [INFO] OPAMP:194 - [OPAMP] - evt.getPropertyName:EventProjectSettingsChange
2026-08-04 17:22:56,804 DEBUG [LineInfo_to_exitCode.log_LineInfo] 2026-08-04 17:22:56,804 [INFO] OPAMP:194 - [OPAMP] - evt.getPropertyName:EventProjectSettingsChange
2026-08-04 17:22:56,804 DEBUG [LineInfo_to_exitCode.log_LineInfo] 2026-08-04 17:22:56,804 [INFO] OPAMP:194 - [OPAMP] - evt.getPropertyName:EventProjectSettingsChange
2026-08-04 17:22:56,806 DEBUG [LineInfo_to_exitCode.log_LineInfo] 2026-08-04 17:22:56,806 [INFO] OPAMP:194 - [OPAMP] - evt.getPropertyName:EventProjectSettingsChange
2026-08-04 17:22:56,806 DEBUG [LineInfo_to_exitCode.log_LineInfo] 2026-08-04 17:22:56,806 [INFO] OPAMP:194 - [OPAMP] - evt.getPropertyName:EventProjectSettingsChange
2026-08-04 17:22:56,806 DEBUG [LineInfo_to_exitCode.log_LineInfo] 2026-08-04 17:22:56,806 [INFO] OPAMP:194 - [OPAMP] - evt.getPropertyName:EventProjectSettingsChange
2026-08-04 17:22:57,216 DEBUG [LineInfo_to_exitCode.log_LineInfo] 2026-08-04 17:22:57,216 [INFO] OPAMP:194 - [OPAMP] - evt.getPropertyName:EventMcuSetIPParameter
2026-08-04 17:22:57,216 DEBUG [LineInfo_to_exitCode.log_LineInfo] 2026-08-04 17:22:57,216 [INFO] OPAMP:194 - [OPAMP] - evt.getPropertyName:EventMcuSetIPParameter
2026-08-04 17:22:57,216 DEBUG [LineInfo_to_exitCode.log_LineInfo] 2026-08-04 17:22:57,216 [INFO] OPAMP:194 - [OPAMP] - evt.getPropertyName:EventMcuSetIPParameter
2026-08-04 17:22:57,252 DEBUG [LineInfo_to_exitCode.log_LineInfo] 2026-08-04 17:22:57,251 [INFO] OPAMP:194 - [OPAMP] - evt.getPropertyName:EventMcuSetIPParameter
2026-08-04 17:22:57,252 DEBUG [LineInfo_to_exitCode.log_LineInfo] 2026-08-04 17:22:57,252 [INFO] OPAMP:194 - [OPAMP] - evt.getPropertyName:EventMcuSetIPParameter
2026-08-04 17:22:57,252 DEBUG [LineInfo_to_exitCode.log_LineInfo] 2026-08-04 17:22:57,252 [INFO] OPAMP:194 - [OPAMP] - evt.getPropertyName:EventMcuSetIPParameter
2026-08-04 17:22:57,293 DEBUG [LineInfo_to_exitCode.log_LineInfo] 2026-08-04 17:22:57,293 [INFO] OPAMP:194 - [OPAMP] - evt.getPropertyName:EventMcuSetIPParameter
2026-08-04 17:22:57,294 DEBUG [LineInfo_to_exitCode.log_LineInfo] 2026-08-04 17:22:57,293 [INFO] OPAMP:194 - [OPAMP] - evt.getPropertyName:EventMcuSetIPParameter
2026-08-04 17:22:57,294 DEBUG [LineInfo_to_exitCode.log_LineInfo] 2026-08-04 17:22:57,293 [INFO] OPAMP:194 - [OPAMP] - evt.getPropertyName:EventMcuSetIPParameter
2026-08-04 17:22:57,321 DEBUG [LineInfo_to_exitCode.log_LineInfo] 2026-08-04 17:22:57,321 [INFO] OpenFileManager:333 - Restore cursor
2026-08-04 17:22:57,359 DEBUG [LineInfo_to_exitCode.log_LineInfo] 2026-08-04 17:22:57,359 [INFO] OPAMP:194 - [OPAMP] - evt.getPropertyName:EventProjectSettingsChange
2026-08-04 17:22:57,359 DEBUG [LineInfo_to_exitCode.log_LineInfo] 2026-08-04 17:22:57,359 [INFO] OPAMP:194 - [OPAMP] - evt.getPropertyName:EventProjectSettingsChange
2026-08-04 17:22:57,360 DEBUG [LineInfo_to_exitCode.log_LineInfo] 2026-08-04 17:22:57,359 [INFO] OPAMP:194 - [OPAMP] - evt.getPropertyName:EventProjectSettingsChange
2026-08-04 17:22:57,366 DEBUG [LineInfo_to_exitCode.log_LineInfo] 2026-08-04 17:22:57,365 [INFO] OPAMP:194 - [OPAMP] - evt.getPropertyName:EventProjectSettingsChange
2026-08-04 17:22:57,366 DEBUG [LineInfo_to_exitCode.log_LineInfo] 2026-08-04 17:22:57,366 [INFO] OPAMP:194 - [OPAMP] - evt.getPropertyName:EventProjectSettingsChange
2026-08-04 17:22:57,366 DEBUG [LineInfo_to_exitCode.log_LineInfo] 2026-08-04 17:22:57,366 [INFO] OPAMP:194 - [OPAMP] - evt.getPropertyName:EventProjectSettingsChange
2026-08-04 17:22:57,369 DEBUG [LineInfo_to_exitCode.log_LineInfo] 2026-08-04 17:22:57,369 [INFO] OPAMP:194 - [OPAMP] - evt.getPropertyName:EventProjectSettingsChange
2026-08-04 17:22:57,370 DEBUG [LineInfo_to_exitCode.log_LineInfo] 2026-08-04 17:22:57,369 [INFO] OPAMP:194 - [OPAMP] - evt.getPropertyName:EventProjectSettingsChange
2026-08-04 17:22:57,370 DEBUG [LineInfo_to_exitCode.log_LineInfo] 2026-08-04 17:22:57,369 [INFO] OPAMP:194 - [OPAMP] - evt.getPropertyName:EventProjectSettingsChange
2026-08-04 17:23:43,631 DEBUG [LineInfo_to_exitCode.log_LineInfo] 2026-08-04 17:23:43,630 [INFO] ServerAccessManage:362 - Download File stm32cube_db_v60181.zip
2026-08-04 17:23:47,070 DEBUG [LineInfo_to_exitCode.log_LineInfo] 2026-08-04 17:23:47,070 [INFO] FileExtend:235 - Unzip File : stm32cube_db_v60181.zip
2026-08-04 17:23:47,071 DEBUG [LineInfo_to_exitCode.log_LineInfo] 2026-08-04 17:23:47,070 [INFO] FileExtend:250 - Standard Zip Deflate
2026-08-04 17:23:58,894 DEBUG [LineInfo_to_exitCode.log_LineInfo] 2026-08-04 17:23:58,894 [INFO] ServerAccessManage:362 - Download File stm32cube_fw_g4_v160.zip
2026-08-04 17:24:12,226 DEBUG [LineInfo_to_exitCode.log_LineInfo] 2026-08-04 17:24:12,226 [INFO] AnalyticsPlugin:353 - Accepted License(s) without tracking enabled: [FW.G4.1.6.0]
2026-08-04 17:24:12,227 DEBUG [LineInfo_to_exitCode.log_LineInfo] 2026-08-04 17:24:12,226 [INFO] FileExtend:235 - Unzip File : stm32cube_fw_g4_v160.zip
2026-08-04 17:24:12,227 DEBUG [LineInfo_to_exitCode.log_LineInfo] 2026-08-04 17:24:12,227 [INFO] FileExtend:250 - Standard Zip Deflate
2026-08-04 17:24:47,098 DEBUG [LineInfo_to_exitCode.log_LineInfo] 2026-08-04 17:24:47,098 [INFO] ServerAccessManage:362 - Download File stm32cube_fw_g4_v162.zip
2026-08-04 17:24:51,817 DEBUG [LineInfo_to_exitCode.log_LineInfo] 2026-08-04 17:24:51,817 [INFO] FileExtend:235 - Unzip File : stm32cube_fw_g4_v162.zip
2026-08-04 17:24:51,818 DEBUG [LineInfo_to_exitCode.log_LineInfo] 2026-08-04 17:24:51,817 [INFO] FileExtend:250 - Standard Zip Deflate
2026-08-04 17:25:06,945 DEBUG [LineInfo_to_exitCode.log_LineInfo] 2026-08-04 17:25:06,945 [INFO] LoadServerPackagesThread:180 - End of LoadServerPackages Thread
2026-08-04 17:25:07,115 DEBUG [LineInfo_to_exitCode.log_LineInfo] 2026-08-04 17:25:07,114 [INFO] UtilMem:74 - End SaveConfig() Used Memory: 4139287008 Bytes (8434745344)
2026-08-04 17:25:07,134 DEBUG [LineInfo_to_exitCode.log_LineInfo] 2026-08-04 17:25:07,134 [INFO] OPAMP:194 - [OPAMP] - evt.getPropertyName:EventProjectSettingsChange
2026-08-04 17:25:07,135 DEBUG [LineInfo_to_exitCode.log_LineInfo] 2026-08-04 17:25:07,134 [INFO] OPAMP:194 - [OPAMP] - evt.getPropertyName:EventProjectSettingsChange
2026-08-04 17:25:07,135 DEBUG [LineInfo_to_exitCode.log_LineInfo] 2026-08-04 17:25:07,134 [INFO] OPAMP:194 - [OPAMP] - evt.getPropertyName:EventProjectSettingsChange
2026-08-04 17:25:07,136 DEBUG [LineInfo_to_exitCode.log_LineInfo] 2026-08-04 17:25:07,136 [INFO] OPAMP:194 - [OPAMP] - evt.getPropertyName:EventProjectSettingsChange
2026-08-04 17:25:07,137 DEBUG [LineInfo_to_exitCode.log_LineInfo] 2026-08-04 17:25:07,136 [INFO] OPAMP:194 - [OPAMP] - evt.getPropertyName:EventProjectSettingsChange
2026-08-04 17:25:07,137 DEBUG [LineInfo_to_exitCode.log_LineInfo] 2026-08-04 17:25:07,136 [INFO] OPAMP:194 - [OPAMP] - evt.getPropertyName:EventProjectSettingsChange
2026-08-04 17:25:07,462 DEBUG [LineInfo_to_exitCode.log_LineInfo] 2026-08-04 17:25:07,462 [INFO] CheckServerUpdateThread:112 - End of CheckServer Thread
2026-08-04 17:25:07,682 DEBUG [LineInfo_to_exitCode.log_LineInfo] 2026-08-04 17:25:07,682 [INFO] BlockDiagram:2740 - set Specific Code input for plugin: MotorControl
2026-08-04 17:25:07,684 DEBUG [LineInfo_to_exitCode.log_LineInfo] 2026-08-04 17:25:07,682 [INFO] BlockDiagram:2740 - set Specific Code input for plugin: DAC
2026-08-04 17:25:07,684 DEBUG [LineInfo_to_exitCode.log_LineInfo] 2026-08-04 17:25:07,682 [INFO] BlockDiagram:2740 - set Specific Code input for plugin: TIM1_8G4
2026-08-04 17:25:07,684 DEBUG [LineInfo_to_exitCode.log_LineInfo] 2026-08-04 17:25:07,682 [INFO] BlockDiagram:2740 - set Specific Code input for plugin: TIM1_8G4
2026-08-04 17:25:07,684 DEBUG [LineInfo_to_exitCode.log_LineInfo] 2026-08-04 17:25:07,682 [INFO] BlockDiagram:2740 - set Specific Code input for plugin: OPAMP
2026-08-04 17:25:07,685 DEBUG [LineInfo_to_exitCode.log_LineInfo] 2026-08-04 17:25:07,682 [INFO] BlockDiagram:2740 - set Specific Code input for plugin: ADC
2026-08-04 17:25:07,685 DEBUG [LineInfo_to_exitCode.log_LineInfo] 2026-08-04 17:25:07,684 [INFO] BlockDiagram:2740 - set Specific Code input for plugin: SYS
2026-08-04 17:25:07,685 DEBUG [LineInfo_to_exitCode.log_LineInfo] 2026-08-04 17:25:07,684 [INFO] BlockDiagram:2740 - set Specific Code input for plugin: ADC
2026-08-04 17:25:07,685 DEBUG [LineInfo_to_exitCode.log_LineInfo] 2026-08-04 17:25:07,684 [INFO] BlockDiagram:2740 - set Specific Code input for plugin: RCC
2026-08-04 17:25:07,685 DEBUG [LineInfo_to_exitCode.log_LineInfo] 2026-08-04 17:25:07,684 [INFO] BlockDiagram:2740 - set Specific Code input for plugin: OPAMP
2026-08-04 17:25:07,685 DEBUG [LineInfo_to_exitCode.log_LineInfo] 2026-08-04 17:25:07,684 [INFO] BlockDiagram:2740 - set Specific Code input for plugin: OPAMP
2026-08-04 17:25:07,685 DEBUG [LineInfo_to_exitCode.log_LineInfo] 2026-08-04 17:25:07,684 [INFO] BlockDiagram:2740 - set Specific Code input for plugin: NVIC
2026-08-04 17:25:07,686 DEBUG [LineInfo_to_exitCode.log_LineInfo] 2026-08-04 17:25:07,684 [INFO] BlockDiagram:2740 - set Specific Code input for plugin: COMP
2026-08-04 17:25:07,686 DEBUG [LineInfo_to_exitCode.log_LineInfo] 2026-08-04 17:25:07,684 [INFO] BlockDiagram:2740 - set Specific Code input for plugin: USART
2026-08-04 17:25:07,686 DEBUG [LineInfo_to_exitCode.log_LineInfo] 2026-08-04 17:25:07,684 [INFO] BlockDiagram:2740 - set Specific Code input for plugin: COMP
2026-08-04 17:25:07,686 DEBUG [LineInfo_to_exitCode.log_LineInfo] 2026-08-04 17:25:07,684 [INFO] BlockDiagram:2740 - set Specific Code input for plugin: COMP
2026-08-04 17:25:07,686 DEBUG [LineInfo_to_exitCode.log_LineInfo] 2026-08-04 17:25:07,684 [INFO] BlockDiagram:2740 - set Specific Code input for plugin: DMA
2026-08-04 17:25:07,686 DEBUG [LineInfo_to_exitCode.log_LineInfo] 2026-08-04 17:25:07,684 [INFO] BlockDiagram:2740 - set Specific Code input for plugin: CORDIC
2026-08-04 17:25:07,686 DEBUG [LineInfo_to_exitCode.log_LineInfo] 2026-08-04 17:25:07,684 [INFO] BlockDiagram:2740 - set Specific Code input for plugin: GPIO
2026-08-04 17:25:07,687 DEBUG [LineInfo_to_exitCode.log_LineInfo] 2026-08-04 17:25:07,687 [INFO] CodeGenerator:663 - code generatio: config db path: C:\Program Files\STMicroelectronics\STM32Cube\STM32CubeMX\\db\
2026-08-04 17:25:08,165 DEBUG [LineInfo_to_exitCode.log_LineInfo] 2026-08-04 17:25:08,165 [INFO] CodeEngine:239 - oldGeneratedFile, C:\Users\wshan\.st_workbench\projects\ElectronicSpeedControl_ESC-G4\MXTmpFiles\license.tmp_save
2026-08-04 17:25:08,494 DEBUG [LineInfo_to_exitCode.log_LineInfo] 2026-08-04 17:25:08,493 [INFO] CodeEngine:257 - Generated code: C:\Users\wshan\.st_workbench\projects\ElectronicSpeedControl_ESC-G4\MXTmpFiles\license.tmp
2026-08-04 17:25:08,613 DEBUG [LineInfo_to_exitCode.log_LineInfo] 2026-08-04 17:25:08,612 [INFO] CodeEngine:239 - oldGeneratedFile, C:\Users\wshan\.st_workbench\projects\ElectronicSpeedControl_ESC-G4\MXTmpFiles\gpio.tmp_save
2026-08-04 17:25:08,735 DEBUG [LineInfo_to_exitCode.log_LineInfo] 2026-08-04 17:25:08,735 [INFO] CodeEngine:257 - Generated code: C:\Users\wshan\.st_workbench\projects\ElectronicSpeedControl_ESC-G4\MXTmpFiles\gpio.tmp
2026-08-04 17:25:10,193 DEBUG [LineInfo_to_exitCode.log_LineInfo] 2026-08-04 17:25:10,193 [INFO] CodeEngine:239 - oldGeneratedFile, C:\Users\wshan\.st_workbench\projects\ElectronicSpeedControl_ESC-G4\MXTmpFiles\dma.tmp_save
2026-08-04 17:25:10,273 DEBUG [LineInfo_to_exitCode.log_LineInfo] 2026-08-04 17:25:10,273 [INFO] CodeEngine:257 - Generated code: C:\Users\wshan\.st_workbench\projects\ElectronicSpeedControl_ESC-G4\MXTmpFiles\dma.tmp
2026-08-04 17:25:10,280 DEBUG [LineInfo_to_exitCode.log_LineInfo] 2026-08-04 17:25:10,279 [INFO] CodeEngine:239 - oldGeneratedFile, C:\Users\wshan\.st_workbench\projects\ElectronicSpeedControl_ESC-G4\MXTmpFiles\dma_GV.tmp_save
2026-08-04 17:25:10,358 DEBUG [LineInfo_to_exitCode.log_LineInfo] 2026-08-04 17:25:10,358 [INFO] CodeEngine:257 - Generated code: C:\Users\wshan\.st_workbench\projects\ElectronicSpeedControl_ESC-G4\MXTmpFiles\dma_GV.tmp
2026-08-04 17:25:10,629 DEBUG [LineInfo_to_exitCode.log_LineInfo] 2026-08-04 17:25:10,628 [INFO] Middleware:1388 - No code input for Bsp Dependency
2026-08-04 17:25:10,758 DEBUG [LineInfo_to_exitCode.log_LineInfo] 2026-08-04 17:25:10,758 [INFO] CodeEngine:239 - oldGeneratedFile, C:\Users\wshan\.st_workbench\projects\ElectronicSpeedControl_ESC-G4\Src\motorcontrol.c_save
2026-08-04 17:25:10,835 INFO  [LineInfo_to_exitCode.log_LineInfo] Generated code: C:\Users\wshan\.st_workbench\projects\ElectronicSpeedControl_ESC-G4\Src\motorcontrol.c
2026-08-04 17:25:10,843 DEBUG [LineInfo_to_exitCode.log_LineInfo] 2026-08-04 17:25:10,842 [INFO] CodeEngine:239 - oldGeneratedFile, C:\Users\wshan\.st_workbench\projects\ElectronicSpeedControl_ESC-G4\Inc\motorcontrol.h_save
2026-08-04 17:25:10,907 INFO  [LineInfo_to_exitCode.log_LineInfo] Generated code: C:\Users\wshan\.st_workbench\projects\ElectronicSpeedControl_ESC-G4\Inc\motorcontrol.h
2026-08-04 17:25:10,915 DEBUG [LineInfo_to_exitCode.log_LineInfo] 2026-08-04 17:25:10,915 [INFO] CodeEngine:239 - oldGeneratedFile, C:\Users\wshan\.st_workbench\projects\ElectronicSpeedControl_ESC-G4\Inc\drive_parameters.h_save
2026-08-04 17:25:11,058 INFO  [LineInfo_to_exitCode.log_LineInfo] Generated code: C:\Users\wshan\.st_workbench\projects\ElectronicSpeedControl_ESC-G4\Inc\drive_parameters.h
2026-08-04 17:25:11,069 DEBUG [LineInfo_to_exitCode.log_LineInfo] 2026-08-04 17:25:11,069 [INFO] CodeEngine:239 - oldGeneratedFile, C:\Users\wshan\.st_workbench\projects\ElectronicSpeedControl_ESC-G4\Inc\mc_type.h_save
2026-08-04 17:25:11,156 INFO  [LineInfo_to_exitCode.log_LineInfo] Generated code: C:\Users\wshan\.st_workbench\projects\ElectronicSpeedControl_ESC-G4\Inc\mc_type.h
2026-08-04 17:25:11,165 DEBUG [LineInfo_to_exitCode.log_LineInfo] 2026-08-04 17:25:11,165 [INFO] CodeEngine:239 - oldGeneratedFile, C:\Users\wshan\.st_workbench\projects\ElectronicSpeedControl_ESC-G4\Src\speed_torq_ctrl.c_save
2026-08-04 17:25:11,255 INFO  [LineInfo_to_exitCode.log_LineInfo] Generated code: C:\Users\wshan\.st_workbench\projects\ElectronicSpeedControl_ESC-G4\Src\speed_torq_ctrl.c
2026-08-04 17:25:11,266 DEBUG [LineInfo_to_exitCode.log_LineInfo] 2026-08-04 17:25:11,265 [INFO] CodeEngine:239 - oldGeneratedFile, C:\Users\wshan\.st_workbench\projects\ElectronicSpeedControl_ESC-G4\Inc\speed_torq_ctrl.h_save
2026-08-04 17:25:11,341 INFO  [LineInfo_to_exitCode.log_LineInfo] Generated code: C:\Users\wshan\.st_workbench\projects\ElectronicSpeedControl_ESC-G4\Inc\speed_torq_ctrl.h
2026-08-04 17:25:11,349 DEBUG [LineInfo_to_exitCode.log_LineInfo] 2026-08-04 17:25:11,349 [INFO] CodeEngine:239 - oldGeneratedFile, C:\Users\wshan\.st_workbench\projects\ElectronicSpeedControl_ESC-G4\Inc\mc_tasks.h_save
2026-08-04 17:25:11,435 INFO  [LineInfo_to_exitCode.log_LineInfo] Generated code: C:\Users\wshan\.st_workbench\projects\ElectronicSpeedControl_ESC-G4\Inc\mc_tasks.h
2026-08-04 17:25:11,443 DEBUG [LineInfo_to_exitCode.log_LineInfo] 2026-08-04 17:25:11,443 [INFO] CodeEngine:239 - oldGeneratedFile, C:\Users\wshan\.st_workbench\projects\ElectronicSpeedControl_ESC-G4\Src\pwm_common.c_save
2026-08-04 17:25:11,523 INFO  [LineInfo_to_exitCode.log_LineInfo] Generated code: C:\Users\wshan\.st_workbench\projects\ElectronicSpeedControl_ESC-G4\Src\pwm_common.c
2026-08-04 17:25:11,529 DEBUG [LineInfo_to_exitCode.log_LineInfo] 2026-08-04 17:25:11,529 [INFO] CodeEngine:239 - oldGeneratedFile, C:\Users\wshan\.st_workbench\projects\ElectronicSpeedControl_ESC-G4\Inc\pwm_common.h_save
2026-08-04 17:25:11,596 INFO  [LineInfo_to_exitCode.log_LineInfo] Generated code: C:\Users\wshan\.st_workbench\projects\ElectronicSpeedControl_ESC-G4\Inc\pwm_common.h
2026-08-04 17:25:11,605 DEBUG [LineInfo_to_exitCode.log_LineInfo] 2026-08-04 17:25:11,604 [INFO] CodeEngine:239 - oldGeneratedFile, C:\Users\wshan\.st_workbench\projects\ElectronicSpeedControl_ESC-G4\Src\mc_api.c_save
2026-08-04 17:25:11,701 INFO  [LineInfo_to_exitCode.log_LineInfo] Generated code: C:\Users\wshan\.st_workbench\projects\ElectronicSpeedControl_ESC-G4\Src\mc_api.c
2026-08-04 17:25:11,708 DEBUG [LineInfo_to_exitCode.log_LineInfo] 2026-08-04 17:25:11,707 [INFO] CodeEngine:239 - oldGeneratedFile, C:\Users\wshan\.st_workbench\projects\ElectronicSpeedControl_ESC-G4\Inc\mc_api.h_save
2026-08-04 17:25:11,776 INFO  [LineInfo_to_exitCode.log_LineInfo] Generated code: C:\Users\wshan\.st_workbench\projects\ElectronicSpeedControl_ESC-G4\Inc\mc_api.h
2026-08-04 17:25:11,783 DEBUG [LineInfo_to_exitCode.log_LineInfo] 2026-08-04 17:25:11,782 [INFO] CodeEngine:239 - oldGeneratedFile, C:\Users\wshan\.st_workbench\projects\ElectronicSpeedControl_ESC-G4\Src\mc_config.c_save
2026-08-04 17:25:11,890 INFO  [LineInfo_to_exitCode.log_LineInfo] Generated code: C:\Users\wshan\.st_workbench\projects\ElectronicSpeedControl_ESC-G4\Src\mc_config.c
2026-08-04 17:25:11,897 DEBUG [LineInfo_to_exitCode.log_LineInfo] 2026-08-04 17:25:11,897 [INFO] CodeEngine:239 - oldGeneratedFile, C:\Users\wshan\.st_workbench\projects\ElectronicSpeedControl_ESC-G4\Src\mc_config_common.c_save
2026-08-04 17:25:11,978 INFO  [LineInfo_to_exitCode.log_LineInfo] Generated code: C:\Users\wshan\.st_workbench\projects\ElectronicSpeedControl_ESC-G4\Src\mc_config_common.c
2026-08-04 17:25:11,987 DEBUG [LineInfo_to_exitCode.log_LineInfo] 2026-08-04 17:25:11,986 [INFO] CodeEngine:239 - oldGeneratedFile, C:\Users\wshan\.st_workbench\projects\ElectronicSpeedControl_ESC-G4\Inc\mc_config.h_save
2026-08-04 17:25:12,058 INFO  [LineInfo_to_exitCode.log_LineInfo] Generated code: C:\Users\wshan\.st_workbench\projects\ElectronicSpeedControl_ESC-G4\Inc\mc_config.h
2026-08-04 17:25:12,065 DEBUG [LineInfo_to_exitCode.log_LineInfo] 2026-08-04 17:25:12,064 [INFO] CodeEngine:239 - oldGeneratedFile, C:\Users\wshan\.st_workbench\projects\ElectronicSpeedControl_ESC-G4\Inc\mc_config_common.h_save
2026-08-04 17:25:12,131 INFO  [LineInfo_to_exitCode.log_LineInfo] Generated code: C:\Users\wshan\.st_workbench\projects\ElectronicSpeedControl_ESC-G4\Inc\mc_config_common.h
2026-08-04 17:25:12,138 DEBUG [LineInfo_to_exitCode.log_LineInfo] 2026-08-04 17:25:12,138 [INFO] CodeEngine:239 - oldGeneratedFile, C:\Users\wshan\.st_workbench\projects\ElectronicSpeedControl_ESC-G4\Inc\mcp_config.h_save
2026-08-04 17:25:12,207 INFO  [LineInfo_to_exitCode.log_LineInfo] Generated code: C:\Users\wshan\.st_workbench\projects\ElectronicSpeedControl_ESC-G4\Inc\mcp_config.h
2026-08-04 17:25:12,216 DEBUG [LineInfo_to_exitCode.log_LineInfo] 2026-08-04 17:25:12,216 [INFO] CodeEngine:239 - oldGeneratedFile, C:\Users\wshan\.st_workbench\projects\ElectronicSpeedControl_ESC-G4\Src\mcp_config.c_save
2026-08-04 17:25:12,314 INFO  [LineInfo_to_exitCode.log_LineInfo] Generated code: C:\Users\wshan\.st_workbench\projects\ElectronicSpeedControl_ESC-G4\Src\mcp_config.c
2026-08-04 17:25:12,324 DEBUG [LineInfo_to_exitCode.log_LineInfo] 2026-08-04 17:25:12,324 [INFO] CodeEngine:239 - oldGeneratedFile, C:\Users\wshan\.st_workbench\projects\ElectronicSpeedControl_ESC-G4\Inc\mc_stm_types.h_save
2026-08-04 17:25:12,434 INFO  [LineInfo_to_exitCode.log_LineInfo] Generated code: C:\Users\wshan\.st_workbench\projects\ElectronicSpeedControl_ESC-G4\Inc\mc_stm_types.h
2026-08-04 17:25:12,447 DEBUG [LineInfo_to_exitCode.log_LineInfo] 2026-08-04 17:25:12,446 [INFO] CodeEngine:239 - oldGeneratedFile, C:\Users\wshan\.st_workbench\projects\ElectronicSpeedControl_ESC-G4\Src\mc_tasks.c_save
2026-08-04 17:25:12,559 INFO  [LineInfo_to_exitCode.log_LineInfo] Generated code: C:\Users\wshan\.st_workbench\projects\ElectronicSpeedControl_ESC-G4\Src\mc_tasks.c
2026-08-04 17:25:12,566 DEBUG [LineInfo_to_exitCode.log_LineInfo] 2026-08-04 17:25:12,566 [INFO] CodeEngine:239 - oldGeneratedFile, C:\Users\wshan\.st_workbench\projects\ElectronicSpeedControl_ESC-G4\Src\mc_tasks_foc.c_save
2026-08-04 17:25:12,732 INFO  [LineInfo_to_exitCode.log_LineInfo] Generated code: C:\Users\wshan\.st_workbench\projects\ElectronicSpeedControl_ESC-G4\Src\mc_tasks_foc.c
2026-08-04 17:25:12,741 DEBUG [LineInfo_to_exitCode.log_LineInfo] 2026-08-04 17:25:12,741 [INFO] CodeEngine:239 - oldGeneratedFile, C:\Users\wshan\.st_workbench\projects\ElectronicSpeedControl_ESC-G4\Src\pwm_curr_fdbk.c_save
2026-08-04 17:25:12,830 INFO  [LineInfo_to_exitCode.log_LineInfo] Generated code: C:\Users\wshan\.st_workbench\projects\ElectronicSpeedControl_ESC-G4\Src\pwm_curr_fdbk.c
2026-08-04 17:25:12,838 DEBUG [LineInfo_to_exitCode.log_LineInfo] 2026-08-04 17:25:12,838 [INFO] CodeEngine:239 - oldGeneratedFile, C:\Users\wshan\.st_workbench\projects\ElectronicSpeedControl_ESC-G4\Inc\pwm_curr_fdbk.h_save
2026-08-04 17:25:12,913 INFO  [LineInfo_to_exitCode.log_LineInfo] Generated code: C:\Users\wshan\.st_workbench\projects\ElectronicSpeedControl_ESC-G4\Inc\pwm_curr_fdbk.h
2026-08-04 17:25:12,922 DEBUG [LineInfo_to_exitCode.log_LineInfo] 2026-08-04 17:25:12,922 [INFO] CodeEngine:239 - oldGeneratedFile, C:\Users\wshan\.st_workbench\projects\ElectronicSpeedControl_ESC-G4\Src\regular_conversion_manager.c_save
2026-08-04 17:25:12,995 INFO  [LineInfo_to_exitCode.log_LineInfo] Generated code: C:\Users\wshan\.st_workbench\projects\ElectronicSpeedControl_ESC-G4\Src\regular_conversion_manager.c
2026-08-04 17:25:13,003 DEBUG [LineInfo_to_exitCode.log_LineInfo] 2026-08-04 17:25:13,002 [INFO] CodeEngine:239 - oldGeneratedFile, C:\Users\wshan\.st_workbench\projects\ElectronicSpeedControl_ESC-G4\Inc\regular_conversion_manager.h_save
2026-08-04 17:25:13,065 INFO  [LineInfo_to_exitCode.log_LineInfo] Generated code: C:\Users\wshan\.st_workbench\projects\ElectronicSpeedControl_ESC-G4\Inc\regular_conversion_manager.h
2026-08-04 17:25:13,073 DEBUG [LineInfo_to_exitCode.log_LineInfo] 2026-08-04 17:25:13,073 [INFO] CodeEngine:239 - oldGeneratedFile, C:\Users\wshan\.st_workbench\projects\ElectronicSpeedControl_ESC-G4\Src\mc_math.c_save
2026-08-04 17:25:13,152 INFO  [LineInfo_to_exitCode.log_LineInfo] Generated code: C:\Users\wshan\.st_workbench\projects\ElectronicSpeedControl_ESC-G4\Src\mc_math.c
2026-08-04 17:25:13,160 DEBUG [LineInfo_to_exitCode.log_LineInfo] 2026-08-04 17:25:13,160 [INFO] CodeEngine:239 - oldGeneratedFile, C:\Users\wshan\.st_workbench\projects\ElectronicSpeedControl_ESC-G4\Inc\mc_math.h_save
2026-08-04 17:25:13,234 INFO  [LineInfo_to_exitCode.log_LineInfo] Generated code: C:\Users\wshan\.st_workbench\projects\ElectronicSpeedControl_ESC-G4\Inc\mc_math.h
2026-08-04 17:25:13,242 DEBUG [LineInfo_to_exitCode.log_LineInfo] 2026-08-04 17:25:13,242 [INFO] CodeEngine:239 - oldGeneratedFile, C:\Users\wshan\.st_workbench\projects\ElectronicSpeedControl_ESC-G4\Src\mc_interface.c_save
2026-08-04 17:25:13,338 INFO  [LineInfo_to_exitCode.log_LineInfo] Generated code: C:\Users\wshan\.st_workbench\projects\ElectronicSpeedControl_ESC-G4\Src\mc_interface.c
2026-08-04 17:25:13,346 DEBUG [LineInfo_to_exitCode.log_LineInfo] 2026-08-04 17:25:13,345 [INFO] CodeEngine:239 - oldGeneratedFile, C:\Users\wshan\.st_workbench\projects\ElectronicSpeedControl_ESC-G4\Inc\mc_interface.h_save
2026-08-04 17:25:13,418 INFO  [LineInfo_to_exitCode.log_LineInfo] Generated code: C:\Users\wshan\.st_workbench\projects\ElectronicSpeedControl_ESC-G4\Inc\mc_interface.h
2026-08-04 17:25:13,427 DEBUG [LineInfo_to_exitCode.log_LineInfo] 2026-08-04 17:25:13,427 [INFO] CodeEngine:239 - oldGeneratedFile, C:\Users\wshan\.st_workbench\projects\ElectronicSpeedControl_ESC-G4\Inc\parameters_conversion.h_save
2026-08-04 17:25:13,507 INFO  [LineInfo_to_exitCode.log_LineInfo] Generated code: C:\Users\wshan\.st_workbench\projects\ElectronicSpeedControl_ESC-G4\Inc\parameters_conversion.h
2026-08-04 17:25:13,516 DEBUG [LineInfo_to_exitCode.log_LineInfo] 2026-08-04 17:25:13,516 [INFO] CodeEngine:239 - oldGeneratedFile, C:\Users\wshan\.st_workbench\projects\ElectronicSpeedControl_ESC-G4\Inc\parameters_conversion_g4xx.h_save
2026-08-04 17:25:13,585 INFO  [LineInfo_to_exitCode.log_LineInfo] Generated code: C:\Users\wshan\.st_workbench\projects\ElectronicSpeedControl_ESC-G4\Inc\parameters_conversion_g4xx.h
2026-08-04 17:25:13,594 DEBUG [LineInfo_to_exitCode.log_LineInfo] 2026-08-04 17:25:13,593 [INFO] CodeEngine:239 - oldGeneratedFile, C:\Users\wshan\.st_workbench\projects\ElectronicSpeedControl_ESC-G4\Inc\pmsm_motor_parameters.h_save
2026-08-04 17:25:13,653 INFO  [LineInfo_to_exitCode.log_LineInfo] Generated code: C:\Users\wshan\.st_workbench\projects\ElectronicSpeedControl_ESC-G4\Inc\pmsm_motor_parameters.h
2026-08-04 17:25:13,660 DEBUG [LineInfo_to_exitCode.log_LineInfo] 2026-08-04 17:25:13,660 [INFO] CodeEngine:239 - oldGeneratedFile, C:\Users\wshan\.st_workbench\projects\ElectronicSpeedControl_ESC-G4\Inc\power_stage_parameters.h_save
2026-08-04 17:25:13,732 INFO  [LineInfo_to_exitCode.log_LineInfo] Generated code: C:\Users\wshan\.st_workbench\projects\ElectronicSpeedControl_ESC-G4\Inc\power_stage_parameters.h
2026-08-04 17:25:13,739 DEBUG [LineInfo_to_exitCode.log_LineInfo] 2026-08-04 17:25:13,739 [INFO] CodeEngine:239 - oldGeneratedFile, C:\Users\wshan\.st_workbench\projects\ElectronicSpeedControl_ESC-G4\Src\stm32_mc_common_it.c_save
2026-08-04 17:25:13,818 INFO  [LineInfo_to_exitCode.log_LineInfo] Generated code: C:\Users\wshan\.st_workbench\projects\ElectronicSpeedControl_ESC-G4\Src\stm32_mc_common_it.c
2026-08-04 17:25:13,825 DEBUG [LineInfo_to_exitCode.log_LineInfo] 2026-08-04 17:25:13,825 [INFO] CodeEngine:239 - oldGeneratedFile, C:\Users\wshan\.st_workbench\projects\ElectronicSpeedControl_ESC-G4\Src\stm32g4xx_mc_it.c_save
2026-08-04 17:25:13,918 INFO  [LineInfo_to_exitCode.log_LineInfo] Generated code: C:\Users\wshan\.st_workbench\projects\ElectronicSpeedControl_ESC-G4\Src\stm32g4xx_mc_it.c
2026-08-04 17:25:13,927 DEBUG [LineInfo_to_exitCode.log_LineInfo] 2026-08-04 17:25:13,927 [INFO] CodeEngine:239 - oldGeneratedFile, C:\Users\wshan\.st_workbench\projects\ElectronicSpeedControl_ESC-G4\Inc\mc_parameters.h_save
2026-08-04 17:25:13,995 INFO  [LineInfo_to_exitCode.log_LineInfo] Generated code: C:\Users\wshan\.st_workbench\projects\ElectronicSpeedControl_ESC-G4\Inc\mc_parameters.h
2026-08-04 17:25:14,002 DEBUG [LineInfo_to_exitCode.log_LineInfo] 2026-08-04 17:25:14,002 [INFO] CodeEngine:239 - oldGeneratedFile, C:\Users\wshan\.st_workbench\projects\ElectronicSpeedControl_ESC-G4\Src\mc_parameters.c_save
2026-08-04 17:25:14,134 INFO  [LineInfo_to_exitCode.log_LineInfo] Generated code: C:\Users\wshan\.st_workbench\projects\ElectronicSpeedControl_ESC-G4\Src\mc_parameters.c
2026-08-04 17:25:14,142 DEBUG [LineInfo_to_exitCode.log_LineInfo] 2026-08-04 17:25:14,140 [INFO] CodeEngine:239 - oldGeneratedFile, C:\Users\wshan\.st_workbench\projects\ElectronicSpeedControl_ESC-G4\Src\hf_registers.c_save
2026-08-04 17:25:14,205 INFO  [LineInfo_to_exitCode.log_LineInfo] Generated code: C:\Users\wshan\.st_workbench\projects\ElectronicSpeedControl_ESC-G4\Src\hf_registers.c
2026-08-04 17:25:14,214 DEBUG [LineInfo_to_exitCode.log_LineInfo] 2026-08-04 17:25:14,213 [INFO] CodeEngine:239 - oldGeneratedFile, C:\Users\wshan\.st_workbench\projects\ElectronicSpeedControl_ESC-G4\Src\sync_registers.c_save
2026-08-04 17:25:14,309 INFO  [LineInfo_to_exitCode.log_LineInfo] Generated code: C:\Users\wshan\.st_workbench\projects\ElectronicSpeedControl_ESC-G4\Src\sync_registers.c
2026-08-04 17:25:14,316 DEBUG [LineInfo_to_exitCode.log_LineInfo] 2026-08-04 17:25:14,316 [INFO] CodeEngine:239 - oldGeneratedFile, C:\Users\wshan\.st_workbench\projects\ElectronicSpeedControl_ESC-G4\Src\mcp.c_save
2026-08-04 17:25:14,381 INFO  [LineInfo_to_exitCode.log_LineInfo] Generated code: C:\Users\wshan\.st_workbench\projects\ElectronicSpeedControl_ESC-G4\Src\mcp.c
2026-08-04 17:25:14,389 DEBUG [LineInfo_to_exitCode.log_LineInfo] 2026-08-04 17:25:14,389 [INFO] CodeEngine:239 - oldGeneratedFile, C:\Users\wshan\.st_workbench\projects\ElectronicSpeedControl_ESC-G4\Inc\register_interface.h_save
2026-08-04 17:25:14,465 INFO  [LineInfo_to_exitCode.log_LineInfo] Generated code: C:\Users\wshan\.st_workbench\projects\ElectronicSpeedControl_ESC-G4\Inc\register_interface.h
2026-08-04 17:25:14,472 DEBUG [LineInfo_to_exitCode.log_LineInfo] 2026-08-04 17:25:14,472 [INFO] CodeEngine:239 - oldGeneratedFile, C:\Users\wshan\.st_workbench\projects\ElectronicSpeedControl_ESC-G4\Src\usart_aspep_driver.c_save
2026-08-04 17:25:14,538 INFO  [LineInfo_to_exitCode.log_LineInfo] Generated code: C:\Users\wshan\.st_workbench\projects\ElectronicSpeedControl_ESC-G4\Src\usart_aspep_driver.c
2026-08-04 17:25:14,546 DEBUG [LineInfo_to_exitCode.log_LineInfo] 2026-08-04 17:25:14,544 [INFO] CodeEngine:239 - oldGeneratedFile, C:\Users\wshan\.st_workbench\projects\ElectronicSpeedControl_ESC-G4\Src\mc_configuration_registers.c_save
2026-08-04 17:25:14,604 INFO  [LineInfo_to_exitCode.log_LineInfo] Generated code: C:\Users\wshan\.st_workbench\projects\ElectronicSpeedControl_ESC-G4\Src\mc_configuration_registers.c
2026-08-04 17:25:14,611 DEBUG [LineInfo_to_exitCode.log_LineInfo] 2026-08-04 17:25:14,611 [INFO] CodeEngine:239 - oldGeneratedFile, C:\Users\wshan\.st_workbench\projects\ElectronicSpeedControl_ESC-G4\Inc\mc_configuration_registers.h_save
2026-08-04 17:25:14,681 INFO  [LineInfo_to_exitCode.log_LineInfo] Generated code: C:\Users\wshan\.st_workbench\projects\ElectronicSpeedControl_ESC-G4\Inc\mc_configuration_registers.h
2026-08-04 17:25:14,689 DEBUG [LineInfo_to_exitCode.log_LineInfo] 2026-08-04 17:25:14,688 [INFO] CodeEngine:239 - oldGeneratedFile, C:\Users\wshan\.st_workbench\projects\ElectronicSpeedControl_ESC-G4\Inc\aspep.h_save
2026-08-04 17:25:14,754 INFO  [LineInfo_to_exitCode.log_LineInfo] Generated code: C:\Users\wshan\.st_workbench\projects\ElectronicSpeedControl_ESC-G4\Inc\aspep.h
2026-08-04 17:25:14,763 DEBUG [LineInfo_to_exitCode.log_LineInfo] 2026-08-04 17:25:14,763 [INFO] CodeEngine:239 - oldGeneratedFile, C:\Users\wshan\.st_workbench\projects\ElectronicSpeedControl_ESC-G4\Src\aspep.c_save
2026-08-04 17:25:14,850 INFO  [LineInfo_to_exitCode.log_LineInfo] Generated code: C:\Users\wshan\.st_workbench\projects\ElectronicSpeedControl_ESC-G4\Src\aspep.c
2026-08-04 17:25:14,859 DEBUG [LineInfo_to_exitCode.log_LineInfo] 2026-08-04 17:25:14,858 [INFO] CodeEngine:239 - oldGeneratedFile, C:\Users\wshan\.st_workbench\projects\ElectronicSpeedControl_ESC-G4\Inc\mc_app_hooks.h_save
2026-08-04 17:25:14,913 INFO  [LineInfo_to_exitCode.log_LineInfo] Generated code: C:\Users\wshan\.st_workbench\projects\ElectronicSpeedControl_ESC-G4\Inc\mc_app_hooks.h
2026-08-04 17:25:14,921 DEBUG [LineInfo_to_exitCode.log_LineInfo] 2026-08-04 17:25:14,921 [INFO] CodeEngine:239 - oldGeneratedFile, C:\Users\wshan\.st_workbench\projects\ElectronicSpeedControl_ESC-G4\Src\mc_app_hooks.c_save
2026-08-04 17:25:14,985 INFO  [LineInfo_to_exitCode.log_LineInfo] Generated code: C:\Users\wshan\.st_workbench\projects\ElectronicSpeedControl_ESC-G4\Src\mc_app_hooks.c
2026-08-04 17:25:15,012 DEBUG [LineInfo_to_exitCode.log_LineInfo] 2026-08-04 17:25:15,012 [INFO] CodeEngine:239 - oldGeneratedFile, C:\Users\wshan\.st_workbench\projects\ElectronicSpeedControl_ESC-G4\Src\stm32g4xx_it.c_save
2026-08-04 17:25:15,115 INFO  [LineInfo_to_exitCode.log_LineInfo] Generated code: C:\Users\wshan\.st_workbench\projects\ElectronicSpeedControl_ESC-G4\Src\stm32g4xx_it.c
2026-08-04 17:25:15,122 DEBUG [LineInfo_to_exitCode.log_LineInfo] 2026-08-04 17:25:15,122 [INFO] CodeEngine:239 - oldGeneratedFile, C:\Users\wshan\.st_workbench\projects\ElectronicSpeedControl_ESC-G4\Inc\stm32g4xx_it.h_save
2026-08-04 17:25:15,200 INFO  [LineInfo_to_exitCode.log_LineInfo] Generated code: C:\Users\wshan\.st_workbench\projects\ElectronicSpeedControl_ESC-G4\Inc\stm32g4xx_it.h
2026-08-04 17:25:15,221 DEBUG [LineInfo_to_exitCode.log_LineInfo] 2026-08-04 17:25:15,220 [INFO] CodeEngine:239 - oldGeneratedFile, C:\Users\wshan\.st_workbench\projects\ElectronicSpeedControl_ESC-G4\Src\stm32g4xx_hal_msp.c_save
2026-08-04 17:25:15,425 INFO  [LineInfo_to_exitCode.log_LineInfo] Generated code: C:\Users\wshan\.st_workbench\projects\ElectronicSpeedControl_ESC-G4\Src\stm32g4xx_hal_msp.c
2026-08-04 17:25:15,431 DEBUG [LineInfo_to_exitCode.log_LineInfo] 2026-08-04 17:25:15,431 [INFO] CodeEngine:239 - oldGeneratedFile, C:\Users\wshan\.st_workbench\projects\ElectronicSpeedControl_ESC-G4\MXTmpFiles\system.tmp_save
2026-08-04 17:25:15,490 DEBUG [LineInfo_to_exitCode.log_LineInfo] 2026-08-04 17:25:15,489 [INFO] CodeEngine:257 - Generated code: C:\Users\wshan\.st_workbench\projects\ElectronicSpeedControl_ESC-G4\MXTmpFiles\system.tmp
2026-08-04 17:25:15,503 DEBUG [LineInfo_to_exitCode.log_LineInfo] 2026-08-04 17:25:15,503 [INFO] CodeEngine:239 - oldGeneratedFile, C:\Users\wshan\.st_workbench\projects\ElectronicSpeedControl_ESC-G4\Inc\stm32g4xx_hal_conf.h_save
2026-08-04 17:25:15,574 INFO  [LineInfo_to_exitCode.log_LineInfo] Generated code: C:\Users\wshan\.st_workbench\projects\ElectronicSpeedControl_ESC-G4\Inc\stm32g4xx_hal_conf.h
2026-08-04 17:25:15,632 DEBUG [LineInfo_to_exitCode.log_LineInfo] 2026-08-04 17:25:15,632 [INFO] CodeEngine:239 - oldGeneratedFile, C:\Users\wshan\.st_workbench\projects\ElectronicSpeedControl_ESC-G4\Inc\main.h_save
2026-08-04 17:25:15,696 INFO  [LineInfo_to_exitCode.log_LineInfo] Generated code: C:\Users\wshan\.st_workbench\projects\ElectronicSpeedControl_ESC-G4\Inc\main.h
2026-08-04 17:25:15,704 DEBUG [LineInfo_to_exitCode.log_LineInfo] 2026-08-04 17:25:15,704 [INFO] CodeEngine:239 - oldGeneratedFile, C:\Users\wshan\.st_workbench\projects\ElectronicSpeedControl_ESC-G4\Src\main.c_save
2026-08-04 17:25:16,006 INFO  [LineInfo_to_exitCode.log_LineInfo] Generated code: C:\Users\wshan\.st_workbench\projects\ElectronicSpeedControl_ESC-G4\Src\main.c
2026-08-04 17:25:17,060 DEBUG [LineInfo_to_exitCode.log_LineInfo] 2026-08-04 17:25:17,060 [INFO] ProjectBuilder:2578 - Time for Copy HAL[0] : 605mS.
2026-08-04 17:25:17,072 DEBUG [LineInfo_to_exitCode.log_LineInfo] 2026-08-04 17:25:17,072 [INFO] ProjectBuilder:3622 - Project Generator version: 3.14.1
2026-08-04 17:25:17,306 DEBUG [LineInfo_to_exitCode.log_LineInfo] 2026-08-04 17:25:17,306 [INFO] ConfigFileManager:1271 - The Die is : DIE468
2026-08-04 17:25:17,313 DEBUG [LineInfo_to_exitCode.log_LineInfo] 2026-08-04 17:25:17,313 [INFO] ApiDbMcu:468 - Load IP Config File for FATFS
2026-08-04 17:25:17,319 DEBUG [LineInfo_to_exitCode.log_LineInfo] 2026-08-04 17:25:17,317 [INFO] ApiDbMcu:468 - Load IP Config File for FREERTOS
2026-08-04 17:25:17,325 DEBUG [LineInfo_to_exitCode.log_LineInfo] 2026-08-04 17:25:17,325 [INFO] ApiDbMcu:468 - Load IP Config File for USBPD
2026-08-04 17:25:17,334 DEBUG [LineInfo_to_exitCode.log_LineInfo] 2026-08-04 17:25:17,333 [INFO] ApiDbMcu:468 - Load IP Config File for USB_Device
2026-08-04 17:25:28,636 DEBUG [LineInfo_to_exitCode.log_LineInfo] 2026-08-04 17:25:28,635 [INFO] ConfigFileManager:2442 - mx.scratch is deleted!
2026-08-04 17:25:28,636 DEBUG [LineInfo_to_exitCode.log_LineInfo] 2026-08-04 17:25:28,636 [INFO] ProjectBuilder:3789 - Time for Generating toolchain IDE Files: 11564mS.
2026-08-04 17:25:30,543 DEBUG [LineInfo_to_exitCode.log_LineInfo] 2026-08-04 17:25:30,543 [INFO] ProjectBuilder:2457 - Time for Copy CMSIS : 1907mS.
2026-08-04 17:25:31,430 DEBUG [LineInfo_to_exitCode.log_LineInfo] 2026-08-04 17:25:31,430 [INFO] ProjectBuilder:2457 - Time for Copy CMSIS : 885mS.
2026-08-04 17:26:45,554 DEBUG [IOCDialogController.lambda$onClose$8] IOCGenerationDialog exists with return code 1
2026-08-04 17:31:27,307 DEBUG [WB_to_MX.lambda$run_gui_mode$0] Arguments: [-mx_timeout, -1, -pack, assets/MotorControlPack/MotorControl.zip, -exp, templates/wb-defines_where_and_what.txt, -ftl, templates/wb_ioc_template.ftl, -xdm, C:\Users\wshan\.st_workbench\projects\ElectronicSpeedControl_ESC-G4\ElectronicSpeedControl_ESC-G4.wbdef, -ioc, C:\Users\wshan\.st_workbench\projects\ElectronicSpeedControl_ESC-G4\ElectronicSpeedControl_ESC-G4.ioc]
2026-08-04 17:31:27,309 DEBUG [ArgsValue.lambda$retrieve$2] CLI_ARG[ftl]: templates/wb_ioc_template.ftl
2026-08-04 17:31:27,309 DEBUG [ArgsValue.lambda$retrieve$2] CLI_ARG[exp]: templates/wb-defines_where_and_what.txt
2026-08-04 17:31:27,309 DEBUG [ArgsValue.lambda$retrieve$2] CLI_ARG[xdm]: C:\Users\wshan\.st_workbench\projects\ElectronicSpeedControl_ESC-G4\ElectronicSpeedControl_ESC-G4.wbdef
2026-08-04 17:31:27,309 DEBUG [ArgsValue.lambda$retrieve$2] CLI_ARG[ioc]: C:\Users\wshan\.st_workbench\projects\ElectronicSpeedControl_ESC-G4\ElectronicSpeedControl_ESC-G4.ioc
2026-08-04 17:31:27,310 DEBUG [ArgsValue.lambda$retrieve$2] CLI_ARG[pack]: assets/MotorControlPack/MotorControl.zip
2026-08-04 17:31:27,310 DEBUG [ArgsValue.lambda$retrieve$2] CLI_ARG[mx_timeout]: -1
2026-08-04 17:31:27,310 DEBUG [ArgsValue.retrieve] {xdm=C:\Users\wshan\.st_workbench\projects\ElectronicSpeedControl_ESC-G4\ElectronicSpeedControl_ESC-G4.wbdef, updftl=templates/wb_ioc_mc-middleware.ftl, mx_timeout=-1, exp=templates/wb-defines_where_and_what.txt, ioc=C:\Users\wshan\.st_workbench\projects\ElectronicSpeedControl_ESC-G4\ElectronicSpeedControl_ESC-G4.ioc, pack=assets/MotorControlPack/MotorControl.zip, ftl=templates/wb_ioc_template.ftl}
2026-08-04 17:31:27,310 DEBUG [WB_to_MX.run] Targeted MCU family = G4
2026-08-04 17:31:27,310 DEBUG [WB_to_MX.run] Minimum associated CubeMx to the `6.0.0-a0` targeted MCU family is `G4`
2026-08-04 17:31:33,254 DEBUG [EnvironmentChecker.checkPack] STM32CubeMX.Version: 6.3.0-RC5
2026-08-04 17:31:33,255 DEBUG [RetrieveFirmwareVersion.from_zip] Trying to read Firmware version from zipped version Pack: C:\Program Files (x86)\STMicroelectronics\MC_SDK_6.4.2\Utilities\PC_Software\STMCWB\assets\MotorControlPack\MotorControl.zip
2026-08-04 17:31:33,272 DEBUG [RetrieveFirmwareVersion.minimum_supporte_version] minimum_supporte_version MotorControlFirmware.Version: 6.4.2-Full
2026-08-04 17:31:33,272 DEBUG [PackInfoFactory.deploy_MCPack_to_MxRepo] Deployment strategy class: VersionedFolderStyle_MCPackDeployer
2026-08-04 17:31:33,272 DEBUG [PackInfoFactory.deploy_MCPack_to_MxRepo] Expected MC Pack 6.4.2-Full already deployed
2026-08-04 17:31:33,277 DEBUG [DataSetUpdater.update] Updating data set
2026-08-04 17:31:33,277 DEBUG [DataSetUpdater.update] Update done
2026-08-04 17:31:33,278 INFO  [IocGenerator.logModulesVersionInfo] Version info: 
2026-08-04 17:31:33,278 INFO  [IocGenerator.logModulesVersionInfo]   MC Workbench       : 6.4.2
2026-08-04 17:31:33,278 INFO  [IocGenerator.logModulesVersionInfo]   WB_to_Mx           : 6.4.2.template-25-05-06
2026-08-04 17:31:33,278 INFO  [IocGenerator.logModulesVersionInfo]   STM32CubeMX        : 6.3.0
2026-08-04 17:31:33,279 INFO  [IocGenerator.logModulesVersionInfo]   MC Firmware Library: 6.4.2-Full
2026-08-04 17:31:33,279 INFO  [IocGenerator.logModulesVersionInfo] 
Generation options: 
2026-08-04 17:31:33,279 INFO  [IocGenerator.logModulesVersionInfo]   Target Toolchain   : ST STM32CubeIDE
2026-08-04 17:31:33,279 INFO  [IocGenerator.logModulesVersionInfo]   Target Driver      : HAL - Hardware Abstraction Layer
2026-08-04 17:31:33,279 INFO  [IocGenerator.logModulesVersionInfo]   Target STM32 FW    : 1.6.2

2026-08-04 17:31:33,279 DEBUG [IocGenerator.process] C:\Users\wshan\.st_workbench\projects\ElectronicSpeedControl_ESC-G4\ElectronicSpeedControl_ESC-G4.ioc ioc file: Generating
2026-08-04 17:31:33,280 DEBUG [IocGenerator.createOutput] Generating file from template templates\wb_ioc_template.ftl
2026-08-04 17:31:33,730 DEBUG [IocGenerator.process] ioc file C:\Users\wshan\.st_workbench\projects\ElectronicSpeedControl_ESC-G4\ElectronicSpeedControl_ESC-G4.ioc Generated
2026-08-04 17:31:33,730 INFO  [LineInfo_to_exitCode.log_LineInfo] C:\Users\wshan\.st_workbench\projects\ElectronicSpeedControl_ESC-G4\ElectronicSpeedControl_ESC-G4.ioc ioc: Generated
2026-08-04 17:31:33,777 INFO  [Wb2MxProcess.lambda$copyFolder$e7a869af$1] Folder Overwritten C:\Users\wshan\.st_workbench\projects\ElectronicSpeedControl_ESC-G4\ftl
2026-08-04 17:31:33,786 INFO  [extSettings.lambda$writeContentToFile$f5919002$1] Generated C:\Users\wshan\.st_workbench\projects\ElectronicSpeedControl_ESC-G4\.extSettings
2026-08-04 17:31:33,790 INFO  [Wb2MxProcess.lambda$run$$19] 
Started STM32CubeMX for final c-code generation
2026-08-04 17:31:33,793 DEBUG [CubeMxRunner.create_code_generation_script_for] Generated CubeMx script file: C:\Users\wshan\AppData\Local\Temp\WB_to_Mx-electronicspeedcontrolescg-4125951782857962865.script
2026-08-04 17:31:34,142 DEBUG [LineInfo_to_exitCode.log_LineInfo] 2026-08-04 17:31:34,140 [INFO] MicroXplorer:89 - [MX] MX Start == 114839287409300
2026-08-04 17:31:34,143 DEBUG [LineInfo_to_exitCode.log_LineInfo] 2026-08-04 17:31:34,142 [INFO] MicroXplorer:633 - Detected Java Version = 11.0.10
2026-08-04 17:31:34,147 DEBUG [LineInfo_to_exitCode.log_LineInfo] 2026-08-04 17:31:34,147 [INFO] ApplicationProperties:181 - Using Application install path: C:\Program Files\STMicroelectronics\STM32Cube\STM32CubeMX
2026-08-04 17:31:34,158 DEBUG [LineInfo_to_exitCode.log_LineInfo] 2026-08-04 17:31:34,157 [INFO] DbMcusXml:74 - Set database path to: C:\Program Files\STMicroelectronics\STM32Cube\STM32CubeMX\\db\/mcu/
2026-08-04 17:31:34,162 DEBUG [LineInfo_to_exitCode.log_LineInfo] 2026-08-04 17:31:34,162 [INFO] DbBoardsPdsc:56 - Set plugin database path to: C:\Program Files\STMicroelectronics\STM32Cube\STM32CubeMX\\db\/plugins/boardmanager/
2026-08-04 17:31:34,163 DEBUG [LineInfo_to_exitCode.log_LineInfo] 2026-08-04 17:31:34,162 [INFO] DbMcus:258 - Set plugin images path to: C:\Program Files\STMicroelectronics\STM32Cube\STM32CubeMX\\db\/plugins/mcufinder/images/
2026-08-04 17:31:34,163 DEBUG [LineInfo_to_exitCode.log_LineInfo] 2026-08-04 17:31:34,163 [INFO] DbBoards:264 - Set plugin images path to: C:\Program Files\STMicroelectronics\STM32Cube\STM32CubeMX\\db\/plugins/mcufinder/images/
2026-08-04 17:31:34,165 DEBUG [LineInfo_to_exitCode.log_LineInfo] 2026-08-04 17:31:34,165 [INFO] DbExamples:333 - Set plugin images path to: C:\Program Files\STMicroelectronics\STM32Cube\STM32CubeMX\\db\/plugins/mcufinder/images/
2026-08-04 17:31:34,166 DEBUG [LineInfo_to_exitCode.log_LineInfo] 2026-08-04 17:31:34,166 [INFO] McuFinderGlobals:39 - Set McuFinder mode to 1 (CubeMX integrated)
2026-08-04 17:31:34,172 DEBUG [LineInfo_to_exitCode.log_LineInfo] 2026-08-04 17:31:34,172 [INFO] DbMcusAds:119 - Set database path to: C:\Users\wshan\.stmcufinder\plugins\mcufinder//mcu/
2026-08-04 17:31:34,174 DEBUG [LineInfo_to_exitCode.log_LineInfo] 2026-08-04 17:31:34,172 [INFO] DbMcusDocs:110 - Set database path to: C:\Users\wshan\.stmcufinder\plugins\mcufinder//mcu/
2026-08-04 17:31:34,175 DEBUG [LineInfo_to_exitCode.log_LineInfo] 2026-08-04 17:31:34,174 [INFO] DbMcusJson:64 - Set database path to: C:\Users\wshan\.stmcufinder\plugins\mcufinder//mcu/
2026-08-04 17:31:34,175 DEBUG [LineInfo_to_exitCode.log_LineInfo] 2026-08-04 17:31:34,175 [INFO] DbBoardsDocs:110 - Set database path to: C:\Users\wshan\.stmcufinder\plugins\mcufinder//mcu/
2026-08-04 17:31:34,176 DEBUG [LineInfo_to_exitCode.log_LineInfo] 2026-08-04 17:31:34,176 [INFO] DbBoardsJson:57 - Set database path to: C:\Users\wshan\.stmcufinder\plugins\mcufinder//mcu/
2026-08-04 17:31:34,254 DEBUG [LineInfo_to_exitCode.log_LineInfo] 2026-08-04 17:31:34,253 [INFO] CrossReferenceDbSqlite:196 - Set database path to: C:\Users\wshan\.stmcufinder\plugins\mcufinder//mcu/cs/
2026-08-04 17:31:34,256 DEBUG [LineInfo_to_exitCode.log_LineInfo] 2026-08-04 17:31:34,255 [INFO] DbExamplesSqlite:767 - Set database path to: C:\Users\wshan\.stmcufinder\plugins\mcufinder//mcu/
2026-08-04 17:31:34,416 DEBUG [LineInfo_to_exitCode.log_LineInfo] 2026-08-04 17:31:34,416 [INFO] RulesReader:57 - Compatibility file has been processed (242 Rules)
2026-08-04 17:31:34,499 DEBUG [LineInfo_to_exitCode.log_LineInfo] 2026-08-04 17:31:34,499 [INFO] STM32CubeMX:55 - Starting STM32CubeMX
2026-08-04 17:31:35,333 DEBUG [LineInfo_to_exitCode.log_LineInfo] 2026-08-04 17:31:35,333 [INFO] MainPanel:214 - HeapMemory: 528482304
2026-08-04 17:31:35,466 DEBUG [LineInfo_to_exitCode.log_LineInfo] 2026-08-04 17:31:35,465 [INFO] DbMcusXml:74 - Set database path to: C:\Program Files\STMicroelectronics\STM32Cube\STM32CubeMX\\db\/mcu/
2026-08-04 17:31:35,466 DEBUG [LineInfo_to_exitCode.log_LineInfo] 2026-08-04 17:31:35,466 [INFO] DbBoardsPdsc:56 - Set plugin database path to: C:\Program Files\STMicroelectronics\STM32Cube\STM32CubeMX\\db\/plugins/boardmanager/
2026-08-04 17:31:35,466 DEBUG [LineInfo_to_exitCode.log_LineInfo] 2026-08-04 17:31:35,466 [INFO] DbMcus:258 - Set plugin images path to: C:\Program Files\STMicroelectronics\STM32Cube\STM32CubeMX\\db\/plugins/mcufinder/images/
2026-08-04 17:31:35,466 DEBUG [LineInfo_to_exitCode.log_LineInfo] 2026-08-04 17:31:35,466 [INFO] DbBoards:264 - Set plugin images path to: C:\Program Files\STMicroelectronics\STM32Cube\STM32CubeMX\\db\/plugins/mcufinder/images/
2026-08-04 17:31:35,466 DEBUG [LineInfo_to_exitCode.log_LineInfo] 2026-08-04 17:31:35,466 [INFO] DbExamples:333 - Set plugin images path to: C:\Program Files\STMicroelectronics\STM32Cube\STM32CubeMX\\db\/plugins/mcufinder/images/
2026-08-04 17:31:35,467 DEBUG [LineInfo_to_exitCode.log_LineInfo] 2026-08-04 17:31:35,467 [INFO] DbMcusAds:119 - Set database path to: C:\Users\wshan\.stmcufinder\plugins\mcufinder//mcu/
2026-08-04 17:31:35,467 DEBUG [LineInfo_to_exitCode.log_LineInfo] 2026-08-04 17:31:35,467 [INFO] DbMcusDocs:110 - Set database path to: C:\Users\wshan\.stmcufinder\plugins\mcufinder//mcu/
2026-08-04 17:31:35,467 DEBUG [LineInfo_to_exitCode.log_LineInfo] 2026-08-04 17:31:35,467 [INFO] DbMcusJson:64 - Set database path to: C:\Users\wshan\.stmcufinder\plugins\mcufinder//mcu/
2026-08-04 17:31:35,467 DEBUG [LineInfo_to_exitCode.log_LineInfo] 2026-08-04 17:31:35,467 [INFO] DbBoardsDocs:110 - Set database path to: C:\Users\wshan\.stmcufinder\plugins\mcufinder//mcu/
2026-08-04 17:31:35,468 DEBUG [LineInfo_to_exitCode.log_LineInfo] 2026-08-04 17:31:35,468 [INFO] DbBoardsJson:57 - Set database path to: C:\Users\wshan\.stmcufinder\plugins\mcufinder//mcu/
2026-08-04 17:31:35,468 DEBUG [LineInfo_to_exitCode.log_LineInfo] 2026-08-04 17:31:35,468 [INFO] CrossReferenceDbSqlite:196 - Set database path to: C:\Users\wshan\.stmcufinder\plugins\mcufinder//mcu/cs/
2026-08-04 17:31:35,469 DEBUG [LineInfo_to_exitCode.log_LineInfo] 2026-08-04 17:31:35,468 [INFO] DbExamplesSqlite:767 - Set database path to: C:\Users\wshan\.stmcufinder\plugins\mcufinder//mcu/
2026-08-04 17:31:35,487 DEBUG [LineInfo_to_exitCode.log_LineInfo] 2026-08-04 17:31:35,486 [INFO] ApplicationProperties:181 - Using Application install path: C:\Program Files\STMicroelectronics\STM32Cube\STM32CubeMX
2026-08-04 17:31:35,488 DEBUG [LineInfo_to_exitCode.log_LineInfo] 2026-08-04 17:31:35,488 [INFO] PluginManage:188 - Search for loadable plugins [exclusion list=, ]
2026-08-04 17:31:35,490 DEBUG [LineInfo_to_exitCode.log_LineInfo] 2026-08-04 17:31:35,490 [INFO] PluginManage:302 - Check plugin analytics
2026-08-04 17:31:35,744 DEBUG [LineInfo_to_exitCode.log_LineInfo] 2026-08-04 17:31:35,744 [INFO] AnalyticsPlugin:257 - Accepted Software Licenses: STM32CubeMX.6.3.0,STM32CubeMX.6.10.0,STM32CubeMX.6.15.0
2026-08-04 17:31:35,745 DEBUG [LineInfo_to_exitCode.log_LineInfo] 2026-08-04 17:31:35,744 [INFO] AnalyticsPlugin:259 - Accepted CMSIS Pack Licenses: 
2026-08-04 17:31:35,745 DEBUG [LineInfo_to_exitCode.log_LineInfo] 2026-08-04 17:31:35,745 [INFO] AnalyticsPlugin:261 - Accepted Firmware Licenses: FW.F7.1.17.0,FW.WBA.1.4.0,FW.G0.1.6.0,FW.F4.1.28.0,FW.MP2.1.2.0
2026-08-04 17:31:35,747 DEBUG [LineInfo_to_exitCode.log_LineInfo] 2026-08-04 17:31:35,745 [INFO] PluginManage:352 - Loaded plugin analytics (category:tool,tabindex:-1)
2026-08-04 17:31:35,747 DEBUG [LineInfo_to_exitCode.log_LineInfo] 2026-08-04 17:31:35,747 [INFO] PluginManage:302 - Check plugin clock
2026-08-04 17:31:35,755 DEBUG [LineInfo_to_exitCode.log_LineInfo] 2026-08-04 17:31:35,754 [INFO] PluginManage:352 - Loaded plugin clock (category:base,tabindex:2)
2026-08-04 17:31:35,755 DEBUG [LineInfo_to_exitCode.log_LineInfo] 2026-08-04 17:31:35,755 [INFO] PluginManage:302 - Check plugin ddr
2026-08-04 17:31:35,758 DEBUG [LineInfo_to_exitCode.log_LineInfo] 2026-08-04 17:31:35,758 [INFO] PluginManage:352 - Loaded plugin ddr (category:tool,tabindex:6)
2026-08-04 17:31:35,759 DEBUG [LineInfo_to_exitCode.log_LineInfo] 2026-08-04 17:31:35,758 [INFO] PluginManage:302 - Check plugin filemanager
2026-08-04 17:31:35,880 DEBUG [LineInfo_to_exitCode.log_LineInfo] 2026-08-04 17:31:35,879 [INFO] PluginManage:352 - Loaded plugin filemanager (category:base,tabindex:10)
2026-08-04 17:31:35,880 DEBUG [LineInfo_to_exitCode.log_LineInfo] 2026-08-04 17:31:35,880 [INFO] PluginManage:302 - Check plugin ipmanager
2026-08-04 17:31:35,890 DEBUG [LineInfo_to_exitCode.log_LineInfo] 2026-08-04 17:31:35,890 [INFO] PluginManage:352 - Loaded plugin ipmanager (category:base,tabindex:5)
2026-08-04 17:31:35,891 DEBUG [LineInfo_to_exitCode.log_LineInfo] 2026-08-04 17:31:35,890 [INFO] PluginManage:302 - Check plugin pinoutandconfiguration
2026-08-04 17:31:35,898 DEBUG [LineInfo_to_exitCode.log_LineInfo] 2026-08-04 17:31:35,898 [INFO] PluginManage:352 - Loaded plugin pinoutandconfiguration (category:base,tabindex:1)
2026-08-04 17:31:35,898 DEBUG [LineInfo_to_exitCode.log_LineInfo] 2026-08-04 17:31:35,898 [INFO] PluginManage:302 - Check plugin pinoutconfig
2026-08-04 17:31:35,953 DEBUG [LineInfo_to_exitCode.log_LineInfo] 2026-08-04 17:31:35,953 [INFO] PluginManage:352 - Loaded plugin pinoutconfig (category:base,tabindex:0)
2026-08-04 17:31:35,954 DEBUG [LineInfo_to_exitCode.log_LineInfo] 2026-08-04 17:31:35,953 [INFO] PluginManage:302 - Check plugin power
2026-08-04 17:31:35,964 DEBUG [LineInfo_to_exitCode.log_LineInfo] 2026-08-04 17:31:35,964 [INFO] PluginManage:352 - Loaded plugin power (category:power,tabindex:4)
2026-08-04 17:31:35,965 DEBUG [LineInfo_to_exitCode.log_LineInfo] 2026-08-04 17:31:35,964 [INFO] PluginManage:302 - Check plugin projectmanager
2026-08-04 17:31:36,031 DEBUG [LineInfo_to_exitCode.log_LineInfo] 2026-08-04 17:31:36,031 [INFO] PluginManage:352 - Loaded plugin projectmanager (category:projectmanager,tabindex:3)
2026-08-04 17:31:36,031 DEBUG [LineInfo_to_exitCode.log_LineInfo] 2026-08-04 17:31:36,031 [INFO] PluginManage:302 - Check plugin thirdparty
2026-08-04 17:31:36,156 DEBUG [LineInfo_to_exitCode.log_LineInfo] 2026-08-04 17:31:36,155 [INFO] PluginManage:352 - Loaded plugin thirdparty (category:base,tabindex:-1)
2026-08-04 17:31:36,157 DEBUG [LineInfo_to_exitCode.log_LineInfo] 2026-08-04 17:31:36,156 [INFO] IntegrityCheckThread:80 - entering critical section [integrity check]
2026-08-04 17:31:36,157 DEBUG [LineInfo_to_exitCode.log_LineInfo] 2026-08-04 17:31:36,156 [INFO] PluginManage:302 - Check plugin tools
2026-08-04 17:31:36,157 DEBUG [LineInfo_to_exitCode.log_LineInfo] 2026-08-04 17:31:36,157 [INFO] ThirdPartyUpdaterWithRetryManager:66 - Updater plugin not ready yet. [1/15]
2026-08-04 17:31:36,160 DEBUG [LineInfo_to_exitCode.log_LineInfo] 2026-08-04 17:31:36,159 [INFO] PluginManage:352 - Loaded plugin tools (category:base,tabindex:7)
2026-08-04 17:31:36,160 DEBUG [LineInfo_to_exitCode.log_LineInfo] 2026-08-04 17:31:36,160 [INFO] PluginManage:302 - Check plugin tutovideos
2026-08-04 17:31:36,369 DEBUG [LineInfo_to_exitCode.log_LineInfo] 2026-08-04 17:31:36,368 [INFO] PluginManage:352 - Loaded plugin tutovideos (category:base,tabindex:-1)
2026-08-04 17:31:36,369 DEBUG [LineInfo_to_exitCode.log_LineInfo] 2026-08-04 17:31:36,369 [INFO] PluginManage:302 - Check plugin updater
2026-08-04 17:31:36,387 DEBUG [LineInfo_to_exitCode.log_LineInfo] 2026-08-04 17:31:36,387 [INFO] PluginManage:352 - Loaded plugin updater (category:base,tabindex:12)
2026-08-04 17:31:36,387 DEBUG [LineInfo_to_exitCode.log_LineInfo] 2026-08-04 17:31:36,387 [INFO] PluginManage:275 - PluginManage : Loaded plugins [13]
2026-08-04 17:31:36,631 DEBUG [LineInfo_to_exitCode.log_LineInfo] 2026-08-04 17:31:36,630 [INFO] PinOutPanel:1463 - setPackage(No Configuration,No Configuration)
2026-08-04 17:31:36,730 DEBUG [LineInfo_to_exitCode.log_LineInfo] 2026-08-04 17:31:36,729 [INFO] IPUIPlugin:74 - create IPUIPlugin
2026-08-04 17:31:36,730 DEBUG [LineInfo_to_exitCode.log_LineInfo] 2026-08-04 17:31:36,729 [INFO] PluginManager:213 - loadIPPluginJar : add adc
2026-08-04 17:31:36,732 DEBUG [LineInfo_to_exitCode.log_LineInfo] 2026-08-04 17:31:36,732 [INFO] IPUIPlugin:74 - create IPUIPlugin
2026-08-04 17:31:36,733 DEBUG [LineInfo_to_exitCode.log_LineInfo] 2026-08-04 17:31:36,732 [INFO] PluginManager:213 - loadIPPluginJar : add aes
2026-08-04 17:31:36,737 DEBUG [LineInfo_to_exitCode.log_LineInfo] 2026-08-04 17:31:36,736 [INFO] IPUIPlugin:74 - create IPUIPlugin
2026-08-04 17:31:36,737 DEBUG [LineInfo_to_exitCode.log_LineInfo] 2026-08-04 17:31:36,737 [INFO] PluginManager:213 - loadIPPluginJar : add can
2026-08-04 17:31:36,739 DEBUG [LineInfo_to_exitCode.log_LineInfo] 2026-08-04 17:31:36,739 [INFO] IPUIPlugin:74 - create IPUIPlugin
2026-08-04 17:31:36,740 DEBUG [LineInfo_to_exitCode.log_LineInfo] 2026-08-04 17:31:36,739 [INFO] PluginManager:213 - loadIPPluginJar : add comp
2026-08-04 17:31:36,742 DEBUG [LineInfo_to_exitCode.log_LineInfo] 2026-08-04 17:31:36,742 [INFO] IPUIPlugin:74 - create IPUIPlugin
2026-08-04 17:31:36,743 DEBUG [LineInfo_to_exitCode.log_LineInfo] 2026-08-04 17:31:36,742 [INFO] PluginManager:213 - loadIPPluginJar : add cryp
2026-08-04 17:31:36,745 DEBUG [LineInfo_to_exitCode.log_LineInfo] 2026-08-04 17:31:36,745 [INFO] IPUIPlugin:74 - create IPUIPlugin
2026-08-04 17:31:36,745 DEBUG [LineInfo_to_exitCode.log_LineInfo] 2026-08-04 17:31:36,745 [INFO] PluginManager:213 - loadIPPluginJar : add dfsdm
2026-08-04 17:31:36,752 DEBUG [LineInfo_to_exitCode.log_LineInfo] 2026-08-04 17:31:36,751 [INFO] IPUIPlugin:74 - create IPUIPlugin
2026-08-04 17:31:36,752 DEBUG [LineInfo_to_exitCode.log_LineInfo] 2026-08-04 17:31:36,752 [INFO] PluginManager:213 - loadIPPluginJar : add dma
2026-08-04 17:31:36,756 DEBUG [LineInfo_to_exitCode.log_LineInfo] 2026-08-04 17:31:36,755 [INFO] IPUIPlugin:74 - create IPUIPlugin
2026-08-04 17:31:36,756 DEBUG [LineInfo_to_exitCode.log_LineInfo] 2026-08-04 17:31:36,755 [INFO] PluginManager:213 - loadIPPluginJar : add dma3
2026-08-04 17:31:36,759 DEBUG [LineInfo_to_exitCode.log_LineInfo] 2026-08-04 17:31:36,758 [INFO] IPUIPlugin:74 - create IPUIPlugin
2026-08-04 17:31:36,759 DEBUG [LineInfo_to_exitCode.log_LineInfo] 2026-08-04 17:31:36,759 [INFO] PluginManager:213 - loadIPPluginJar : add fatfs
2026-08-04 17:31:36,763 DEBUG [LineInfo_to_exitCode.log_LineInfo] 2026-08-04 17:31:36,763 [INFO] IPUIPlugin:74 - create IPUIPlugin
2026-08-04 17:31:36,764 DEBUG [LineInfo_to_exitCode.log_LineInfo] 2026-08-04 17:31:36,763 [INFO] PluginManager:213 - loadIPPluginJar : add fmc
2026-08-04 17:31:36,769 DEBUG [LineInfo_to_exitCode.log_LineInfo] 2026-08-04 17:31:36,768 [INFO] IPUIPlugin:74 - create IPUIPlugin
2026-08-04 17:31:36,769 DEBUG [LineInfo_to_exitCode.log_LineInfo] 2026-08-04 17:31:36,769 [INFO] PluginManager:213 - loadIPPluginJar : add freertos
2026-08-04 17:31:36,771 DEBUG [LineInfo_to_exitCode.log_LineInfo] 2026-08-04 17:31:36,771 [INFO] IPUIPlugin:74 - create IPUIPlugin
2026-08-04 17:31:36,771 DEBUG [LineInfo_to_exitCode.log_LineInfo] 2026-08-04 17:31:36,771 [INFO] PluginManager:213 - loadIPPluginJar : add genericplugin
2026-08-04 17:31:36,773 DEBUG [LineInfo_to_exitCode.log_LineInfo] 2026-08-04 17:31:36,773 [INFO] IPUIPlugin:74 - create IPUIPlugin
2026-08-04 17:31:36,773 DEBUG [LineInfo_to_exitCode.log_LineInfo] 2026-08-04 17:31:36,773 [INFO] PluginManager:213 - loadIPPluginJar : add gfxmmu
2026-08-04 17:31:36,780 DEBUG [LineInfo_to_exitCode.log_LineInfo] 2026-08-04 17:31:36,779 [INFO] IPUIPlugin:74 - create IPUIPlugin
2026-08-04 17:31:36,780 DEBUG [LineInfo_to_exitCode.log_LineInfo] 2026-08-04 17:31:36,780 [INFO] PluginManager:213 - loadIPPluginJar : add gic
2026-08-04 17:31:36,784 DEBUG [LineInfo_to_exitCode.log_LineInfo] 2026-08-04 17:31:36,784 [INFO] IPUIPlugin:74 - create IPUIPlugin
2026-08-04 17:31:36,784 DEBUG [LineInfo_to_exitCode.log_LineInfo] 2026-08-04 17:31:36,784 [INFO] PluginManager:213 - loadIPPluginJar : add gpio
2026-08-04 17:31:36,787 DEBUG [LineInfo_to_exitCode.log_LineInfo] 2026-08-04 17:31:36,787 [INFO] IPUIPlugin:74 - create IPUIPlugin
2026-08-04 17:31:36,787 DEBUG [LineInfo_to_exitCode.log_LineInfo] 2026-08-04 17:31:36,787 [INFO] PluginManager:213 - loadIPPluginJar : add gtzc
2026-08-04 17:31:36,789 DEBUG [LineInfo_to_exitCode.log_LineInfo] 2026-08-04 17:31:36,789 [INFO] IPUIPlugin:74 - create IPUIPlugin
2026-08-04 17:31:36,790 DEBUG [LineInfo_to_exitCode.log_LineInfo] 2026-08-04 17:31:36,789 [INFO] PluginManager:213 - loadIPPluginJar : add hash
2026-08-04 17:31:36,792 DEBUG [LineInfo_to_exitCode.log_LineInfo] 2026-08-04 17:31:36,792 [INFO] IPUIPlugin:74 - create IPUIPlugin
2026-08-04 17:31:36,792 DEBUG [LineInfo_to_exitCode.log_LineInfo] 2026-08-04 17:31:36,792 [INFO] PluginManager:213 - loadIPPluginJar : add i2c
2026-08-04 17:31:36,794 DEBUG [LineInfo_to_exitCode.log_LineInfo] 2026-08-04 17:31:36,794 [INFO] IPUIPlugin:74 - create IPUIPlugin
2026-08-04 17:31:36,795 DEBUG [LineInfo_to_exitCode.log_LineInfo] 2026-08-04 17:31:36,794 [INFO] PluginManager:213 - loadIPPluginJar : add i2s
2026-08-04 17:31:36,799 DEBUG [LineInfo_to_exitCode.log_LineInfo] 2026-08-04 17:31:36,798 [INFO] IPUIPlugin:74 - create IPUIPlugin
2026-08-04 17:31:36,799 DEBUG [LineInfo_to_exitCode.log_LineInfo] 2026-08-04 17:31:36,798 [INFO] PluginManager:213 - loadIPPluginJar : add ipddr
2026-08-04 17:31:36,804 DEBUG [LineInfo_to_exitCode.log_LineInfo] 2026-08-04 17:31:36,804 [INFO] IPUIPlugin:74 - create IPUIPlugin
2026-08-04 17:31:36,805 DEBUG [LineInfo_to_exitCode.log_LineInfo] 2026-08-04 17:31:36,804 [INFO] PluginManager:213 - loadIPPluginJar : add linkedlist
2026-08-04 17:31:36,808 DEBUG [LineInfo_to_exitCode.log_LineInfo] 2026-08-04 17:31:36,807 [INFO] IPUIPlugin:74 - create IPUIPlugin
2026-08-04 17:31:36,808 DEBUG [LineInfo_to_exitCode.log_LineInfo] 2026-08-04 17:31:36,808 [INFO] PluginManager:213 - loadIPPluginJar : add lorawan
2026-08-04 17:31:36,809 DEBUG [LineInfo_to_exitCode.log_LineInfo] 2026-08-04 17:31:36,809 [INFO] IPUIPlugin:74 - create IPUIPlugin
2026-08-04 17:31:36,809 DEBUG [LineInfo_to_exitCode.log_LineInfo] 2026-08-04 17:31:36,809 [INFO] PluginManager:213 - loadIPPluginJar : add ltdc
2026-08-04 17:31:36,812 DEBUG [LineInfo_to_exitCode.log_LineInfo] 2026-08-04 17:31:36,812 [INFO] IPUIPlugin:74 - create IPUIPlugin
2026-08-04 17:31:36,813 DEBUG [LineInfo_to_exitCode.log_LineInfo] 2026-08-04 17:31:36,812 [INFO] PluginManager:213 - loadIPPluginJar : add mdma
2026-08-04 17:31:36,817 DEBUG [LineInfo_to_exitCode.log_LineInfo] 2026-08-04 17:31:36,816 [INFO] IPUIPlugin:74 - create IPUIPlugin
2026-08-04 17:31:36,817 DEBUG [LineInfo_to_exitCode.log_LineInfo] 2026-08-04 17:31:36,817 [INFO] PluginManager:213 - loadIPPluginJar : add nvic
2026-08-04 17:31:36,820 DEBUG [LineInfo_to_exitCode.log_LineInfo] 2026-08-04 17:31:36,820 [INFO] IPUIPlugin:74 - create IPUIPlugin
2026-08-04 17:31:36,821 DEBUG [LineInfo_to_exitCode.log_LineInfo] 2026-08-04 17:31:36,820 [INFO] PluginManager:213 - loadIPPluginJar : add opamp
2026-08-04 17:31:36,823 DEBUG [LineInfo_to_exitCode.log_LineInfo] 2026-08-04 17:31:36,822 [INFO] IPUIPlugin:74 - create IPUIPlugin
2026-08-04 17:31:36,823 DEBUG [LineInfo_to_exitCode.log_LineInfo] 2026-08-04 17:31:36,823 [INFO] PluginManager:213 - loadIPPluginJar : add openamp
2026-08-04 17:31:36,826 DEBUG [LineInfo_to_exitCode.log_LineInfo] 2026-08-04 17:31:36,825 [INFO] IPUIPlugin:74 - create IPUIPlugin
2026-08-04 17:31:36,826 DEBUG [LineInfo_to_exitCode.log_LineInfo] 2026-08-04 17:31:36,826 [INFO] PluginManager:213 - loadIPPluginJar : add pdm2pcm
2026-08-04 17:31:36,831 DEBUG [LineInfo_to_exitCode.log_LineInfo] 2026-08-04 17:31:36,830 [INFO] IPUIPlugin:74 - create IPUIPlugin
2026-08-04 17:31:36,833 DEBUG [LineInfo_to_exitCode.log_LineInfo] 2026-08-04 17:31:36,833 [INFO] PluginManager:213 - loadIPPluginJar : add plateformsettings
2026-08-04 17:31:36,836 DEBUG [LineInfo_to_exitCode.log_LineInfo] 2026-08-04 17:31:36,835 [INFO] IPUIPlugin:74 - create IPUIPlugin
2026-08-04 17:31:36,836 DEBUG [LineInfo_to_exitCode.log_LineInfo] 2026-08-04 17:31:36,836 [INFO] PluginManager:213 - loadIPPluginJar : add quadspi
2026-08-04 17:31:36,840 DEBUG [LineInfo_to_exitCode.log_LineInfo] 2026-08-04 17:31:36,840 [INFO] IPUIPlugin:74 - create IPUIPlugin
2026-08-04 17:31:36,840 DEBUG [LineInfo_to_exitCode.log_LineInfo] 2026-08-04 17:31:36,840 [INFO] PluginManager:213 - loadIPPluginJar : add resmgrutility
2026-08-04 17:31:36,844 DEBUG [LineInfo_to_exitCode.log_LineInfo] 2026-08-04 17:31:36,843 [INFO] IPUIPlugin:74 - create IPUIPlugin
2026-08-04 17:31:36,844 DEBUG [LineInfo_to_exitCode.log_LineInfo] 2026-08-04 17:31:36,844 [INFO] PluginManager:213 - loadIPPluginJar : add sai
2026-08-04 17:31:36,846 DEBUG [LineInfo_to_exitCode.log_LineInfo] 2026-08-04 17:31:36,846 [INFO] IPUIPlugin:74 - create IPUIPlugin
2026-08-04 17:31:36,846 DEBUG [LineInfo_to_exitCode.log_LineInfo] 2026-08-04 17:31:36,846 [INFO] PluginManager:213 - loadIPPluginJar : add spi
2026-08-04 17:31:36,850 DEBUG [LineInfo_to_exitCode.log_LineInfo] 2026-08-04 17:31:36,850 [INFO] IPUIPlugin:74 - create IPUIPlugin
2026-08-04 17:31:36,851 DEBUG [LineInfo_to_exitCode.log_LineInfo] 2026-08-04 17:31:36,850 [INFO] PluginManager:213 - loadIPPluginJar : add stm32_wpan
2026-08-04 17:31:36,852 DEBUG [LineInfo_to_exitCode.log_LineInfo] 2026-08-04 17:31:36,852 [INFO] IPUIPlugin:74 - create IPUIPlugin
2026-08-04 17:31:36,852 DEBUG [LineInfo_to_exitCode.log_LineInfo] 2026-08-04 17:31:36,852 [INFO] PluginManager:213 - loadIPPluginJar : add tim
2026-08-04 17:31:36,858 DEBUG [LineInfo_to_exitCode.log_LineInfo] 2026-08-04 17:31:36,858 [INFO] IPUIPlugin:74 - create IPUIPlugin
2026-08-04 17:31:36,858 DEBUG [LineInfo_to_exitCode.log_LineInfo] 2026-08-04 17:31:36,858 [INFO] PluginManager:213 - loadIPPluginJar : add touchsensing
2026-08-04 17:31:36,860 DEBUG [LineInfo_to_exitCode.log_LineInfo] 2026-08-04 17:31:36,860 [INFO] IPUIPlugin:74 - create IPUIPlugin
2026-08-04 17:31:36,861 DEBUG [LineInfo_to_exitCode.log_LineInfo] 2026-08-04 17:31:36,860 [INFO] PluginManager:213 - loadIPPluginJar : add tracer_emb
2026-08-04 17:31:36,862 DEBUG [LineInfo_to_exitCode.log_LineInfo] 2026-08-04 17:31:36,862 [INFO] IPUIPlugin:74 - create IPUIPlugin
2026-08-04 17:31:36,862 DEBUG [LineInfo_to_exitCode.log_LineInfo] 2026-08-04 17:31:36,862 [INFO] PluginManager:213 - loadIPPluginJar : add ts
2026-08-04 17:31:36,864 DEBUG [LineInfo_to_exitCode.log_LineInfo] 2026-08-04 17:31:36,863 [INFO] IPUIPlugin:74 - create IPUIPlugin
2026-08-04 17:31:36,864 DEBUG [LineInfo_to_exitCode.log_LineInfo] 2026-08-04 17:31:36,864 [INFO] PluginManager:213 - loadIPPluginJar : add tsc
2026-08-04 17:31:36,865 DEBUG [LineInfo_to_exitCode.log_LineInfo] 2026-08-04 17:31:36,865 [INFO] IPUIPlugin:74 - create IPUIPlugin
2026-08-04 17:31:36,866 DEBUG [LineInfo_to_exitCode.log_LineInfo] 2026-08-04 17:31:36,865 [INFO] PluginManager:213 - loadIPPluginJar : add ucpd
2026-08-04 17:31:36,868 DEBUG [LineInfo_to_exitCode.log_LineInfo] 2026-08-04 17:31:36,867 [INFO] IPUIPlugin:74 - create IPUIPlugin
2026-08-04 17:31:36,868 DEBUG [LineInfo_to_exitCode.log_LineInfo] 2026-08-04 17:31:36,868 [INFO] PluginManager:213 - loadIPPluginJar : add usart
2026-08-04 17:31:36,871 DEBUG [LineInfo_to_exitCode.log_LineInfo] 2026-08-04 17:31:36,871 [INFO] IPUIPlugin:74 - create IPUIPlugin
2026-08-04 17:31:36,871 DEBUG [LineInfo_to_exitCode.log_LineInfo] 2026-08-04 17:31:36,871 [INFO] PluginManager:213 - loadIPPluginJar : add usbx
2026-08-04 17:31:36,914 DEBUG [LineInfo_to_exitCode.log_LineInfo] 2026-08-04 17:31:36,913 [INFO] Updater:1012 - Updater Version found : 6.3.0
2026-08-04 17:31:36,934 DEBUG [LineInfo_to_exitCode.log_LineInfo] 2026-08-04 17:31:36,933 [INFO] ApplicationProperties:181 - Using Application install path: C:\Program Files\STMicroelectronics\STM32Cube\STM32CubeMX
2026-08-04 17:31:37,109 DEBUG [LineInfo_to_exitCode.log_LineInfo] 2026-08-04 17:31:37,108 [INFO] MainUpdater:2671 - connection check result : 10
2026-08-04 17:31:37,110 DEBUG [LineInfo_to_exitCode.log_LineInfo] 2026-08-04 17:31:37,109 [INFO] MainUpdater:265 - Updater Check For Update Now.
2026-08-04 17:31:37,110 DEBUG [LineInfo_to_exitCode.log_LineInfo] 2026-08-04 17:31:37,110 [INFO] MicroXplorer:478 - Change Database Version : DB.6.0.30
2026-08-04 17:31:37,366 DEBUG [LineInfo_to_exitCode.log_LineInfo] 2026-08-04 17:31:37,364 [INFO] CheckServerUpdateThread:112 - End of CheckServer Thread
2026-08-04 17:31:37,574 DEBUG [LineInfo_to_exitCode.log_LineInfo] 2026-08-04 17:31:37,574 [INFO] HomeAdPanel:98 - Auto-refresh data requested => check proxy status ongoing
2026-08-04 17:31:38,094 DEBUG [LineInfo_to_exitCode.log_LineInfo] 2026-08-04 17:31:38,093 [INFO] ServerAccessManage:362 - Download File 
2026-08-04 17:31:38,097 DEBUG [LineInfo_to_exitCode.log_LineInfo] 2026-08-04 17:31:38,096 [INFO] LoadUrlFilesThread:172 - End of LoadServerUrlFiles without Thread
2026-08-04 17:31:38,101 DEBUG [LineInfo_to_exitCode.log_LineInfo] 2026-08-04 17:31:38,101 [INFO] DbMcusAds:47 - JSON generation date=Wed Jul 15 18:44:54 KST 2026 (1784108694001)
2026-08-04 17:31:38,103 DEBUG [LineInfo_to_exitCode.log_LineInfo] 2026-08-04 17:31:38,103 [INFO] LoadUrlFilesThread:172 - End of LoadServerUrlFiles without Thread
2026-08-04 17:31:38,103 DEBUG [LineInfo_to_exitCode.log_LineInfo] 2026-08-04 17:31:38,103 [INFO] HomeAdPanel:109 - Refresh advertisement image is successful
2026-08-04 17:31:38,158 DEBUG [LineInfo_to_exitCode.log_LineInfo] 2026-08-04 17:31:38,158 [INFO] LoadUrlFilesThread:172 - End of LoadServerUrlFiles without Thread
2026-08-04 17:31:38,170 DEBUG [LineInfo_to_exitCode.log_LineInfo] 2026-08-04 17:31:38,170 [INFO] DetailPanel:309 - Set advertising image to C:/Users/wshan/STM32Cube/Repository/\en.stm32h5cubemxbanner.png
2026-08-04 17:31:38,540 DEBUG [LineInfo_to_exitCode.log_LineInfo] 2026-08-04 17:31:38,539 [INFO] LoadUrlFilesThread:172 - End of LoadServerUrlFiles without Thread
2026-08-04 17:31:38,633 DEBUG [LineInfo_to_exitCode.log_LineInfo] 2026-08-04 17:31:38,633 [INFO] LoadUrlFilesThread:172 - End of LoadServerUrlFiles without Thread
2026-08-04 17:31:38,634 DEBUG [LineInfo_to_exitCode.log_LineInfo] 2026-08-04 17:31:38,633 [INFO] DetailPanel:309 - Set advertising image to C:/Users/wshan/STM32Cube/Repository/\en.stm32h5cubemxbanner.png
2026-08-04 17:31:38,800 DEBUG [LineInfo_to_exitCode.log_LineInfo] 2026-08-04 17:31:38,800 [INFO] MainFrame:172 - [MX] HOME_PANEL == 114843948071000
2026-08-04 17:31:38,887 DEBUG [LineInfo_to_exitCode.log_LineInfo] 2026-08-04 17:31:38,881 [INFO] MicroXplorer:448 - Change Database Path : 
2026-08-04 17:31:38,889 DEBUG [LineInfo_to_exitCode.log_LineInfo] 2026-08-04 17:31:38,888 [INFO] MicroXplorer:478 - Change Database Version : DB.6.0.30
2026-08-04 17:31:39,453 ERROR [LineInfo_to_exitCode.log_LineInfo] C:\Users\wshan\.stm32cubemx\thirdparties\pdsc\STMicroelectronics.X-CUBE-SMBUS.2.1.1.pdsc: PDSC version is not supported
2026-08-04 17:31:39,482 ERROR [LineInfo_to_exitCode.log_LineInfo] C:\Users\wshan\.stm32cubemx\thirdparties\pdsc\STMicroelectronics.X-CUBE-FREERTOS.1.6.0.pdsc: PDSC version is not supported
2026-08-04 17:31:39,485 ERROR [LineInfo_to_exitCode.log_LineInfo] C:\Users\wshan\.stm32cubemx\thirdparties\pdsc\STMicroelectronics.FP-SNS-MOTENV1.5.1.0.pdsc: PDSC version is not supported
2026-08-04 17:31:39,523 ERROR [LineInfo_to_exitCode.log_LineInfo] C:\Users\wshan\.stm32cubemx\thirdparties\pdsc\WES.I-CUBE-Cesium.1.4.0.pdsc: PDSC version is not supported
2026-08-04 17:31:39,528 ERROR [LineInfo_to_exitCode.log_LineInfo] C:\Users\wshan\.stm32cubemx\thirdparties\pdsc\STMicroelectronics.X-CUBE-DISPLAY.3.0.0.pdsc: PDSC version is not supported
2026-08-04 17:31:39,541 ERROR [LineInfo_to_exitCode.log_LineInfo] C:\Users\wshan\.stm32cubemx\thirdparties\pdsc\STMicroelectronics.FP-SNS-MOTENVWB1.1.5.0.pdsc: PDSC version is not supported
2026-08-04 17:31:39,560 ERROR [LineInfo_to_exitCode.log_LineInfo] C:\Users\wshan\.stm32cubemx\thirdparties\pdsc\STMicroelectronics.X-CUBE-ST60.1.1.0.pdsc: PDSC version is not supported
2026-08-04 17:31:39,563 ERROR [LineInfo_to_exitCode.log_LineInfo] C:\Users\wshan\.stm32cubemx\thirdparties\pdsc\emotas.I-CUBE-CANOPEN.1.3.0.pdsc: PDSC version is not supported
2026-08-04 17:31:39,565 ERROR [LineInfo_to_exitCode.log_LineInfo] C:\Users\wshan\.stm32cubemx\thirdparties\pdsc\STMicroelectronics.X-CUBE-WBA.1.1.0.pdsc: PDSC version is not supported
2026-08-04 17:31:39,569 ERROR [LineInfo_to_exitCode.log_LineInfo] C:\Users\wshan\.stm32cubemx\thirdparties\pdsc\STMicroelectronics.FP-SNS-STBOX1.2.1.0.pdsc: PDSC version is not supported
2026-08-04 17:31:39,573 ERROR [LineInfo_to_exitCode.log_LineInfo] C:\Users\wshan\.stm32cubemx\thirdparties\pdsc\STMicroelectronics.FP-SNS-SMARTAG2.1.2.0.pdsc: PDSC version is not supported
2026-08-04 17:31:39,575 ERROR [LineInfo_to_exitCode.log_LineInfo] C:\Users\wshan\.stm32cubemx\thirdparties\pdsc\STMicroelectronics.FP-SNS-FLIGHT1.5.1.0.pdsc: PDSC version is not supported
2026-08-04 17:31:39,600 ERROR [LineInfo_to_exitCode.log_LineInfo] C:\Users\wshan\.stm32cubemx\thirdparties\pdsc\Avnet-IOTCONNECT.X-CUBE-iotc-st67-sdk.1.0.0.pdsc: PDSC version is not supported
2026-08-04 17:31:39,605 ERROR [LineInfo_to_exitCode.log_LineInfo] C:\Users\wshan\.stm32cubemx\thirdparties\pdsc\Infineon.AIROC-Wi-Fi-Bluetooth-STM32.1.8.0.pdsc: PDSC version is not supported
2026-08-04 17:31:39,634 ERROR [LineInfo_to_exitCode.log_LineInfo] C:\Users\wshan\.stm32cubemx\thirdparties\pdsc\STMicroelectronics.FP-SNS-STAIOTCFT.1.1.0.pdsc: PDSC version is not supported
2026-08-04 17:31:39,657 ERROR [LineInfo_to_exitCode.log_LineInfo] C:\Users\wshan\.stm32cubemx\thirdparties\pdsc\EmbeddedOffice.I-CUBE-FS-RTOS.1.0.1.pdsc: PDSC version is not supported
2026-08-04 17:31:39,665 ERROR [LineInfo_to_exitCode.log_LineInfo] C:\Users\wshan\.stm32cubemx\thirdparties\pdsc\STMicroelectronics.X-CUBE-TCPP.4.2.0.pdsc: PDSC version is not supported
2026-08-04 17:31:39,668 ERROR [LineInfo_to_exitCode.log_LineInfo] C:\Users\wshan\.stm32cubemx\thirdparties\pdsc\RealThread.X-CUBE-RT-Thread_Nano.4.1.1.pdsc: PDSC version is not supported
2026-08-04 17:31:39,678 ERROR [LineInfo_to_exitCode.log_LineInfo] C:\Users\wshan\.stm32cubemx\thirdparties\pdsc\ITTIA_DB.I-CUBE-ITTIADB.8.9.0.pdsc: PDSC version is not supported
2026-08-04 17:31:39,680 ERROR [LineInfo_to_exitCode.log_LineInfo] C:\Users\wshan\.stm32cubemx\thirdparties\pdsc\Cesanta.I-CUBE-Mongoose.7.21.7.pdsc: PDSC version is not supported
2026-08-04 17:31:39,946 ERROR [LineInfo_to_exitCode.log_LineInfo] C:\Users\wshan\.stm32cubemx\thirdparties\pdsc\STMicroelectronics.X-CUBE-IPS.3.2.0.pdsc: PDSC version is not supported
2026-08-04 17:31:39,949 ERROR [LineInfo_to_exitCode.log_LineInfo] C:\Users\wshan\.stm32cubemx\thirdparties\pdsc\STMicroelectronics.eDS-WB_DPC_TT-BIDIR.2.1.1.pdsc: PDSC version is not supported
2026-08-04 17:31:39,995 ERROR [LineInfo_to_exitCode.log_LineInfo] C:\Users\wshan\.stm32cubemx\thirdparties\pdsc\STMicroelectronics.eDS-WB_DPC_VIENNA.1.2.0.pdsc: PDSC version is not supported
2026-08-04 17:31:40,161 ERROR [LineInfo_to_exitCode.log_LineInfo] C:\Users\wshan\.stm32cubemx\thirdparties\pdsc\STMicroelectronics.eDS-WB_DPC_3PH2L-BIDIR.1.1.1.pdsc: PDSC version is not supported
2026-08-04 17:31:40,166 ERROR [LineInfo_to_exitCode.log_LineInfo] C:\Users\wshan\.stm32cubemx\thirdparties\pdsc\STMicroelectronics.X-CUBE-ST67W61.1.3.0.pdsc: PDSC version is not supported
2026-08-04 17:31:40,178 ERROR [LineInfo_to_exitCode.log_LineInfo] C:\Users\wshan\.stm32cubemx\thirdparties\pdsc\STMicroelectronics.X-CUBE-DPower.1.3.0.pdsc: PDSC version is not supported
2026-08-04 17:31:40,238 ERROR [LineInfo_to_exitCode.log_LineInfo] C:\Users\wshan\.stm32cubemx\thirdparties\pdsc\quantropi.X-CUBE-qispace-sdk-base.2.1.0.pdsc: PDSC version is not supported
2026-08-04 17:31:40,307 ERROR [LineInfo_to_exitCode.log_LineInfo] C:\Users\wshan\.stm32cubemx\thirdparties\pdsc\STMicroelectronics.X-CUBE-BLEMGR.4.2.0.pdsc: PDSC version is not supported
2026-08-04 17:31:40,309 ERROR [LineInfo_to_exitCode.log_LineInfo] C:\Users\wshan\.stm32cubemx\thirdparties\pdsc\STMicroelectronics.X-CUBE-ALS.1.0.2.pdsc: PDSC version is not supported
2026-08-04 17:31:40,318 ERROR [LineInfo_to_exitCode.log_LineInfo] C:\Users\wshan\.stm32cubemx\thirdparties\pdsc\STMicroelectronics.X-CUBE-TOF1.3.4.3.pdsc: PDSC version is not supported
2026-08-04 17:31:40,319 DEBUG [LineInfo_to_exitCode.log_LineInfo] 2026-08-04 17:31:40,319 [INFO] ThirdParty:915 - Integrity check success = true
2026-08-04 17:31:40,320 DEBUG [LineInfo_to_exitCode.log_LineInfo] 2026-08-04 17:31:40,319 [INFO] IntegrityCheckThread:94 - exiting critical section [integrity check]
2026-08-04 17:31:40,320 DEBUG [LineInfo_to_exitCode.log_LineInfo] 2026-08-04 17:31:40,319 [INFO] IntegrityCheckThread:97 - End integrity checks thread
2026-08-04 17:31:40,321 DEBUG [LineInfo_to_exitCode.log_LineInfo] 2026-08-04 17:31:40,319 [INFO] ThirdParty:815 - entering critical section [close project]
2026-08-04 17:31:40,323 DEBUG [LineInfo_to_exitCode.log_LineInfo] 2026-08-04 17:31:40,322 [INFO] ThirdParty:825 - exiting critical section [close project]
2026-08-04 17:31:40,328 DEBUG [LineInfo_to_exitCode.log_LineInfo] 2026-08-04 17:31:40,328 [INFO] PinOutPanel:1463 - setPackage(No Configuration,No Configuration)
2026-08-04 17:31:40,374 DEBUG [LineInfo_to_exitCode.log_LineInfo] 2026-08-04 17:31:40,373 [INFO] UtilMem:74 - Begin LoadConfig() Used Memory: 208220432 Bytes (528482304)
2026-08-04 17:31:40,384 DEBUG [LineInfo_to_exitCode.log_LineInfo] 2026-08-04 17:31:40,384 [INFO] OpenFileManager:313 - Change cursor
2026-08-04 17:31:43,263 DEBUG [LineInfo_to_exitCode.log_LineInfo] 2026-08-04 17:31:43,263 [INFO] Context:592 - Trying to add GPIOservice into a context  which must be forbidden
2026-08-04 17:31:44,842 DEBUG [LineInfo_to_exitCode.log_LineInfo] 2026-08-04 17:31:44,842 [INFO] ImportTextPane:167 - (OptionalMessage_ERROR) Unable to find key (Mcu.ThirdPartyNb) in loaded IOC file
2026-08-04 17:31:45,027 DEBUG [LineInfo_to_exitCode.log_LineInfo] 2026-08-04 17:31:45,026 [INFO] RtosManager:484 - Registered RTOS mode: class=CMSIS, group=RTOS, mode=CMSIS_V1, owner=FREERTOS
2026-08-04 17:31:45,027 DEBUG [LineInfo_to_exitCode.log_LineInfo] 2026-08-04 17:31:45,027 [INFO] RtosManager:484 - Registered RTOS mode: class=CMSIS, group=RTOS2, mode=CMSIS_V2, owner=FREERTOS
2026-08-04 17:31:45,028 DEBUG [LineInfo_to_exitCode.log_LineInfo] 2026-08-04 17:31:45,027 [INFO] RtosManager:484 - Registered RTOS mode: class=RTOS, group=Core, mode=CMSIS_V1, owner=FREERTOS
2026-08-04 17:31:45,028 DEBUG [LineInfo_to_exitCode.log_LineInfo] 2026-08-04 17:31:45,027 [INFO] RtosManager:484 - Registered RTOS mode: class=RTOS, group=Core, mode=CMSIS_V2, owner=FREERTOS
2026-08-04 17:31:45,840 DEBUG [LineInfo_to_exitCode.log_LineInfo] 2026-08-04 17:31:45,839 [INFO] ImportTextPane:167 - (OptionalMessage_ERROR) IP (DMA) : Parameter (Instance) has Id (USART2_RX) currently not set
2026-08-04 17:31:45,840 DEBUG [LineInfo_to_exitCode.log_LineInfo] 2026-08-04 17:31:45,840 [INFO] ImportTextPane:167 - (OptionalMessage_ERROR) IP (DMA) : Parameter (Request) has Id (USART2_RX) currently not set
2026-08-04 17:31:45,840 DEBUG [LineInfo_to_exitCode.log_LineInfo] 2026-08-04 17:31:45,840 [INFO] ImportTextPane:167 - (OptionalMessage_ERROR) IP (DMA) : Parameter (Direction) has Id (USART2_RX) currently not set
2026-08-04 17:31:45,841 DEBUG [LineInfo_to_exitCode.log_LineInfo] 2026-08-04 17:31:45,840 [INFO] ImportTextPane:167 - (OptionalMessage_ERROR) IP (DMA) : Parameter (PeriphInc) has Id (USART2_RX) currently not set
2026-08-04 17:31:45,841 DEBUG [LineInfo_to_exitCode.log_LineInfo] 2026-08-04 17:31:45,840 [INFO] ImportTextPane:167 - (OptionalMessage_ERROR) IP (DMA) : Parameter (MemInc) has Id (USART2_RX) currently not set
2026-08-04 17:31:45,841 DEBUG [LineInfo_to_exitCode.log_LineInfo] 2026-08-04 17:31:45,841 [INFO] ImportTextPane:167 - (OptionalMessage_ERROR) IP (DMA) : Parameter (PeriphDataAlignment) has Id (USART2_RX) currently not set
2026-08-04 17:31:45,841 DEBUG [LineInfo_to_exitCode.log_LineInfo] 2026-08-04 17:31:45,841 [INFO] ImportTextPane:167 - (OptionalMessage_ERROR) IP (DMA) : Parameter (MemDataAlignment) has Id (USART2_RX) currently not set
2026-08-04 17:31:45,842 DEBUG [LineInfo_to_exitCode.log_LineInfo] 2026-08-04 17:31:45,841 [INFO] ImportTextPane:167 - (OptionalMessage_ERROR) IP (DMA) : Parameter (Mode) has Id (USART2_RX) currently not set
2026-08-04 17:31:45,842 DEBUG [LineInfo_to_exitCode.log_LineInfo] 2026-08-04 17:31:45,841 [INFO] ImportTextPane:167 - (OptionalMessage_ERROR) IP (DMA) : Parameter (Priority) has Id (USART2_RX) currently not set
2026-08-04 17:31:45,842 DEBUG [LineInfo_to_exitCode.log_LineInfo] 2026-08-04 17:31:45,842 [INFO] ImportTextPane:167 - (OptionalMessage_ERROR) IP (DMA) : Parameter (Instance) has Id (USART2_TX) currently not set
2026-08-04 17:31:45,842 DEBUG [LineInfo_to_exitCode.log_LineInfo] 2026-08-04 17:31:45,842 [INFO] ImportTextPane:167 - (OptionalMessage_ERROR) IP (DMA) : Parameter (Request) has Id (USART2_TX) currently not set
2026-08-04 17:31:45,842 DEBUG [LineInfo_to_exitCode.log_LineInfo] 2026-08-04 17:31:45,842 [INFO] ImportTextPane:167 - (OptionalMessage_ERROR) IP (DMA) : Parameter (Direction) has Id (USART2_TX) currently not set
2026-08-04 17:31:45,842 DEBUG [LineInfo_to_exitCode.log_LineInfo] 2026-08-04 17:31:45,842 [INFO] ImportTextPane:167 - (OptionalMessage_ERROR) IP (DMA) : Parameter (PeriphInc) has Id (USART2_TX) currently not set
2026-08-04 17:31:45,842 DEBUG [LineInfo_to_exitCode.log_LineInfo] 2026-08-04 17:31:45,842 [INFO] ImportTextPane:167 - (OptionalMessage_ERROR) IP (DMA) : Parameter (MemInc) has Id (USART2_TX) currently not set
2026-08-04 17:31:45,842 DEBUG [LineInfo_to_exitCode.log_LineInfo] 2026-08-04 17:31:45,842 [INFO] ImportTextPane:167 - (OptionalMessage_ERROR) IP (DMA) : Parameter (PeriphDataAlignment) has Id (USART2_TX) currently not set
2026-08-04 17:31:45,842 DEBUG [LineInfo_to_exitCode.log_LineInfo] 2026-08-04 17:31:45,842 [INFO] ImportTextPane:167 - (OptionalMessage_ERROR) IP (DMA) : Parameter (MemDataAlignment) has Id (USART2_TX) currently not set
2026-08-04 17:31:45,842 DEBUG [LineInfo_to_exitCode.log_LineInfo] 2026-08-04 17:31:45,842 [INFO] ImportTextPane:167 - (OptionalMessage_ERROR) IP (DMA) : Parameter (Mode) has Id (USART2_TX) currently not set
2026-08-04 17:31:45,843 DEBUG [LineInfo_to_exitCode.log_LineInfo] 2026-08-04 17:31:45,842 [INFO] ImportTextPane:167 - (OptionalMessage_ERROR) IP (DMA) : Parameter (Priority) has Id (USART2_TX) currently not set
2026-08-04 17:31:45,916 DEBUG [LineInfo_to_exitCode.log_LineInfo] 2026-08-04 17:31:45,916 [INFO] ImportTextPane:167 - (OptionalMessage_ERROR) IP (MotorControl) : Invalid parameter (ADC_AHBPERIPH)
2026-08-04 17:31:45,917 DEBUG [LineInfo_to_exitCode.log_LineInfo] 2026-08-04 17:31:45,916 [INFO] ImportTextPane:167 - (OptionalMessage_ERROR) IP (MotorControl) : Invalid parameter (BUS_VOLTAGE_READING)
2026-08-04 17:31:45,917 DEBUG [LineInfo_to_exitCode.log_LineInfo] 2026-08-04 17:31:45,917 [INFO] ImportTextPane:167 - (OptionalMessage_ERROR) IP (MotorControl) : Invalid parameter (CCMRAM_ENABLED)
2026-08-04 17:31:45,917 DEBUG [LineInfo_to_exitCode.log_LineInfo] 2026-08-04 17:31:45,917 [INFO] ImportTextPane:167 - (OptionalMessage_ERROR) IP (MotorControl) : Invalid parameter (CLOCK_FREQUENCY)
2026-08-04 17:31:45,917 DEBUG [LineInfo_to_exitCode.log_LineInfo] 2026-08-04 17:31:45,917 [INFO] ImportTextPane:167 - (OptionalMessage_ERROR) IP (MotorControl) : Invalid parameter (CLOCK_SOURCE)
2026-08-04 17:31:45,917 DEBUG [LineInfo_to_exitCode.log_LineInfo] 2026-08-04 17:31:45,917 [INFO] ImportTextPane:167 - (OptionalMessage_ERROR) IP (MotorControl) : Invalid parameter (CPU_CLK_170_MHZ)
2026-08-04 17:31:45,918 DEBUG [LineInfo_to_exitCode.log_LineInfo] 2026-08-04 17:31:45,918 [INFO] ImportTextPane:167 - (OptionalMessage_ERROR) IP (MotorControl) : Invalid parameter (CURR_SAMPLING_TIME)
2026-08-04 17:31:45,918 DEBUG [LineInfo_to_exitCode.log_LineInfo] 2026-08-04 17:31:45,918 [INFO] ImportTextPane:167 - (OptionalMessage_ERROR) IP (MotorControl) : Invalid parameter (CURRENT_READING_TOPOLOGY)
2026-08-04 17:31:45,918 DEBUG [LineInfo_to_exitCode.log_LineInfo] 2026-08-04 17:31:45,918 [INFO] ImportTextPane:167 - (OptionalMessage_ERROR) IP (MotorControl) : Invalid parameter (DRIVE_TYPE)
2026-08-04 17:31:45,918 DEBUG [LineInfo_to_exitCode.log_LineInfo] 2026-08-04 17:31:45,918 [INFO] ImportTextPane:167 - (OptionalMessage_ERROR) IP (MotorControl) : Invalid parameter (DRIVES_NUMBER_SELECTION)
2026-08-04 17:31:45,918 DEBUG [LineInfo_to_exitCode.log_LineInfo] 2026-08-04 17:31:45,918 [INFO] ImportTextPane:167 - (OptionalMessage_ERROR) IP (MotorControl) : Invalid parameter (ENCODER_AVAILABLE)
2026-08-04 17:31:45,918 DEBUG [LineInfo_to_exitCode.log_LineInfo] 2026-08-04 17:31:45,918 [INFO] ImportTextPane:167 - (OptionalMessage_ERROR) IP (MotorControl) : Invalid parameter (ENCODER_PPR)
2026-08-04 17:31:45,918 DEBUG [LineInfo_to_exitCode.log_LineInfo] 2026-08-04 17:31:45,918 [INFO] ImportTextPane:167 - (OptionalMessage_ERROR) IP (MotorControl) : Invalid parameter (EXT_CLK_8_MHZ)
2026-08-04 17:31:45,918 DEBUG [LineInfo_to_exitCode.log_LineInfo] 2026-08-04 17:31:45,918 [INFO] ImportTextPane:167 - (OptionalMessage_ERROR) IP (MotorControl) : Invalid parameter (EXT_CLOCK_FREQUENCY)
2026-08-04 17:31:45,919 DEBUG [LineInfo_to_exitCode.log_LineInfo] 2026-08-04 17:31:45,918 [INFO] ImportTextPane:167 - (OptionalMessage_ERROR) IP (MotorControl) : Invalid parameter (FEEDBACK_NET_FILTERING)
2026-08-04 17:31:45,919 DEBUG [LineInfo_to_exitCode.log_LineInfo] 2026-08-04 17:31:45,918 [INFO] ImportTextPane:167 - (OptionalMessage_ERROR) IP (MotorControl) : Invalid parameter (FLASH_SIZE)
2026-08-04 17:31:45,919 DEBUG [LineInfo_to_exitCode.log_LineInfo] 2026-08-04 17:31:45,919 [INFO] ImportTextPane:167 - (OptionalMessage_ERROR) IP (MotorControl) : Invalid parameter (HALL_SENSORS_AVAILABLE)
2026-08-04 17:31:45,919 DEBUG [LineInfo_to_exitCode.log_LineInfo] 2026-08-04 17:31:45,919 [INFO] ImportTextPane:167 - (OptionalMessage_ERROR) IP (MotorControl) : Invalid parameter (HW_COMPLEMENTED_LOW_SIDE)
2026-08-04 17:31:45,919 DEBUG [LineInfo_to_exitCode.log_LineInfo] 2026-08-04 17:31:45,919 [INFO] ImportTextPane:167 - (OptionalMessage_ERROR) IP (MotorControl) : Invalid parameter (HW_DEAD_TIME_NS)
2026-08-04 17:31:45,919 DEBUG [LineInfo_to_exitCode.log_LineInfo] 2026-08-04 17:31:45,919 [INFO] ImportTextPane:167 - (OptionalMessage_ERROR) IP (MotorControl) : Invalid parameter (HWV_CS)
2026-08-04 17:31:45,919 DEBUG [LineInfo_to_exitCode.log_LineInfo] 2026-08-04 17:31:45,919 [INFO] ImportTextPane:167 - (OptionalMessage_ERROR) IP (MotorControl) : Invalid parameter (HWV_OCP)
2026-08-04 17:31:45,919 DEBUG [LineInfo_to_exitCode.log_LineInfo] 2026-08-04 17:31:45,919 [INFO] ImportTextPane:167 - (OptionalMessage_ERROR) IP (MotorControl) : Invalid parameter (HWV_PWM)
2026-08-04 17:31:45,919 DEBUG [LineInfo_to_exitCode.log_LineInfo] 2026-08-04 17:31:45,919 [INFO] ImportTextPane:167 - (OptionalMessage_ERROR) IP (MotorControl) : Invalid parameter (IPs)
2026-08-04 17:31:45,919 DEBUG [LineInfo_to_exitCode.log_LineInfo] 2026-08-04 17:31:45,919 [INFO] ImportTextPane:167 - (OptionalMessage_ERROR) IP (MotorControl) : Invalid parameter (LOW_SIDE_SIGNALS_ENABLING)
2026-08-04 17:31:45,919 DEBUG [LineInfo_to_exitCode.log_LineInfo] 2026-08-04 17:31:45,919 [INFO] ImportTextPane:167 - (OptionalMessage_ERROR) IP (MotorControl) : Invalid parameter (M1_COMMUTATION_STEP_TIME_BUF_SIZE)
2026-08-04 17:31:45,919 DEBUG [LineInfo_to_exitCode.log_LineInfo] 2026-08-04 17:31:45,919 [INFO] ImportTextPane:167 - (OptionalMessage_ERROR) IP (MotorControl) : Invalid parameter (M1_CURRENT_AMPLIFICATION_TOPO)
2026-08-04 17:31:45,920 DEBUG [LineInfo_to_exitCode.log_LineInfo] 2026-08-04 17:31:45,919 [INFO] ImportTextPane:167 - (OptionalMessage_ERROR) IP (MotorControl) : Invalid parameter (M1_DC_CURRENT_RS_MEAS)
2026-08-04 17:31:45,920 DEBUG [LineInfo_to_exitCode.log_LineInfo] 2026-08-04 17:31:45,920 [INFO] ImportTextPane:167 - (OptionalMessage_ERROR) IP (MotorControl) : Invalid parameter (M1_HIGH_SIDE_IDLE_STATE)
2026-08-04 17:31:45,920 DEBUG [LineInfo_to_exitCode.log_LineInfo] 2026-08-04 17:31:45,920 [INFO] ImportTextPane:167 - (OptionalMessage_ERROR) IP (MotorControl) : Invalid parameter (M1_INT_AMP_OPAMP1_PIN)
2026-08-04 17:31:45,920 DEBUG [LineInfo_to_exitCode.log_LineInfo] 2026-08-04 17:31:45,920 [INFO] ImportTextPane:167 - (OptionalMessage_ERROR) IP (MotorControl) : Invalid parameter (M1_INT_AMP_OPAMP2_PIN)
2026-08-04 17:31:45,920 DEBUG [LineInfo_to_exitCode.log_LineInfo] 2026-08-04 17:31:45,920 [INFO] ImportTextPane:167 - (OptionalMessage_ERROR) IP (MotorControl) : Invalid parameter (M1_INT_AMP_OPAMP3_PIN)
2026-08-04 17:31:45,920 DEBUG [LineInfo_to_exitCode.log_LineInfo] 2026-08-04 17:31:45,920 [INFO] ImportTextPane:167 - (OptionalMessage_ERROR) IP (MotorControl) : Invalid parameter (M1_INT_AMP_OPAMPS)
2026-08-04 17:31:45,920 DEBUG [LineInfo_to_exitCode.log_LineInfo] 2026-08-04 17:31:45,920 [INFO] ImportTextPane:167 - (OptionalMessage_ERROR) IP (MotorControl) : Invalid parameter (M1_LOW_SIDE_IDLE_STATE)
2026-08-04 17:31:45,921 DEBUG [LineInfo_to_exitCode.log_LineInfo] 2026-08-04 17:31:45,920 [INFO] ImportTextPane:167 - (OptionalMessage_ERROR) IP (MotorControl) : Invalid parameter (M1_OCP_BKIN_FILTER)
2026-08-04 17:31:45,921 DEBUG [LineInfo_to_exitCode.log_LineInfo] 2026-08-04 17:31:45,920 [INFO] ImportTextPane:167 - (OptionalMessage_ERROR) IP (MotorControl) : Invalid parameter (M1_OCP_BKIN_MODE)
2026-08-04 17:31:45,921 DEBUG [LineInfo_to_exitCode.log_LineInfo] 2026-08-04 17:31:45,921 [INFO] ImportTextPane:167 - (OptionalMessage_ERROR) IP (MotorControl) : Invalid parameter (M1_OCP_BKIN_POLARITY)
2026-08-04 17:31:45,921 DEBUG [LineInfo_to_exitCode.log_LineInfo] 2026-08-04 17:31:45,921 [INFO] ImportTextPane:167 - (OptionalMessage_ERROR) IP (MotorControl) : Parameter (M1_PWM_CHARGE_BOOT_CAP_DUTY_CYCLES) has invalid value (0.000)
2026-08-04 17:31:45,922 DEBUG [LineInfo_to_exitCode.log_LineInfo] 2026-08-04 17:31:45,921 [INFO] ImportTextPane:167 - (OptionalMessage_ERROR) IP (MotorControl) : Invalid parameter (M1_PWM_TIMER_BRK_IRQ)
2026-08-04 17:31:45,922 DEBUG [LineInfo_to_exitCode.log_LineInfo] 2026-08-04 17:31:45,921 [INFO] ImportTextPane:167 - (OptionalMessage_ERROR) IP (MotorControl) : Invalid parameter (M1_PWM_TIMER_UP_IRQ)
2026-08-04 17:31:45,922 DEBUG [LineInfo_to_exitCode.log_LineInfo] 2026-08-04 17:31:45,922 [INFO] ImportTextPane:167 - (OptionalMessage_ERROR) IP (MotorControl) : Invalid parameter (M1_SPD_DIFFERENTIAL_TERM_ENABLING)
2026-08-04 17:31:45,922 DEBUG [LineInfo_to_exitCode.log_LineInfo] 2026-08-04 17:31:45,922 [INFO] ImportTextPane:167 - (OptionalMessage_ERROR) IP (MotorControl) : Invalid parameter (MAX_READABLE_CURRENT)
2026-08-04 17:31:45,923 DEBUG [LineInfo_to_exitCode.log_LineInfo] 2026-08-04 17:31:45,922 [INFO] ImportTextPane:167 - (OptionalMessage_ERROR) IP (MotorControl) : Invalid parameter (MC_WORKBENCH_VERSION)
2026-08-04 17:31:45,923 DEBUG [LineInfo_to_exitCode.log_LineInfo] 2026-08-04 17:31:45,923 [INFO] ImportTextPane:167 - (OptionalMessage_ERROR) IP (MotorControl) : Invalid parameter (MCU)
2026-08-04 17:31:45,923 DEBUG [LineInfo_to_exitCode.log_LineInfo] 2026-08-04 17:31:45,923 [INFO] ImportTextPane:167 - (OptionalMessage_ERROR) IP (MotorControl) : Invalid parameter (MCU_FAMILY)
2026-08-04 17:31:45,923 DEBUG [LineInfo_to_exitCode.log_LineInfo] 2026-08-04 17:31:45,923 [INFO] ImportTextPane:167 - (OptionalMessage_ERROR) IP (MotorControl) : Invalid parameter (MCU_LINE)
2026-08-04 17:31:45,923 DEBUG [LineInfo_to_exitCode.log_LineInfo] 2026-08-04 17:31:45,923 [INFO] ImportTextPane:167 - (OptionalMessage_ERROR) IP (MotorControl) : Invalid parameter (MCU_PACKAGE)
2026-08-04 17:31:45,923 DEBUG [LineInfo_to_exitCode.log_LineInfo] 2026-08-04 17:31:45,923 [INFO] ImportTextPane:167 - (OptionalMessage_ERROR) IP (MotorControl) : Invalid parameter (MCU_TYPE)
2026-08-04 17:31:45,923 DEBUG [LineInfo_to_exitCode.log_LineInfo] 2026-08-04 17:31:45,923 [INFO] ImportTextPane:167 - (OptionalMessage_ERROR) IP (MotorControl) : Invalid parameter (MCU_USERNAME)
2026-08-04 17:31:45,923 DEBUG [LineInfo_to_exitCode.log_LineInfo] 2026-08-04 17:31:45,923 [INFO] ImportTextPane:167 - (OptionalMessage_ERROR) IP (MotorControl) : Invalid parameter (MOTOR_TYPE)
2026-08-04 17:31:45,923 DEBUG [LineInfo_to_exitCode.log_LineInfo] 2026-08-04 17:31:45,923 [INFO] ImportTextPane:167 - (OptionalMessage_ERROR) IP (MotorControl) : Invalid parameter (OCP_FILTER)
2026-08-04 17:31:45,923 DEBUG [LineInfo_to_exitCode.log_LineInfo] 2026-08-04 17:31:45,923 [INFO] ImportTextPane:167 - (OptionalMessage_ERROR) IP (MotorControl) : Invalid parameter (OCP_INVERTINGINPUT)
2026-08-04 17:31:45,925 DEBUG [LineInfo_to_exitCode.log_LineInfo] 2026-08-04 17:31:45,923 [INFO] ImportTextPane:167 - (OptionalMessage_ERROR) IP (MotorControl) : Invalid parameter (OCPA_DAC_INTERNAL_PIN)
2026-08-04 17:31:45,925 DEBUG [LineInfo_to_exitCode.log_LineInfo] 2026-08-04 17:31:45,923 [INFO] ImportTextPane:167 - (OptionalMessage_ERROR) IP (MotorControl) : Invalid parameter (OCPA_INVERTINGINPUT)
2026-08-04 17:31:45,925 DEBUG [LineInfo_to_exitCode.log_LineInfo] 2026-08-04 17:31:45,923 [INFO] ImportTextPane:167 - (OptionalMessage_ERROR) IP (MotorControl) : Invalid parameter (OCPA_INVERTINGINPUT_DAC_OUT)
2026-08-04 17:31:45,925 DEBUG [LineInfo_to_exitCode.log_LineInfo] 2026-08-04 17:31:45,923 [INFO] ImportTextPane:167 - (OptionalMessage_ERROR) IP (MotorControl) : Invalid parameter (OCPA_INVERTINGINPUT_GPIO_PIN)
2026-08-04 17:31:45,925 DEBUG [LineInfo_to_exitCode.log_LineInfo] 2026-08-04 17:31:45,923 [INFO] ImportTextPane:167 - (OptionalMessage_ERROR) IP (MotorControl) : Invalid parameter (OCPA_INVERTINGINPUT_GPIO_PORT)
2026-08-04 17:31:45,925 DEBUG [LineInfo_to_exitCode.log_LineInfo] 2026-08-04 17:31:45,925 [INFO] ImportTextPane:167 - (OptionalMessage_ERROR) IP (MotorControl) : Invalid parameter (OCPA_NONINVERTINGINPUT)
2026-08-04 17:31:45,925 DEBUG [LineInfo_to_exitCode.log_LineInfo] 2026-08-04 17:31:45,925 [INFO] ImportTextPane:167 - (OptionalMessage_ERROR) IP (MotorControl) : Invalid parameter (OCPA_NONINVERTINGINPUT_GPIO_PIN)
2026-08-04 17:31:45,925 DEBUG [LineInfo_to_exitCode.log_LineInfo] 2026-08-04 17:31:45,925 [INFO] ImportTextPane:167 - (OptionalMessage_ERROR) IP (MotorControl) : Invalid parameter (OCPA_NONINVERTINGINPUT_GPIO_PORT)
2026-08-04 17:31:45,925 DEBUG [LineInfo_to_exitCode.log_LineInfo] 2026-08-04 17:31:45,925 [INFO] ImportTextPane:167 - (OptionalMessage_ERROR) IP (MotorControl) : Invalid parameter (OCPA_OUTPUT)
2026-08-04 17:31:45,926 DEBUG [LineInfo_to_exitCode.log_LineInfo] 2026-08-04 17:31:45,925 [INFO] ImportTextPane:167 - (OptionalMessage_ERROR) IP (MotorControl) : Invalid parameter (OCPA_OUTPUT_GPIO_PIN)
2026-08-04 17:31:45,926 DEBUG [LineInfo_to_exitCode.log_LineInfo] 2026-08-04 17:31:45,925 [INFO] ImportTextPane:167 - (OptionalMessage_ERROR) IP (MotorControl) : Invalid parameter (OCPA_OUTPUT_GPIO_PORT)
2026-08-04 17:31:45,926 DEBUG [LineInfo_to_exitCode.log_LineInfo] 2026-08-04 17:31:45,925 [INFO] ImportTextPane:167 - (OptionalMessage_ERROR) IP (MotorControl) : Invalid parameter (OCPA_OUTPUT_MODE)
2026-08-04 17:31:45,926 DEBUG [LineInfo_to_exitCode.log_LineInfo] 2026-08-04 17:31:45,925 [INFO] ImportTextPane:167 - (OptionalMessage_ERROR) IP (MotorControl) : Invalid parameter (OCPA_OUTPUTPOL)
2026-08-04 17:31:45,926 DEBUG [LineInfo_to_exitCode.log_LineInfo] 2026-08-04 17:31:45,925 [INFO] ImportTextPane:167 - (OptionalMessage_ERROR) IP (MotorControl) : Invalid parameter (OCPB_DAC_INTERNAL_PIN)
2026-08-04 17:31:45,926 DEBUG [LineInfo_to_exitCode.log_LineInfo] 2026-08-04 17:31:45,925 [INFO] ImportTextPane:167 - (OptionalMessage_ERROR) IP (MotorControl) : Invalid parameter (OCPB_INVERTINGINPUT)
2026-08-04 17:31:45,926 DEBUG [LineInfo_to_exitCode.log_LineInfo] 2026-08-04 17:31:45,925 [INFO] ImportTextPane:167 - (OptionalMessage_ERROR) IP (MotorControl) : Invalid parameter (OCPB_INVERTINGINPUT_DAC_OUT)
2026-08-04 17:31:45,926 DEBUG [LineInfo_to_exitCode.log_LineInfo] 2026-08-04 17:31:45,925 [INFO] ImportTextPane:167 - (OptionalMessage_ERROR) IP (MotorControl) : Invalid parameter (OCPB_INVERTINGINPUT_GPIO_PIN)
2026-08-04 17:31:45,926 DEBUG [LineInfo_to_exitCode.log_LineInfo] 2026-08-04 17:31:45,925 [INFO] ImportTextPane:167 - (OptionalMessage_ERROR) IP (MotorControl) : Invalid parameter (OCPB_INVERTINGINPUT_GPIO_PORT)
2026-08-04 17:31:45,926 DEBUG [LineInfo_to_exitCode.log_LineInfo] 2026-08-04 17:31:45,925 [INFO] ImportTextPane:167 - (OptionalMessage_ERROR) IP (MotorControl) : Invalid parameter (OCPB_NONINVERTINGINPUT)
2026-08-04 17:31:45,926 DEBUG [LineInfo_to_exitCode.log_LineInfo] 2026-08-04 17:31:45,925 [INFO] ImportTextPane:167 - (OptionalMessage_ERROR) IP (MotorControl) : Invalid parameter (OCPB_NONINVERTINGINPUT_GPIO_PIN)
2026-08-04 17:31:45,926 DEBUG [LineInfo_to_exitCode.log_LineInfo] 2026-08-04 17:31:45,925 [INFO] ImportTextPane:167 - (OptionalMessage_ERROR) IP (MotorControl) : Invalid parameter (OCPB_NONINVERTINGINPUT_GPIO_PORT)
2026-08-04 17:31:45,926 DEBUG [LineInfo_to_exitCode.log_LineInfo] 2026-08-04 17:31:45,926 [INFO] ImportTextPane:167 - (OptionalMessage_ERROR) IP (MotorControl) : Invalid parameter (OCPB_OUTPUT)
2026-08-04 17:31:45,926 DEBUG [LineInfo_to_exitCode.log_LineInfo] 2026-08-04 17:31:45,926 [INFO] ImportTextPane:167 - (OptionalMessage_ERROR) IP (MotorControl) : Invalid parameter (OCPB_OUTPUT_GPIO_PIN)
2026-08-04 17:31:45,927 DEBUG [LineInfo_to_exitCode.log_LineInfo] 2026-08-04 17:31:45,926 [INFO] ImportTextPane:167 - (OptionalMessage_ERROR) IP (MotorControl) : Invalid parameter (OCPB_OUTPUT_GPIO_PORT)
2026-08-04 17:31:45,927 DEBUG [LineInfo_to_exitCode.log_LineInfo] 2026-08-04 17:31:45,926 [INFO] ImportTextPane:167 - (OptionalMessage_ERROR) IP (MotorControl) : Invalid parameter (OCPB_OUTPUT_MODE)
2026-08-04 17:31:45,927 DEBUG [LineInfo_to_exitCode.log_LineInfo] 2026-08-04 17:31:45,926 [INFO] ImportTextPane:167 - (OptionalMessage_ERROR) IP (MotorControl) : Invalid parameter (OCPB_OUTPUTPOL)
2026-08-04 17:31:45,927 DEBUG [LineInfo_to_exitCode.log_LineInfo] 2026-08-04 17:31:45,926 [INFO] ImportTextPane:167 - (OptionalMessage_ERROR) IP (MotorControl) : Invalid parameter (OCPC_DAC_INTERNAL_PIN)
2026-08-04 17:31:45,927 DEBUG [LineInfo_to_exitCode.log_LineInfo] 2026-08-04 17:31:45,926 [INFO] ImportTextPane:167 - (OptionalMessage_ERROR) IP (MotorControl) : Invalid parameter (OCPC_INVERTINGINPUT)
2026-08-04 17:31:45,927 DEBUG [LineInfo_to_exitCode.log_LineInfo] 2026-08-04 17:31:45,926 [INFO] ImportTextPane:167 - (OptionalMessage_ERROR) IP (MotorControl) : Invalid parameter (OCPC_INVERTINGINPUT_DAC_OUT)
2026-08-04 17:31:45,927 DEBUG [LineInfo_to_exitCode.log_LineInfo] 2026-08-04 17:31:45,926 [INFO] ImportTextPane:167 - (OptionalMessage_ERROR) IP (MotorControl) : Invalid parameter (OCPC_INVERTINGINPUT_GPIO_PIN)
2026-08-04 17:31:45,927 DEBUG [LineInfo_to_exitCode.log_LineInfo] 2026-08-04 17:31:45,926 [INFO] ImportTextPane:167 - (OptionalMessage_ERROR) IP (MotorControl) : Invalid parameter (OCPC_INVERTINGINPUT_GPIO_PORT)
2026-08-04 17:31:45,927 DEBUG [LineInfo_to_exitCode.log_LineInfo] 2026-08-04 17:31:45,926 [INFO] ImportTextPane:167 - (OptionalMessage_ERROR) IP (MotorControl) : Invalid parameter (OCPC_NONINVERTINGINPUT)
2026-08-04 17:31:45,928 DEBUG [LineInfo_to_exitCode.log_LineInfo] 2026-08-04 17:31:45,926 [INFO] ImportTextPane:167 - (OptionalMessage_ERROR) IP (MotorControl) : Invalid parameter (OCPC_NONINVERTINGINPUT_GPIO_PIN)
2026-08-04 17:31:45,928 DEBUG [LineInfo_to_exitCode.log_LineInfo] 2026-08-04 17:31:45,926 [INFO] ImportTextPane:167 - (OptionalMessage_ERROR) IP (MotorControl) : Invalid parameter (OCPC_NONINVERTINGINPUT_GPIO_PORT)
2026-08-04 17:31:45,928 DEBUG [LineInfo_to_exitCode.log_LineInfo] 2026-08-04 17:31:45,926 [INFO] ImportTextPane:167 - (OptionalMessage_ERROR) IP (MotorControl) : Invalid parameter (OCPC_OUTPUT)
2026-08-04 17:31:45,928 DEBUG [LineInfo_to_exitCode.log_LineInfo] 2026-08-04 17:31:45,926 [INFO] ImportTextPane:167 - (OptionalMessage_ERROR) IP (MotorControl) : Invalid parameter (OCPC_OUTPUT_GPIO_PIN)
2026-08-04 17:31:45,928 DEBUG [LineInfo_to_exitCode.log_LineInfo] 2026-08-04 17:31:45,926 [INFO] ImportTextPane:167 - (OptionalMessage_ERROR) IP (MotorControl) : Invalid parameter (OCPC_OUTPUT_GPIO_PORT)
2026-08-04 17:31:45,928 DEBUG [LineInfo_to_exitCode.log_LineInfo] 2026-08-04 17:31:45,926 [INFO] ImportTextPane:167 - (OptionalMessage_ERROR) IP (MotorControl) : Invalid parameter (OCPC_OUTPUT_MODE)
2026-08-04 17:31:45,928 DEBUG [LineInfo_to_exitCode.log_LineInfo] 2026-08-04 17:31:45,926 [INFO] ImportTextPane:167 - (OptionalMessage_ERROR) IP (MotorControl) : Invalid parameter (OCPC_OUTPUTPOL)
2026-08-04 17:31:45,928 DEBUG [LineInfo_to_exitCode.log_LineInfo] 2026-08-04 17:31:45,926 [INFO] ImportTextPane:167 - (OptionalMessage_ERROR) IP (MotorControl) : Invalid parameter (ON_OVER_VOLTAGE)
2026-08-04 17:31:45,928 DEBUG [LineInfo_to_exitCode.log_LineInfo] 2026-08-04 17:31:45,927 [INFO] ImportTextPane:167 - (OptionalMessage_ERROR) IP (MotorControl) : Invalid parameter (OPAMP_PGAGAIN)
2026-08-04 17:31:45,928 DEBUG [LineInfo_to_exitCode.log_LineInfo] 2026-08-04 17:31:45,927 [INFO] ImportTextPane:167 - (OptionalMessage_ERROR) IP (MotorControl) : Invalid parameter (OPAMP_TYPE_GAIN)
2026-08-04 17:31:45,929 DEBUG [LineInfo_to_exitCode.log_LineInfo] 2026-08-04 17:31:45,927 [INFO] ImportTextPane:167 - (OptionalMessage_ERROR) IP (MotorControl) : Invalid parameter (OPAMP1_INVERTINGINPUT)
2026-08-04 17:31:45,929 DEBUG [LineInfo_to_exitCode.log_LineInfo] 2026-08-04 17:31:45,927 [INFO] ImportTextPane:167 - (OptionalMessage_ERROR) IP (MotorControl) : Invalid parameter (OPAMP1_INVERTINGINPUT_GPIO_PIN)
2026-08-04 17:31:45,929 DEBUG [LineInfo_to_exitCode.log_LineInfo] 2026-08-04 17:31:45,927 [INFO] ImportTextPane:167 - (OptionalMessage_ERROR) IP (MotorControl) : Invalid parameter (OPAMP1_INVERTINGINPUT_GPIO_PORT)
2026-08-04 17:31:45,929 DEBUG [LineInfo_to_exitCode.log_LineInfo] 2026-08-04 17:31:45,927 [INFO] ImportTextPane:167 - (OptionalMessage_ERROR) IP (MotorControl) : Invalid parameter (OPAMP1_INVERTINGINPUT_MODE)
2026-08-04 17:31:45,929 DEBUG [LineInfo_to_exitCode.log_LineInfo] 2026-08-04 17:31:45,927 [INFO] ImportTextPane:167 - (OptionalMessage_ERROR) IP (MotorControl) : Invalid parameter (OPAMP1_NONINVERTINGINPUT_PHA_GPIO_PIN)
2026-08-04 17:31:45,929 DEBUG [LineInfo_to_exitCode.log_LineInfo] 2026-08-04 17:31:45,927 [INFO] ImportTextPane:167 - (OptionalMessage_ERROR) IP (MotorControl) : Invalid parameter (OPAMP1_NONINVERTINGINPUT_PHA_GPIO_PORT)
2026-08-04 17:31:45,929 DEBUG [LineInfo_to_exitCode.log_LineInfo] 2026-08-04 17:31:45,927 [INFO] ImportTextPane:167 - (OptionalMessage_ERROR) IP (MotorControl) : Invalid parameter (OPAMP1_OUT_GPIO_PIN)
2026-08-04 17:31:45,929 DEBUG [LineInfo_to_exitCode.log_LineInfo] 2026-08-04 17:31:45,927 [INFO] ImportTextPane:167 - (OptionalMessage_ERROR) IP (MotorControl) : Invalid parameter (OPAMP1_OUT_GPIO_PORT)
2026-08-04 17:31:45,929 DEBUG [LineInfo_to_exitCode.log_LineInfo] 2026-08-04 17:31:45,928 [INFO] ImportTextPane:167 - (OptionalMessage_ERROR) IP (MotorControl) : Invalid parameter (OPAMP2_INVERTINGINPUT)
2026-08-04 17:31:45,929 DEBUG [LineInfo_to_exitCode.log_LineInfo] 2026-08-04 17:31:45,928 [INFO] ImportTextPane:167 - (OptionalMessage_ERROR) IP (MotorControl) : Invalid parameter (OPAMP2_INVERTINGINPUT_GPIO_PIN)
2026-08-04 17:31:45,930 DEBUG [LineInfo_to_exitCode.log_LineInfo] 2026-08-04 17:31:45,928 [INFO] ImportTextPane:167 - (OptionalMessage_ERROR) IP (MotorControl) : Invalid parameter (OPAMP2_INVERTINGINPUT_GPIO_PORT)
2026-08-04 17:31:45,930 DEBUG [LineInfo_to_exitCode.log_LineInfo] 2026-08-04 17:31:45,928 [INFO] ImportTextPane:167 - (OptionalMessage_ERROR) IP (MotorControl) : Invalid parameter (OPAMP2_INVERTINGINPUT_MODE)
2026-08-04 17:31:45,930 DEBUG [LineInfo_to_exitCode.log_LineInfo] 2026-08-04 17:31:45,928 [INFO] ImportTextPane:167 - (OptionalMessage_ERROR) IP (MotorControl) : Invalid parameter (OPAMP2_NONINVERTINGINPUT_PHB_GPIO_PIN)
2026-08-04 17:31:45,930 DEBUG [LineInfo_to_exitCode.log_LineInfo] 2026-08-04 17:31:45,928 [INFO] ImportTextPane:167 - (OptionalMessage_ERROR) IP (MotorControl) : Invalid parameter (OPAMP2_NONINVERTINGINPUT_PHB_GPIO_PORT)
2026-08-04 17:31:45,930 DEBUG [LineInfo_to_exitCode.log_LineInfo] 2026-08-04 17:31:45,928 [INFO] ImportTextPane:167 - (OptionalMessage_ERROR) IP (MotorControl) : Invalid parameter (OPAMP2_OUT_GPIO_PIN)
2026-08-04 17:31:45,930 DEBUG [LineInfo_to_exitCode.log_LineInfo] 2026-08-04 17:31:45,928 [INFO] ImportTextPane:167 - (OptionalMessage_ERROR) IP (MotorControl) : Invalid parameter (OPAMP2_OUT_GPIO_PORT)
2026-08-04 17:31:45,930 DEBUG [LineInfo_to_exitCode.log_LineInfo] 2026-08-04 17:31:45,928 [INFO] ImportTextPane:167 - (OptionalMessage_ERROR) IP (MotorControl) : Invalid parameter (OPAMP3_INVERTINGINPUT)
2026-08-04 17:31:45,930 DEBUG [LineInfo_to_exitCode.log_LineInfo] 2026-08-04 17:31:45,928 [INFO] ImportTextPane:167 - (OptionalMessage_ERROR) IP (MotorControl) : Invalid parameter (OPAMP3_INVERTINGINPUT_GPIO_PIN)
2026-08-04 17:31:45,930 DEBUG [LineInfo_to_exitCode.log_LineInfo] 2026-08-04 17:31:45,929 [INFO] ImportTextPane:167 - (OptionalMessage_ERROR) IP (MotorControl) : Invalid parameter (OPAMP3_INVERTINGINPUT_GPIO_PORT)
2026-08-04 17:31:45,931 DEBUG [LineInfo_to_exitCode.log_LineInfo] 2026-08-04 17:31:45,929 [INFO] ImportTextPane:167 - (OptionalMessage_ERROR) IP (MotorControl) : Invalid parameter (OPAMP3_INVERTINGINPUT_MODE)
2026-08-04 17:31:45,931 DEBUG [LineInfo_to_exitCode.log_LineInfo] 2026-08-04 17:31:45,929 [INFO] ImportTextPane:167 - (OptionalMessage_ERROR) IP (MotorControl) : Invalid parameter (OPAMP3_NONINVERTINGINPUT_PHC)
2026-08-04 17:31:45,931 DEBUG [LineInfo_to_exitCode.log_LineInfo] 2026-08-04 17:31:45,929 [INFO] ImportTextPane:167 - (OptionalMessage_ERROR) IP (MotorControl) : Invalid parameter (OPAMP3_NONINVERTINGINPUT_PHC_GPIO_PIN)
2026-08-04 17:31:45,931 DEBUG [LineInfo_to_exitCode.log_LineInfo] 2026-08-04 17:31:45,929 [INFO] ImportTextPane:167 - (OptionalMessage_ERROR) IP (MotorControl) : Invalid parameter (OPAMP3_NONINVERTINGINPUT_PHC_GPIO_PORT)
2026-08-04 17:31:45,931 DEBUG [LineInfo_to_exitCode.log_LineInfo] 2026-08-04 17:31:45,929 [INFO] ImportTextPane:167 - (OptionalMessage_ERROR) IP (MotorControl) : Invalid parameter (OPAMP3_OUT_GPIO_PIN)
2026-08-04 17:31:45,931 DEBUG [LineInfo_to_exitCode.log_LineInfo] 2026-08-04 17:31:45,929 [INFO] ImportTextPane:167 - (OptionalMessage_ERROR) IP (MotorControl) : Invalid parameter (OPAMP3_OUT_GPIO_PORT)
2026-08-04 17:31:45,931 DEBUG [LineInfo_to_exitCode.log_LineInfo] 2026-08-04 17:31:45,929 [INFO] ImportTextPane:167 - (OptionalMessage_ERROR) IP (MotorControl) : Invalid parameter (OPAMP3_SELECTION)
2026-08-04 17:31:45,932 DEBUG [LineInfo_to_exitCode.log_LineInfo] 2026-08-04 17:31:45,929 [INFO] ImportTextPane:167 - (OptionalMessage_ERROR) IP (MotorControl) : Invalid parameter (OV_TEMPERATURE_PROT_ENABLING)
2026-08-04 17:31:45,932 DEBUG [LineInfo_to_exitCode.log_LineInfo] 2026-08-04 17:31:45,929 [INFO] ImportTextPane:167 - (OptionalMessage_ERROR) IP (MotorControl) : Invalid parameter (OV_VOLTAGE_PROT_ENABLING)
2026-08-04 17:31:45,932 DEBUG [LineInfo_to_exitCode.log_LineInfo] 2026-08-04 17:31:45,929 [INFO] ImportTextPane:167 - (OptionalMessage_ERROR) IP (MotorControl) : Invalid parameter (PHASE_U_CURR_ADC)
2026-08-04 17:31:45,932 DEBUG [LineInfo_to_exitCode.log_LineInfo] 2026-08-04 17:31:45,930 [INFO] ImportTextPane:167 - (OptionalMessage_ERROR) IP (MotorControl) : Invalid parameter (PHASE_U_GPIO_PIN)
2026-08-04 17:31:45,932 DEBUG [LineInfo_to_exitCode.log_LineInfo] 2026-08-04 17:31:45,930 [INFO] ImportTextPane:167 - (OptionalMessage_ERROR) IP (MotorControl) : Invalid parameter (PHASE_U_GPIO_PORT)
2026-08-04 17:31:45,932 DEBUG [LineInfo_to_exitCode.log_LineInfo] 2026-08-04 17:31:45,930 [INFO] ImportTextPane:167 - (OptionalMessage_ERROR) IP (MotorControl) : Invalid parameter (PHASE_U_PWM_CHANNEL)
2026-08-04 17:31:45,932 DEBUG [LineInfo_to_exitCode.log_LineInfo] 2026-08-04 17:31:45,930 [INFO] ImportTextPane:167 - (OptionalMessage_ERROR) IP (MotorControl) : Invalid parameter (PHASE_UH_GPIO_PIN)
2026-08-04 17:31:45,933 DEBUG [LineInfo_to_exitCode.log_LineInfo] 2026-08-04 17:31:45,930 [INFO] ImportTextPane:167 - (OptionalMessage_ERROR) IP (MotorControl) : Invalid parameter (PHASE_UH_GPIO_PORT)
2026-08-04 17:31:45,933 DEBUG [LineInfo_to_exitCode.log_LineInfo] 2026-08-04 17:31:45,930 [INFO] ImportTextPane:167 - (OptionalMessage_ERROR) IP (MotorControl) : Invalid parameter (PHASE_UL_GPIO_PIN)
2026-08-04 17:31:45,933 DEBUG [LineInfo_to_exitCode.log_LineInfo] 2026-08-04 17:31:45,930 [INFO] ImportTextPane:167 - (OptionalMessage_ERROR) IP (MotorControl) : Invalid parameter (PHASE_UL_GPIO_PORT)
2026-08-04 17:31:45,933 DEBUG [LineInfo_to_exitCode.log_LineInfo] 2026-08-04 17:31:45,931 [INFO] ImportTextPane:167 - (OptionalMessage_ERROR) IP (MotorControl) : Parameter (PHASE_UL_POLARITY) has invalid value (L_ACTIVE_HIGH)
2026-08-04 17:31:45,933 DEBUG [LineInfo_to_exitCode.log_LineInfo] 2026-08-04 17:31:45,931 [INFO] ImportTextPane:167 - (OptionalMessage_ERROR) IP (MotorControl) : Invalid parameter (PHASE_V_CURR_ADC)
2026-08-04 17:31:45,933 DEBUG [LineInfo_to_exitCode.log_LineInfo] 2026-08-04 17:31:45,931 [INFO] ImportTextPane:167 - (OptionalMessage_ERROR) IP (MotorControl) : Invalid parameter (PHASE_V_GPIO_PIN)
2026-08-04 17:31:45,933 DEBUG [LineInfo_to_exitCode.log_LineInfo] 2026-08-04 17:31:45,931 [INFO] ImportTextPane:167 - (OptionalMessage_ERROR) IP (MotorControl) : Invalid parameter (PHASE_V_GPIO_PORT)
2026-08-04 17:31:45,933 DEBUG [LineInfo_to_exitCode.log_LineInfo] 2026-08-04 17:31:45,931 [INFO] ImportTextPane:167 - (OptionalMessage_ERROR) IP (MotorControl) : Invalid parameter (PHASE_V_PWM_CHANNEL)
2026-08-04 17:31:45,934 DEBUG [LineInfo_to_exitCode.log_LineInfo] 2026-08-04 17:31:45,931 [INFO] ImportTextPane:167 - (OptionalMessage_ERROR) IP (MotorControl) : Invalid parameter (PHASE_VH_GPIO_PIN)
2026-08-04 17:31:45,934 DEBUG [LineInfo_to_exitCode.log_LineInfo] 2026-08-04 17:31:45,932 [INFO] ImportTextPane:167 - (OptionalMessage_ERROR) IP (MotorControl) : Invalid parameter (PHASE_VH_GPIO_PORT)
2026-08-04 17:31:45,934 DEBUG [LineInfo_to_exitCode.log_LineInfo] 2026-08-04 17:31:45,932 [INFO] ImportTextPane:167 - (OptionalMessage_ERROR) IP (MotorControl) : Invalid parameter (PHASE_VL_GPIO_PIN)
2026-08-04 17:31:45,934 DEBUG [LineInfo_to_exitCode.log_LineInfo] 2026-08-04 17:31:45,932 [INFO] ImportTextPane:167 - (OptionalMessage_ERROR) IP (MotorControl) : Invalid parameter (PHASE_VL_GPIO_PORT)
2026-08-04 17:31:45,934 DEBUG [LineInfo_to_exitCode.log_LineInfo] 2026-08-04 17:31:45,932 [INFO] ImportTextPane:167 - (OptionalMessage_ERROR) IP (MotorControl) : Parameter (PHASE_VL_POLARITY) has invalid value (L_ACTIVE_HIGH)
2026-08-04 17:31:45,934 DEBUG [LineInfo_to_exitCode.log_LineInfo] 2026-08-04 17:31:45,932 [INFO] ImportTextPane:167 - (OptionalMessage_ERROR) IP (MotorControl) : Invalid parameter (PHASE_W_CURR_ADC)
2026-08-04 17:31:45,934 DEBUG [LineInfo_to_exitCode.log_LineInfo] 2026-08-04 17:31:45,932 [INFO] ImportTextPane:167 - (OptionalMessage_ERROR) IP (MotorControl) : Invalid parameter (PHASE_W_GPIO_PIN)
2026-08-04 17:31:45,935 DEBUG [LineInfo_to_exitCode.log_LineInfo] 2026-08-04 17:31:45,932 [INFO] ImportTextPane:167 - (OptionalMessage_ERROR) IP (MotorControl) : Invalid parameter (PHASE_W_GPIO_PORT)
2026-08-04 17:31:45,935 DEBUG [LineInfo_to_exitCode.log_LineInfo] 2026-08-04 17:31:45,933 [INFO] ImportTextPane:167 - (OptionalMessage_ERROR) IP (MotorControl) : Invalid parameter (PHASE_W_PWM_CHANNEL)
2026-08-04 17:31:45,935 DEBUG [LineInfo_to_exitCode.log_LineInfo] 2026-08-04 17:31:45,933 [INFO] ImportTextPane:167 - (OptionalMessage_ERROR) IP (MotorControl) : Invalid parameter (PHASE_W_S_CURR_ADC)
2026-08-04 17:31:45,935 DEBUG [LineInfo_to_exitCode.log_LineInfo] 2026-08-04 17:31:45,933 [INFO] ImportTextPane:167 - (OptionalMessage_ERROR) IP (MotorControl) : Invalid parameter (PHASE_W_S_CURR_CHANNEL)
2026-08-04 17:31:45,935 DEBUG [LineInfo_to_exitCode.log_LineInfo] 2026-08-04 17:31:45,933 [INFO] ImportTextPane:167 - (OptionalMessage_ERROR) IP (MotorControl) : Invalid parameter (PHASE_W_S_GPIO_PIN)
2026-08-04 17:31:45,935 DEBUG [LineInfo_to_exitCode.log_LineInfo] 2026-08-04 17:31:45,933 [INFO] ImportTextPane:167 - (OptionalMessage_ERROR) IP (MotorControl) : Invalid parameter (PHASE_W_S_GPIO_PORT)
2026-08-04 17:31:45,935 DEBUG [LineInfo_to_exitCode.log_LineInfo] 2026-08-04 17:31:45,933 [INFO] ImportTextPane:167 - (OptionalMessage_ERROR) IP (MotorControl) : Invalid parameter (PHASE_WH_GPIO_PIN)
2026-08-04 17:31:45,935 DEBUG [LineInfo_to_exitCode.log_LineInfo] 2026-08-04 17:31:45,933 [INFO] ImportTextPane:167 - (OptionalMessage_ERROR) IP (MotorControl) : Invalid parameter (PHASE_WH_GPIO_PORT)
2026-08-04 17:31:45,935 DEBUG [LineInfo_to_exitCode.log_LineInfo] 2026-08-04 17:31:45,933 [INFO] ImportTextPane:167 - (OptionalMessage_ERROR) IP (MotorControl) : Invalid parameter (PHASE_WL_GPIO_PIN)
2026-08-04 17:31:45,935 DEBUG [LineInfo_to_exitCode.log_LineInfo] 2026-08-04 17:31:45,934 [INFO] ImportTextPane:167 - (OptionalMessage_ERROR) IP (MotorControl) : Invalid parameter (PHASE_WL_GPIO_PORT)
2026-08-04 17:31:45,935 DEBUG [LineInfo_to_exitCode.log_LineInfo] 2026-08-04 17:31:45,934 [INFO] ImportTextPane:167 - (OptionalMessage_ERROR) IP (MotorControl) : Parameter (PHASE_WL_POLARITY) has invalid value (L_ACTIVE_HIGH)
2026-08-04 17:31:45,936 DEBUG [LineInfo_to_exitCode.log_LineInfo] 2026-08-04 17:31:45,934 [INFO] ImportTextPane:167 - (OptionalMessage_ERROR) IP (MotorControl) : Invalid parameter (POTENTIOMETER_READING)
2026-08-04 17:31:45,936 DEBUG [LineInfo_to_exitCode.log_LineInfo] 2026-08-04 17:31:45,934 [INFO] ImportTextPane:167 - (OptionalMessage_ERROR) IP (MotorControl) : Invalid parameter (PWM_FREQUENCY)
2026-08-04 17:31:45,936 DEBUG [LineInfo_to_exitCode.log_LineInfo] 2026-08-04 17:31:45,934 [INFO] ImportTextPane:167 - (OptionalMessage_ERROR) IP (MotorControl) : Invalid parameter (PWM_TIMER_SELECTION)
2026-08-04 17:31:45,936 DEBUG [LineInfo_to_exitCode.log_LineInfo] 2026-08-04 17:31:45,934 [INFO] ImportTextPane:167 - (OptionalMessage_ERROR) IP (MotorControl) : Invalid parameter (R_BRAKE_SWITCH_OFF_THRES_V)
2026-08-04 17:31:45,936 DEBUG [LineInfo_to_exitCode.log_LineInfo] 2026-08-04 17:31:45,934 [INFO] ImportTextPane:167 - (OptionalMessage_ERROR) IP (MotorControl) : Invalid parameter (REGULATION_EXECUTION_RATE)
2026-08-04 17:31:45,936 DEBUG [LineInfo_to_exitCode.log_LineInfo] 2026-08-04 17:31:45,934 [INFO] ImportTextPane:167 - (OptionalMessage_ERROR) IP (MotorControl) : Invalid parameter (SINGLEDRIVE)
2026-08-04 17:31:45,936 DEBUG [LineInfo_to_exitCode.log_LineInfo] 2026-08-04 17:31:45,934 [INFO] ImportTextPane:167 - (OptionalMessage_ERROR) IP (MotorControl) : Invalid parameter (SPD_DIFFERENTIAL_TERM_ENABLING)
2026-08-04 17:31:45,936 DEBUG [LineInfo_to_exitCode.log_LineInfo] 2026-08-04 17:31:45,935 [INFO] ImportTextPane:167 - (OptionalMessage_ERROR) IP (MotorControl) : Invalid parameter (SPEED_SENSOR_SELECTION)
2026-08-04 17:31:45,936 DEBUG [LineInfo_to_exitCode.log_LineInfo] 2026-08-04 17:31:45,935 [INFO] ImportTextPane:167 - (OptionalMessage_ERROR) IP (MotorControl) : Invalid parameter (START_STOP_GPIO_IRQ)
2026-08-04 17:31:45,937 DEBUG [LineInfo_to_exitCode.log_LineInfo] 2026-08-04 17:31:45,935 [INFO] ImportTextPane:167 - (OptionalMessage_ERROR) IP (MotorControl) : Invalid parameter (START_STOP_POLARITY)
2026-08-04 17:31:45,937 DEBUG [LineInfo_to_exitCode.log_LineInfo] 2026-08-04 17:31:45,935 [INFO] ImportTextPane:167 - (OptionalMessage_ERROR) IP (MotorControl) : Invalid parameter (START_STOP_POLARITY_EDGE)
2026-08-04 17:31:45,937 DEBUG [LineInfo_to_exitCode.log_LineInfo] 2026-08-04 17:31:45,935 [INFO] ImportTextPane:167 - (OptionalMessage_ERROR) IP (MotorControl) : Invalid parameter (STATE_OBSERVER_PLL)
2026-08-04 17:31:45,937 DEBUG [LineInfo_to_exitCode.log_LineInfo] 2026-08-04 17:31:45,935 [INFO] ImportTextPane:167 - (OptionalMessage_ERROR) IP (MotorControl) : Invalid parameter (STM32G431CB)
2026-08-04 17:31:45,937 DEBUG [LineInfo_to_exitCode.log_LineInfo] 2026-08-04 17:31:45,935 [INFO] ImportTextPane:167 - (OptionalMessage_ERROR) IP (MotorControl) : Invalid parameter (SW_DEADTIME_NS)
2026-08-04 17:31:45,937 DEBUG [LineInfo_to_exitCode.log_LineInfo] 2026-08-04 17:31:45,935 [INFO] ImportTextPane:167 - (OptionalMessage_ERROR) IP (MotorControl) : Invalid parameter (TEMP_ADC_SAMPLING_TIME)
2026-08-04 17:31:45,937 DEBUG [LineInfo_to_exitCode.log_LineInfo] 2026-08-04 17:31:45,935 [INFO] ImportTextPane:167 - (OptionalMessage_ERROR) IP (MotorControl) : Invalid parameter (TEMP_FDBK_ADC)
2026-08-04 17:31:45,937 DEBUG [LineInfo_to_exitCode.log_LineInfo] 2026-08-04 17:31:45,935 [INFO] ImportTextPane:167 - (OptionalMessage_ERROR) IP (MotorControl) : Invalid parameter (TEMP_FDBK_CHANNEL)
2026-08-04 17:31:45,937 DEBUG [LineInfo_to_exitCode.log_LineInfo] 2026-08-04 17:31:45,935 [INFO] ImportTextPane:167 - (OptionalMessage_ERROR) IP (MotorControl) : Invalid parameter (TEMP_FDBK_GPIO_PIN)
2026-08-04 17:31:45,937 DEBUG [LineInfo_to_exitCode.log_LineInfo] 2026-08-04 17:31:45,936 [INFO] ImportTextPane:167 - (OptionalMessage_ERROR) IP (MotorControl) : Invalid parameter (TEMP_FDBK_GPIO_PORT)
2026-08-04 17:31:45,937 DEBUG [LineInfo_to_exitCode.log_LineInfo] 2026-08-04 17:31:45,936 [INFO] ImportTextPane:167 - (OptionalMessage_ERROR) IP (MotorControl) : Invalid parameter (TEMPERATURE_READING)
2026-08-04 17:31:45,938 DEBUG [LineInfo_to_exitCode.log_LineInfo] 2026-08-04 17:31:45,936 [INFO] ImportTextPane:167 - (OptionalMessage_ERROR) IP (MotorControl) : Invalid parameter (TFDIFFERENTIAL_TERM_ENABLING)
2026-08-04 17:31:45,938 DEBUG [LineInfo_to_exitCode.log_LineInfo] 2026-08-04 17:31:45,936 [INFO] ImportTextPane:167 - (OptionalMessage_ERROR) IP (MotorControl) : Invalid parameter (TRISE_NS)
2026-08-04 17:31:45,938 DEBUG [LineInfo_to_exitCode.log_LineInfo] 2026-08-04 17:31:45,936 [INFO] ImportTextPane:167 - (OptionalMessage_ERROR) IP (MotorControl) : Invalid parameter (USART_RX_GPIO_PIN)
2026-08-04 17:31:45,938 DEBUG [LineInfo_to_exitCode.log_LineInfo] 2026-08-04 17:31:45,936 [INFO] ImportTextPane:167 - (OptionalMessage_ERROR) IP (MotorControl) : Invalid parameter (USART_RX_GPIO_PORT)
2026-08-04 17:31:45,938 DEBUG [LineInfo_to_exitCode.log_LineInfo] 2026-08-04 17:31:45,936 [INFO] ImportTextPane:167 - (OptionalMessage_ERROR) IP (MotorControl) : Invalid parameter (USART_SELECTION)
2026-08-04 17:31:45,938 DEBUG [LineInfo_to_exitCode.log_LineInfo] 2026-08-04 17:31:45,936 [INFO] ImportTextPane:167 - (OptionalMessage_ERROR) IP (MotorControl) : Invalid parameter (USART_SPEED)
2026-08-04 17:31:45,938 DEBUG [LineInfo_to_exitCode.log_LineInfo] 2026-08-04 17:31:45,936 [INFO] ImportTextPane:167 - (OptionalMessage_ERROR) IP (MotorControl) : Invalid parameter (USART_TX_GPIO_PIN)
2026-08-04 17:31:45,938 DEBUG [LineInfo_to_exitCode.log_LineInfo] 2026-08-04 17:31:45,936 [INFO] ImportTextPane:167 - (OptionalMessage_ERROR) IP (MotorControl) : Invalid parameter (USART_TX_GPIO_PORT)
2026-08-04 17:31:45,938 DEBUG [LineInfo_to_exitCode.log_LineInfo] 2026-08-04 17:31:45,936 [INFO] ImportTextPane:167 - (OptionalMessage_ERROR) IP (MotorControl) : Invalid parameter (USE_3OPAMPS)
2026-08-04 17:31:45,938 DEBUG [LineInfo_to_exitCode.log_LineInfo] 2026-08-04 17:31:45,936 [INFO] ImportTextPane:167 - (OptionalMessage_ERROR) IP (MotorControl) : Invalid parameter (USE_INTERNAL_OPAMP)
2026-08-04 17:31:45,938 DEBUG [LineInfo_to_exitCode.log_LineInfo] 2026-08-04 17:31:45,936 [INFO] ImportTextPane:167 - (OptionalMessage_ERROR) IP (MotorControl) : Invalid parameter (UV_VOLTAGE_PROT_ENABLING)
2026-08-04 17:31:45,939 DEBUG [LineInfo_to_exitCode.log_LineInfo] 2026-08-04 17:31:45,936 [INFO] ImportTextPane:167 - (OptionalMessage_ERROR) IP (MotorControl) : Invalid parameter (VBUS_ADC)
2026-08-04 17:31:45,939 DEBUG [LineInfo_to_exitCode.log_LineInfo] 2026-08-04 17:31:45,937 [INFO] ImportTextPane:167 - (OptionalMessage_ERROR) IP (MotorControl) : Invalid parameter (VBUS_ADC_SAMPLING_TIME)
2026-08-04 17:31:45,939 DEBUG [LineInfo_to_exitCode.log_LineInfo] 2026-08-04 17:31:45,937 [INFO] ImportTextPane:167 - (OptionalMessage_ERROR) IP (MotorControl) : Invalid parameter (VBUS_CHANNEL)
2026-08-04 17:31:45,939 DEBUG [LineInfo_to_exitCode.log_LineInfo] 2026-08-04 17:31:45,937 [INFO] ImportTextPane:167 - (OptionalMessage_ERROR) IP (MotorControl) : Invalid parameter (VBUS_GPIO_PIN)
2026-08-04 17:31:45,939 DEBUG [LineInfo_to_exitCode.log_LineInfo] 2026-08-04 17:31:45,937 [INFO] ImportTextPane:167 - (OptionalMessage_ERROR) IP (MotorControl) : Invalid parameter (VBUS_GPIO_PORT)
2026-08-04 17:31:45,939 DEBUG [LineInfo_to_exitCode.log_LineInfo] 2026-08-04 17:31:45,937 [INFO] ImportTextPane:167 - (OptionalMessage_ERROR) IP (MotorControl) : Invalid parameter (WB_MX_HEAPSIZE)
2026-08-04 17:31:45,939 DEBUG [LineInfo_to_exitCode.log_LineInfo] 2026-08-04 17:31:45,937 [INFO] ImportTextPane:167 - (OptionalMessage_ERROR) IP (MotorControl) : Invalid parameter (WB_MX_STACKSIZE)
2026-08-04 17:31:45,939 DEBUG [LineInfo_to_exitCode.log_LineInfo] 2026-08-04 17:31:45,937 [INFO] ImportTextPane:167 - (OptionalMessage_ERROR) IP (MotorControl) : Invalid parameter (WB_MX_TRUSTZONE_AVAILABLE)
2026-08-04 17:31:45,939 DEBUG [LineInfo_to_exitCode.log_LineInfo] 2026-08-04 17:31:45,937 [INFO] ImportTextPane:167 - (OptionalMessage_ERROR) IP (MotorControl) : Invalid parameter (WB_to_Mx_template_version)
2026-08-04 17:31:45,939 DEBUG [LineInfo_to_exitCode.log_LineInfo] 2026-08-04 17:31:45,937 [INFO] ImportTextPane:167 - (OptionalMessage_ERROR) IP (MotorControl) : Invalid parameter (WB_to_Mx_version)
2026-08-04 17:31:45,939 DEBUG [LineInfo_to_exitCode.log_LineInfo] 2026-08-04 17:31:45,938 [INFO] ImportTextPane:167 - (OptionalMessage_ERROR) IP (MotorControl) : Invalid parameter (WB_UI_CUTOFF_FREQUENCY)
2026-08-04 17:31:45,940 DEBUG [LineInfo_to_exitCode.log_LineInfo] 2026-08-04 17:31:45,938 [INFO] ImportTextPane:167 - (OptionalMessage_ERROR) IP (MotorControl) : Invalid parameter (WB_UI_ENCODER_HAS_INDEX_PIN)
2026-08-04 17:31:45,940 DEBUG [LineInfo_to_exitCode.log_LineInfo] 2026-08-04 17:31:45,938 [INFO] ImportTextPane:167 - (OptionalMessage_ERROR) IP (MotorControl) : Invalid parameter (WB_UI_FLUX_TARGET)
2026-08-04 17:31:45,940 DEBUG [LineInfo_to_exitCode.log_LineInfo] 2026-08-04 17:31:45,938 [INFO] ImportTextPane:167 - (OptionalMessage_ERROR) IP (MotorControl) : Invalid parameter (WB_UI_FRICTION)
2026-08-04 17:31:45,940 DEBUG [LineInfo_to_exitCode.log_LineInfo] 2026-08-04 17:31:45,938 [INFO] ImportTextPane:167 - (OptionalMessage_ERROR) IP (MotorControl) : Invalid parameter (WB_UI_GAIN)
2026-08-04 17:31:45,940 DEBUG [LineInfo_to_exitCode.log_LineInfo] 2026-08-04 17:31:45,938 [INFO] ImportTextPane:167 - (OptionalMessage_ERROR) IP (MotorControl) : Invalid parameter (WB_UI_GAINLIST)
2026-08-04 17:31:45,940 DEBUG [LineInfo_to_exitCode.log_LineInfo] 2026-08-04 17:31:45,938 [INFO] ImportTextPane:167 - (OptionalMessage_ERROR) IP (MotorControl) : Invalid parameter (WB_UI_GON)
2026-08-04 17:31:45,940 DEBUG [LineInfo_to_exitCode.log_LineInfo] 2026-08-04 17:31:45,938 [INFO] ImportTextPane:167 - (OptionalMessage_ERROR) IP (MotorControl) : Invalid parameter (WB_UI_GOP)
2026-08-04 17:31:45,940 DEBUG [LineInfo_to_exitCode.log_LineInfo] 2026-08-04 17:31:45,938 [INFO] ImportTextPane:167 - (OptionalMessage_ERROR) IP (MotorControl) : Invalid parameter (WB_UI_INERTIA)
2026-08-04 17:31:45,940 DEBUG [LineInfo_to_exitCode.log_LineInfo] 2026-08-04 17:31:45,938 [INFO] ImportTextPane:167 - (OptionalMessage_ERROR) IP (MotorControl) : Invalid parameter (WB_UI_MAGNETIC_STRUCTURE)
2026-08-04 17:31:45,940 DEBUG [LineInfo_to_exitCode.log_LineInfo] 2026-08-04 17:31:45,938 [INFO] ImportTextPane:167 - (OptionalMessage_ERROR) IP (MotorControl) : Invalid parameter (WB_UI_MAX_CURRENT)
2026-08-04 17:31:45,940 DEBUG [LineInfo_to_exitCode.log_LineInfo] 2026-08-04 17:31:45,939 [INFO] ImportTextPane:167 - (OptionalMessage_ERROR) IP (MotorControl) : Invalid parameter (WB_UI_MAX_NOMINAL_DC_VOLTAGE)
2026-08-04 17:31:45,941 DEBUG [LineInfo_to_exitCode.log_LineInfo] 2026-08-04 17:31:45,939 [INFO] ImportTextPane:167 - (OptionalMessage_ERROR) IP (MotorControl) : Invalid parameter (WB_UI_MAX_PWMFREQUENCY)
2026-08-04 17:31:45,941 DEBUG [LineInfo_to_exitCode.log_LineInfo] 2026-08-04 17:31:45,939 [INFO] ImportTextPane:167 - (OptionalMessage_ERROR) IP (MotorControl) : Invalid parameter (WB_UI_MOTOR_DESCRIPTION)
2026-08-04 17:31:45,941 DEBUG [LineInfo_to_exitCode.log_LineInfo] 2026-08-04 17:31:45,939 [INFO] ImportTextPane:167 - (OptionalMessage_ERROR) IP (MotorControl) : Invalid parameter (WB_UI_OCP_THRESHOLD)
2026-08-04 17:31:45,941 DEBUG [LineInfo_to_exitCode.log_LineInfo] 2026-08-04 17:31:45,939 [INFO] ImportTextPane:167 - (OptionalMessage_ERROR) IP (MotorControl) : Invalid parameter (WB_UI_PW_BOARD_MAX_RATED_CURRENT)
2026-08-04 17:31:45,941 DEBUG [LineInfo_to_exitCode.log_LineInfo] 2026-08-04 17:31:45,939 [INFO] ImportTextPane:167 - (OptionalMessage_ERROR) IP (MotorControl) : Invalid parameter (WB_UI_PW_BOARD_MAX_VOLTAGE)
2026-08-04 17:31:45,941 DEBUG [LineInfo_to_exitCode.log_LineInfo] 2026-08-04 17:31:45,939 [INFO] ImportTextPane:167 - (OptionalMessage_ERROR) IP (MotorControl) : Invalid parameter (WB_UI_PW_BOARD_MIN_VOLTAGE)
2026-08-04 17:31:45,941 DEBUG [LineInfo_to_exitCode.log_LineInfo] 2026-08-04 17:31:45,939 [INFO] ImportTextPane:167 - (OptionalMessage_ERROR) IP (MotorControl) : Invalid parameter (WB_UI_VPOL)
2026-08-04 17:31:45,941 DEBUG [LineInfo_to_exitCode.log_LineInfo] 2026-08-04 17:31:45,939 [INFO] ImportTextPane:167 - (OptionalMessage_ERROR) IP (MotorControl) : Invalid parameter (WB_UI_VPOL_K)
2026-08-04 17:31:45,951 DEBUG [LineInfo_to_exitCode.log_LineInfo] 2026-08-04 17:31:45,950 [INFO] ImportTextPane:167 - (OptionalMessage_ERROR) IP (RCC) : Invalid parameter (FamilyName)
2026-08-04 17:31:45,952 DEBUG [LineInfo_to_exitCode.log_LineInfo] 2026-08-04 17:31:45,952 [INFO] ImportTextPane:167 - (OptionalMessage_ERROR) IP (RCC) : Parameter (RNGFreq_Value) has invalid value (170000000)
2026-08-04 17:31:45,952 DEBUG [LineInfo_to_exitCode.log_LineInfo] 2026-08-04 17:31:45,952 [INFO] ImportTextPane:167 - (OptionalMessage_ERROR) IP (RCC) : Parameter (USBFreq_Value) has invalid value (170000000)
2026-08-04 17:31:45,991 DEBUG [LineInfo_to_exitCode.log_LineInfo] 2026-08-04 17:31:45,990 [INFO] ImportTextPane:167 - (OptionalMessage_ERROR) IP (TIM1) : Parameter (TIM_SlaveMode) has invalid value (TIM_SLAVEMODE_TRIGGER)
2026-08-04 17:31:46,002 DEBUG [LineInfo_to_exitCode.log_LineInfo] 2026-08-04 17:31:46,002 [INFO] ImportTextPane:167 - (OptionalMessage_ERROR) IP (TIM1) : Parameter (SourceBRKDigInputPolarity) has invalid value (TIM_BREAKINPUTSOURCE_POLARITY_HIGH)
2026-08-04 17:31:46,003 DEBUG [LineInfo_to_exitCode.log_LineInfo] 2026-08-04 17:31:46,002 [INFO] ImportTextPane:167 - (OptionalMessage_ERROR) IP (TIM1) : Parameter (SourceBRK2DigInputPolarity) has invalid value (TIM_BREAKINPUTSOURCE_POLARITY_LOW)
2026-08-04 17:31:46,349 DEBUG [LineInfo_to_exitCode.log_LineInfo] 2026-08-04 17:31:46,349 [INFO] UtilMem:74 - End LoadConfig() Used Memory: 323356632 Bytes (1017118720)
2026-08-04 17:31:46,351 DEBUG [LineInfo_to_exitCode.log_LineInfo] 2026-08-04 17:31:46,351 [INFO] DbMcusXml:100 - Load MCU database from C:\Program Files\STMicroelectronics\STM32Cube\STM32CubeMX\\db\/mcu/families.xml
2026-08-04 17:31:46,990 DEBUG [LineInfo_to_exitCode.log_LineInfo] 2026-08-04 17:31:46,989 [INFO] DbMcusJson:93 - JSON generation date=Wed Nov 17 01:17:54 KST 2021 (1637079474)
2026-08-04 17:31:47,796 DEBUG [LineInfo_to_exitCode.log_LineInfo] 2026-08-04 17:31:47,796 [INFO] DbMcus:175 - Found 1951 MCUs (1903 are supported by CubeMX, 1914 are visible in CubeMX)
2026-08-04 17:31:47,797 DEBUG [LineInfo_to_exitCode.log_LineInfo] 2026-08-04 17:31:47,796 [INFO] ApiDb:242 - User favorites file not found: C:\Users\wshan/.stm32cubemx/favorites.mcus.txt
2026-08-04 17:31:47,797 DEBUG [LineInfo_to_exitCode.log_LineInfo] 2026-08-04 17:31:47,797 [INFO] DbMcus:187 - Set 0 / 0 favorites MCUs
2026-08-04 17:31:47,801 DEBUG [LineInfo_to_exitCode.log_LineInfo] 2026-08-04 17:31:47,801 [INFO] ThirdParty:781 - entering critical section [change project]
2026-08-04 17:31:47,802 DEBUG [LineInfo_to_exitCode.log_LineInfo] 2026-08-04 17:31:47,801 [INFO] ThirdParty:967 - CMSIS Pack Vendor :STMicroelectronics X-CUBE-AZRTOS-H7 3.5.0
2026-08-04 17:31:47,802 DEBUG [LineInfo_to_exitCode.log_LineInfo] 2026-08-04 17:31:47,801 [INFO] ThirdParty:967 - CMSIS Pack Vendor :STMicroelectronics X-CUBE-PM33A1 1.0.0
2026-08-04 17:31:47,802 DEBUG [LineInfo_to_exitCode.log_LineInfo] 2026-08-04 17:31:47,801 [INFO] ThirdParty:967 - CMSIS Pack Vendor :STMicroelectronics X-CUBE-NFC9 1.0.0
2026-08-04 17:31:47,802 DEBUG [LineInfo_to_exitCode.log_LineInfo] 2026-08-04 17:31:47,801 [INFO] ThirdParty:967 - CMSIS Pack Vendor :STMicroelectronics USB_HOST 2.0.0
2026-08-04 17:31:47,802 DEBUG [LineInfo_to_exitCode.log_LineInfo] 2026-08-04 17:31:47,802 [INFO] ThirdParty:967 - CMSIS Pack Vendor :STMicroelectronics FP-ATR-ASTRA1 2.0.3
2026-08-04 17:31:47,802 DEBUG [LineInfo_to_exitCode.log_LineInfo] 2026-08-04 17:31:47,802 [INFO] ThirdParty:967 - CMSIS Pack Vendor :STMicroelectronics X-CUBE-AZRTOS-F4 1.1.0
2026-08-04 17:31:47,802 DEBUG [LineInfo_to_exitCode.log_LineInfo] 2026-08-04 17:31:47,802 [INFO] ThirdParty:967 - CMSIS Pack Vendor :STMicroelectronics FP-ATR-ASTRA1 2.0.2
2026-08-04 17:31:47,802 DEBUG [LineInfo_to_exitCode.log_LineInfo] 2026-08-04 17:31:47,802 [INFO] ThirdParty:967 - CMSIS Pack Vendor :STMicroelectronics X-CUBE-BLE1 7.1.0
2026-08-04 17:31:47,802 DEBUG [LineInfo_to_exitCode.log_LineInfo] 2026-08-04 17:31:47,802 [INFO] ThirdParty:967 - CMSIS Pack Vendor :wolfSSL I-CUBE-wolfMQTT 1.19.2
2026-08-04 17:31:47,802 DEBUG [LineInfo_to_exitCode.log_LineInfo] 2026-08-04 17:31:47,802 [INFO] ThirdParty:967 - CMSIS Pack Vendor :STMicroelectronics USB_DEVICE 3.0.0
2026-08-04 17:31:47,803 DEBUG [LineInfo_to_exitCode.log_LineInfo] 2026-08-04 17:31:47,802 [INFO] ThirdParty:967 - CMSIS Pack Vendor :STMicroelectronics X-CUBE-ISPU 2.1.0
2026-08-04 17:31:47,803 DEBUG [LineInfo_to_exitCode.log_LineInfo] 2026-08-04 17:31:47,802 [INFO] ThirdParty:967 - CMSIS Pack Vendor :STMicroelectronics X-CUBE-EEPRMA1 5.2.0
2026-08-04 17:31:47,803 DEBUG [LineInfo_to_exitCode.log_LineInfo] 2026-08-04 17:31:47,802 [INFO] ThirdParty:967 - CMSIS Pack Vendor :STMicroelectronics X-CUBE-AZRTOS-WB 2.0.0
2026-08-04 17:31:47,803 DEBUG [LineInfo_to_exitCode.log_LineInfo] 2026-08-04 17:31:47,802 [INFO] ThirdParty:967 - CMSIS Pack Vendor :STMicroelectronics X-CUBE-NFC12 1.0.0
2026-08-04 17:31:47,803 DEBUG [LineInfo_to_exitCode.log_LineInfo] 2026-08-04 17:31:47,802 [INFO] ThirdParty:967 - CMSIS Pack Vendor :STMicroelectronics X-CUBE-AZRTOS-F7 1.1.0
2026-08-04 17:31:47,803 DEBUG [LineInfo_to_exitCode.log_LineInfo] 2026-08-04 17:31:47,802 [INFO] ThirdParty:967 - CMSIS Pack Vendor :STMicroelectronics X-CUBE-AZRTOS-L5 2.0.0
2026-08-04 17:31:47,803 DEBUG [LineInfo_to_exitCode.log_LineInfo] 2026-08-04 17:31:47,802 [INFO] ThirdParty:967 - CMSIS Pack Vendor :STMicroelectronics USB_DEVICE 2.0.0
2026-08-04 17:31:47,804 DEBUG [LineInfo_to_exitCode.log_LineInfo] 2026-08-04 17:31:47,802 [INFO] ThirdParty:967 - CMSIS Pack Vendor :STMicroelectronics X-CUBE-STSE01 2.0.0
2026-08-04 17:31:47,804 DEBUG [LineInfo_to_exitCode.log_LineInfo] 2026-08-04 17:31:47,802 [INFO] ThirdParty:967 - CMSIS Pack Vendor :STMicroelectronics X-CUBE-ALGOBUILD 1.5.0
2026-08-04 17:31:47,804 DEBUG [LineInfo_to_exitCode.log_LineInfo] 2026-08-04 17:31:47,802 [INFO] ThirdParty:967 - CMSIS Pack Vendor :STMicroelectronics FreeRTOS 0.0.1
2026-08-04 17:31:47,804 DEBUG [LineInfo_to_exitCode.log_LineInfo] 2026-08-04 17:31:47,802 [INFO] ThirdParty:967 - CMSIS Pack Vendor :STMicroelectronics X-CUBE-AZRTOS-H7RS 1.3.0
2026-08-04 17:31:47,804 DEBUG [LineInfo_to_exitCode.log_LineInfo] 2026-08-04 17:31:47,802 [INFO] ThirdParty:967 - CMSIS Pack Vendor :STMicroelectronics X-CUBE-AZRTOS-G0 1.1.0
2026-08-04 17:31:47,804 DEBUG [LineInfo_to_exitCode.log_LineInfo] 2026-08-04 17:31:47,802 [INFO] ThirdParty:967 - CMSIS Pack Vendor :STMicroelectronics X-CUBE-NFC4 3.0.0
2026-08-04 17:31:47,804 DEBUG [LineInfo_to_exitCode.log_LineInfo] 2026-08-04 17:31:47,803 [INFO] ThirdParty:967 - CMSIS Pack Vendor :STMicroelectronics X-CUBE-SUBG2 5.0.0
2026-08-04 17:31:47,804 DEBUG [LineInfo_to_exitCode.log_LineInfo] 2026-08-04 17:31:47,803 [INFO] ThirdParty:967 - CMSIS Pack Vendor :STMicroelectronics lwIP 2.0.3
2026-08-04 17:31:47,804 DEBUG [LineInfo_to_exitCode.log_LineInfo] 2026-08-04 17:31:47,803 [INFO] ThirdParty:967 - CMSIS Pack Vendor :STMicroelectronics X-CUBE-MEMS1 13.0.0
2026-08-04 17:31:47,805 DEBUG [LineInfo_to_exitCode.log_LineInfo] 2026-08-04 17:31:47,803 [INFO] ThirdParty:967 - CMSIS Pack Vendor :STMicroelectronics USB_HOST 1.0.0
2026-08-04 17:31:47,805 DEBUG [LineInfo_to_exitCode.log_LineInfo] 2026-08-04 17:31:47,803 [INFO] ThirdParty:967 - CMSIS Pack Vendor :STMicroelectronics X-CUBE-AZRTOS-G4 2.0.0
2026-08-04 17:31:47,805 DEBUG [LineInfo_to_exitCode.log_LineInfo] 2026-08-04 17:31:47,803 [INFO] ThirdParty:967 - CMSIS Pack Vendor :STMicroelectronics PDM2PCM 3.1.0
2026-08-04 17:31:47,805 DEBUG [LineInfo_to_exitCode.log_LineInfo] 2026-08-04 17:31:47,803 [INFO] ThirdParty:967 - CMSIS Pack Vendor :STMicroelectronics PDM2PCM 3.3.0
2026-08-04 17:31:47,805 DEBUG [LineInfo_to_exitCode.log_LineInfo] 2026-08-04 17:31:47,803 [INFO] ThirdParty:967 - CMSIS Pack Vendor :wolfSSL I-CUBE-wolfTPM 3.8.0
2026-08-04 17:31:47,805 DEBUG [LineInfo_to_exitCode.log_LineInfo] 2026-08-04 17:31:47,803 [INFO] ThirdParty:967 - CMSIS Pack Vendor :wolfSSL I-CUBE-wolfSSH 1.4.20
2026-08-04 17:31:47,805 DEBUG [LineInfo_to_exitCode.log_LineInfo] 2026-08-04 17:31:47,804 [INFO] ThirdParty:967 - CMSIS Pack Vendor :STMicroelectronics X-CUBE-NFC7 2.0.0
2026-08-04 17:31:47,806 DEBUG [LineInfo_to_exitCode.log_LineInfo] 2026-08-04 17:31:47,804 [INFO] ThirdParty:967 - CMSIS Pack Vendor :STMicroelectronics X-CUBE-GNSS1 7.1.1
2026-08-04 17:31:47,806 DEBUG [LineInfo_to_exitCode.log_LineInfo] 2026-08-04 17:31:47,804 [INFO] ThirdParty:967 - CMSIS Pack Vendor :wolfSSL I-CUBE-wolfSSL 5.9.1
2026-08-04 17:31:47,806 DEBUG [LineInfo_to_exitCode.log_LineInfo] 2026-08-04 17:31:47,804 [INFO] ThirdParty:967 - CMSIS Pack Vendor :STMicroelectronics FP-ATR-SIGFOX1 3.2.0
2026-08-04 17:31:47,806 DEBUG [LineInfo_to_exitCode.log_LineInfo] 2026-08-04 17:31:47,804 [INFO] ThirdParty:967 - CMSIS Pack Vendor :STMicroelectronics X-CUBE-NFC10 1.0.0
2026-08-04 17:31:47,806 DEBUG [LineInfo_to_exitCode.log_LineInfo] 2026-08-04 17:31:47,804 [INFO] ThirdParty:967 - CMSIS Pack Vendor :STMicroelectronics HAL Drivers 0.0.0
2026-08-04 17:31:47,806 DEBUG [LineInfo_to_exitCode.log_LineInfo] 2026-08-04 17:31:47,804 [INFO] ThirdParty:967 - CMSIS Pack Vendor :STMicroelectronics MBEDTLS 2.16.2
2026-08-04 17:31:47,806 DEBUG [LineInfo_to_exitCode.log_LineInfo] 2026-08-04 17:31:47,804 [INFO] ThirdParty:967 - CMSIS Pack Vendor :STMicroelectronics MBEDTLS 2.14.1
2026-08-04 17:31:47,806 DEBUG [LineInfo_to_exitCode.log_LineInfo] 2026-08-04 17:31:47,804 [INFO] ThirdParty:967 - CMSIS Pack Vendor :STMicroelectronics X-CUBE-TOUCHGFX 4.26.1
2026-08-04 17:31:47,806 DEBUG [LineInfo_to_exitCode.log_LineInfo] 2026-08-04 17:31:47,804 [INFO] ThirdParty:967 - CMSIS Pack Vendor :STMicroelectronics X-CUBE-NFC6 3.2.0
2026-08-04 17:31:47,807 DEBUG [LineInfo_to_exitCode.log_LineInfo] 2026-08-04 17:31:47,804 [INFO] ThirdParty:967 - CMSIS Pack Vendor :STMicroelectronics X-CUBE-AI 10.2.1
2026-08-04 17:31:47,807 DEBUG [LineInfo_to_exitCode.log_LineInfo] 2026-08-04 17:31:47,804 [INFO] ThirdParty:967 - CMSIS Pack Vendor :STMicroelectronics X-CUBE-MEMS1 12.1.0
2026-08-04 17:31:47,807 DEBUG [LineInfo_to_exitCode.log_LineInfo] 2026-08-04 17:31:47,805 [INFO] ThirdParty:967 - CMSIS Pack Vendor :STMicroelectronics X-CUBE-AZRTOS-WL 2.0.0
2026-08-04 17:31:47,807 DEBUG [LineInfo_to_exitCode.log_LineInfo] 2026-08-04 17:31:47,805 [INFO] ThirdParty:967 - CMSIS Pack Vendor :SEGGER I-CUBE-embOS 1.3.1
2026-08-04 17:31:47,807 DEBUG [LineInfo_to_exitCode.log_LineInfo] 2026-08-04 17:31:47,805 [INFO] ThirdParty:967 - CMSIS Pack Vendor :STMicroelectronics USB_DEVICE 1.0.0
2026-08-04 17:31:47,808 DEBUG [LineInfo_to_exitCode.log_LineInfo] 2026-08-04 17:31:47,805 [INFO] ThirdParty:967 - CMSIS Pack Vendor :STMicroelectronics X-CUBE-AZRTOS-L4 2.0.0
2026-08-04 17:31:47,808 DEBUG [LineInfo_to_exitCode.log_LineInfo] 2026-08-04 17:31:47,805 [INFO] ThirdParty:967 - CMSIS Pack Vendor :STMicroelectronics ThreadX 0.0.2
2026-08-04 17:31:47,808 DEBUG [LineInfo_to_exitCode.log_LineInfo] 2026-08-04 17:31:47,805 [INFO] ThirdParty:967 - CMSIS Pack Vendor :STMicroelectronics lwIP 2.1.2
2026-08-04 17:31:47,808 DEBUG [LineInfo_to_exitCode.log_LineInfo] 2026-08-04 17:31:47,805 [INFO] ThirdParty:967 - CMSIS Pack Vendor :STMicroelectronics X-CUBE-SFXS2LP1 4.0.0
2026-08-04 17:31:47,808 DEBUG [LineInfo_to_exitCode.log_LineInfo] 2026-08-04 17:31:47,805 [INFO] ThirdParty:967 - CMSIS Pack Vendor :STMicroelectronics X-CUBE-BLE2 3.3.0
2026-08-04 17:31:47,808 DEBUG [LineInfo_to_exitCode.log_LineInfo] 2026-08-04 17:31:47,805 [INFO] ThirdParty:967 - CMSIS Pack Vendor :STMicroelectronics X-CUBE-NFC13 1.0.0
2026-08-04 17:31:47,808 DEBUG [LineInfo_to_exitCode.log_LineInfo] 2026-08-04 17:31:47,805 [INFO] ThirdParty:967 - CMSIS Pack Vendor :STMicroelectronics PDM2PCM 3.2.0
2026-08-04 17:31:47,808 DEBUG [LineInfo_to_exitCode.log_LineInfo] 2026-08-04 17:31:47,805 [INFO] ThirdParty:967 - CMSIS Pack Vendor :STMicroelectronics X-CUBE-WB05N 2.1.0
2026-08-04 17:31:47,809 DEBUG [LineInfo_to_exitCode.log_LineInfo] 2026-08-04 17:31:47,806 [INFO] ThirdParty:787 - exiting critical section [change project]
2026-08-04 17:31:48,478 DEBUG [LineInfo_to_exitCode.log_LineInfo] 2026-08-04 17:31:48,477 [INFO] PinOutPanel:1463 - setPackage(No Configuration,No Configuration)
2026-08-04 17:31:48,480 DEBUG [LineInfo_to_exitCode.log_LineInfo] 2026-08-04 17:31:48,479 [INFO] PinOutPanel:1463 - setPackage(STM32G431CBUx,UFQFPN48)
2026-08-04 17:31:49,012 DEBUG [LineInfo_to_exitCode.log_LineInfo] 2026-08-04 17:31:49,012 [INFO] UtilMem:74 - Before build in PCC Used Memory: 362192288 Bytes (1017118720)
2026-08-04 17:31:49,986 DEBUG [LineInfo_to_exitCode.log_LineInfo] 2026-08-04 17:31:49,985 [INFO] UtilMem:74 - After build in PCC Used Memory: 457614752 Bytes (1017118720)
2026-08-04 17:31:50,175 DEBUG [LineInfo_to_exitCode.log_LineInfo] 2026-08-04 17:31:50,174 [INFO] ApiDbMcu:468 - Load IP Config File for MotorControl
2026-08-04 17:31:50,215 DEBUG [LineInfo_to_exitCode.log_LineInfo] 2026-08-04 17:31:50,215 [INFO] IPUIPlugin:74 - create IPUIPlugin
2026-08-04 17:31:50,215 DEBUG [LineInfo_to_exitCode.log_LineInfo] 2026-08-04 17:31:50,215 [INFO] IPUIPlugin:74 - create IPUIPlugin
2026-08-04 17:31:50,216 DEBUG [LineInfo_to_exitCode.log_LineInfo] 2026-08-04 17:31:50,215 [INFO] IPUIPlugin:74 - create IPUIPlugin
2026-08-04 17:31:50,216 DEBUG [LineInfo_to_exitCode.log_LineInfo] 2026-08-04 17:31:50,215 [INFO] IPUIPlugin:74 - create IPUIPlugin
2026-08-04 17:31:50,216 DEBUG [LineInfo_to_exitCode.log_LineInfo] 2026-08-04 17:31:50,215 [INFO] IPUIPlugin:74 - create IPUIPlugin
2026-08-04 17:31:50,216 DEBUG [LineInfo_to_exitCode.log_LineInfo] 2026-08-04 17:31:50,215 [INFO] IPUIPlugin:74 - create IPUIPlugin
2026-08-04 17:31:50,216 DEBUG [LineInfo_to_exitCode.log_LineInfo] 2026-08-04 17:31:50,216 [INFO] IPUIPlugin:74 - create IPUIPlugin
2026-08-04 17:31:50,217 DEBUG [LineInfo_to_exitCode.log_LineInfo] 2026-08-04 17:31:50,216 [INFO] IPUIPlugin:74 - create IPUIPlugin
2026-08-04 17:31:50,217 DEBUG [LineInfo_to_exitCode.log_LineInfo] 2026-08-04 17:31:50,217 [INFO] IPUIPlugin:74 - create IPUIPlugin
2026-08-04 17:31:50,218 DEBUG [LineInfo_to_exitCode.log_LineInfo] 2026-08-04 17:31:50,217 [INFO] IPUIPlugin:74 - create IPUIPlugin
2026-08-04 17:31:50,218 DEBUG [LineInfo_to_exitCode.log_LineInfo] 2026-08-04 17:31:50,218 [INFO] IPUIPlugin:74 - create IPUIPlugin
2026-08-04 17:31:50,218 DEBUG [LineInfo_to_exitCode.log_LineInfo] 2026-08-04 17:31:50,218 [INFO] IPUIPlugin:74 - create IPUIPlugin
2026-08-04 17:31:50,218 DEBUG [LineInfo_to_exitCode.log_LineInfo] 2026-08-04 17:31:50,218 [INFO] IPUIPlugin:74 - create IPUIPlugin
2026-08-04 17:31:50,218 DEBUG [LineInfo_to_exitCode.log_LineInfo] 2026-08-04 17:31:50,218 [INFO] IPUIPlugin:74 - create IPUIPlugin
2026-08-04 17:31:50,218 DEBUG [LineInfo_to_exitCode.log_LineInfo] 2026-08-04 17:31:50,218 [INFO] IPUIPlugin:74 - create IPUIPlugin
2026-08-04 17:31:50,219 DEBUG [LineInfo_to_exitCode.log_LineInfo] 2026-08-04 17:31:50,218 [INFO] IPUIPlugin:74 - create IPUIPlugin
2026-08-04 17:31:50,219 DEBUG [LineInfo_to_exitCode.log_LineInfo] 2026-08-04 17:31:50,219 [INFO] IPUIPlugin:74 - create IPUIPlugin
2026-08-04 17:31:50,219 DEBUG [LineInfo_to_exitCode.log_LineInfo] 2026-08-04 17:31:50,219 [INFO] IPUIPlugin:74 - create IPUIPlugin
2026-08-04 17:31:50,219 DEBUG [LineInfo_to_exitCode.log_LineInfo] 2026-08-04 17:31:50,219 [INFO] IPUIPlugin:74 - create IPUIPlugin
2026-08-04 17:31:50,219 DEBUG [LineInfo_to_exitCode.log_LineInfo] 2026-08-04 17:31:50,219 [INFO] IPUIPlugin:74 - create IPUIPlugin
2026-08-04 17:31:50,221 DEBUG [LineInfo_to_exitCode.log_LineInfo] 2026-08-04 17:31:50,219 [INFO] IPUIPlugin:74 - create IPUIPlugin
2026-08-04 17:31:50,221 DEBUG [LineInfo_to_exitCode.log_LineInfo] 2026-08-04 17:31:50,221 [INFO] IPUIPlugin:74 - create IPUIPlugin
2026-08-04 17:31:50,221 DEBUG [LineInfo_to_exitCode.log_LineInfo] 2026-08-04 17:31:50,221 [INFO] IPUIPlugin:74 - create IPUIPlugin
2026-08-04 17:31:50,222 DEBUG [LineInfo_to_exitCode.log_LineInfo] 2026-08-04 17:31:50,221 [INFO] IPUIPlugin:74 - create IPUIPlugin
2026-08-04 17:31:50,222 DEBUG [LineInfo_to_exitCode.log_LineInfo] 2026-08-04 17:31:50,222 [INFO] IPUIPlugin:74 - create IPUIPlugin
2026-08-04 17:31:50,223 DEBUG [LineInfo_to_exitCode.log_LineInfo] 2026-08-04 17:31:50,222 [INFO] IPUIPlugin:74 - create IPUIPlugin
2026-08-04 17:31:50,223 DEBUG [LineInfo_to_exitCode.log_LineInfo] 2026-08-04 17:31:50,223 [INFO] IPUIPlugin:74 - create IPUIPlugin
2026-08-04 17:31:50,223 DEBUG [LineInfo_to_exitCode.log_LineInfo] 2026-08-04 17:31:50,223 [INFO] IPUIPlugin:74 - create IPUIPlugin
2026-08-04 17:31:50,224 DEBUG [LineInfo_to_exitCode.log_LineInfo] 2026-08-04 17:31:50,223 [INFO] IPUIPlugin:74 - create IPUIPlugin
2026-08-04 17:31:50,224 DEBUG [LineInfo_to_exitCode.log_LineInfo] 2026-08-04 17:31:50,224 [INFO] IPUIPlugin:74 - create IPUIPlugin
2026-08-04 17:31:50,224 DEBUG [LineInfo_to_exitCode.log_LineInfo] 2026-08-04 17:31:50,224 [INFO] IPUIPlugin:74 - create IPUIPlugin
2026-08-04 17:31:50,225 DEBUG [LineInfo_to_exitCode.log_LineInfo] 2026-08-04 17:31:50,224 [INFO] IPUIPlugin:74 - create IPUIPlugin
2026-08-04 17:31:50,225 DEBUG [LineInfo_to_exitCode.log_LineInfo] 2026-08-04 17:31:50,225 [INFO] IPUIPlugin:74 - create IPUIPlugin
2026-08-04 17:31:50,225 DEBUG [LineInfo_to_exitCode.log_LineInfo] 2026-08-04 17:31:50,225 [INFO] IPUIPlugin:74 - create IPUIPlugin
2026-08-04 17:31:50,225 DEBUG [LineInfo_to_exitCode.log_LineInfo] 2026-08-04 17:31:50,225 [INFO] IPUIPlugin:74 - create IPUIPlugin
2026-08-04 17:31:50,226 DEBUG [LineInfo_to_exitCode.log_LineInfo] 2026-08-04 17:31:50,225 [INFO] IPUIPlugin:74 - create IPUIPlugin
2026-08-04 17:31:50,226 DEBUG [LineInfo_to_exitCode.log_LineInfo] 2026-08-04 17:31:50,226 [INFO] IPUIPlugin:74 - create IPUIPlugin
2026-08-04 17:31:50,226 DEBUG [LineInfo_to_exitCode.log_LineInfo] 2026-08-04 17:31:50,226 [INFO] IPUIPlugin:74 - create IPUIPlugin
2026-08-04 17:31:50,228 DEBUG [LineInfo_to_exitCode.log_LineInfo] 2026-08-04 17:31:50,228 [INFO] IPUIPlugin:74 - create IPUIPlugin
2026-08-04 17:31:50,229 DEBUG [LineInfo_to_exitCode.log_LineInfo] 2026-08-04 17:31:50,228 [INFO] IPUIPlugin:74 - create IPUIPlugin
2026-08-04 17:31:50,229 DEBUG [LineInfo_to_exitCode.log_LineInfo] 2026-08-04 17:31:50,229 [INFO] IPUIPlugin:74 - create IPUIPlugin
2026-08-04 17:31:50,229 DEBUG [LineInfo_to_exitCode.log_LineInfo] 2026-08-04 17:31:50,229 [INFO] IPUIPlugin:74 - create IPUIPlugin
2026-08-04 17:31:50,230 DEBUG [LineInfo_to_exitCode.log_LineInfo] 2026-08-04 17:31:50,230 [INFO] IPUIPlugin:74 - create IPUIPlugin
2026-08-04 17:31:50,230 DEBUG [LineInfo_to_exitCode.log_LineInfo] 2026-08-04 17:31:50,230 [INFO] IPUIPlugin:74 - create IPUIPlugin
2026-08-04 17:31:50,231 DEBUG [LineInfo_to_exitCode.log_LineInfo] 2026-08-04 17:31:50,230 [INFO] IPUIPlugin:74 - create IPUIPlugin
2026-08-04 17:31:50,231 DEBUG [LineInfo_to_exitCode.log_LineInfo] 2026-08-04 17:31:50,231 [INFO] IPUIPlugin:74 - create IPUIPlugin
2026-08-04 17:31:50,231 DEBUG [LineInfo_to_exitCode.log_LineInfo] 2026-08-04 17:31:50,231 [INFO] IPUIPlugin:74 - create IPUIPlugin
2026-08-04 17:31:50,232 DEBUG [LineInfo_to_exitCode.log_LineInfo] 2026-08-04 17:31:50,231 [INFO] IPUIPlugin:74 - create IPUIPlugin
2026-08-04 17:31:50,232 DEBUG [LineInfo_to_exitCode.log_LineInfo] 2026-08-04 17:31:50,232 [INFO] IPUIPlugin:74 - create IPUIPlugin
2026-08-04 17:31:50,233 DEBUG [LineInfo_to_exitCode.log_LineInfo] 2026-08-04 17:31:50,232 [INFO] IPUIPlugin:74 - create IPUIPlugin
2026-08-04 17:31:50,233 DEBUG [LineInfo_to_exitCode.log_LineInfo] 2026-08-04 17:31:50,233 [INFO] IPUIPlugin:74 - create IPUIPlugin
2026-08-04 17:31:50,234 DEBUG [LineInfo_to_exitCode.log_LineInfo] 2026-08-04 17:31:50,233 [INFO] IPUIPlugin:74 - create IPUIPlugin
2026-08-04 17:31:50,234 DEBUG [LineInfo_to_exitCode.log_LineInfo] 2026-08-04 17:31:50,234 [INFO] IPUIPlugin:74 - create IPUIPlugin
2026-08-04 17:31:50,235 DEBUG [LineInfo_to_exitCode.log_LineInfo] 2026-08-04 17:31:50,234 [INFO] IPUIPlugin:74 - create IPUIPlugin
2026-08-04 17:31:50,235 DEBUG [LineInfo_to_exitCode.log_LineInfo] 2026-08-04 17:31:50,235 [INFO] IPUIPlugin:74 - create IPUIPlugin
2026-08-04 17:31:50,235 DEBUG [LineInfo_to_exitCode.log_LineInfo] 2026-08-04 17:31:50,235 [INFO] IPUIPlugin:74 - create IPUIPlugin
2026-08-04 17:31:50,236 DEBUG [LineInfo_to_exitCode.log_LineInfo] 2026-08-04 17:31:50,236 [INFO] IPUIPlugin:74 - create IPUIPlugin
2026-08-04 17:31:50,236 DEBUG [LineInfo_to_exitCode.log_LineInfo] 2026-08-04 17:31:50,236 [INFO] IPUIPlugin:74 - create IPUIPlugin
2026-08-04 17:31:50,431 DEBUG [LineInfo_to_exitCode.log_LineInfo] 2026-08-04 17:31:50,431 [INFO] OPAMP:194 - [OPAMP] - evt.getPropertyName:EventProjectSettingsChange
2026-08-04 17:31:50,432 DEBUG [LineInfo_to_exitCode.log_LineInfo] 2026-08-04 17:31:50,431 [INFO] OPAMP:194 - [OPAMP] - evt.getPropertyName:EventProjectSettingsChange
2026-08-04 17:31:50,432 DEBUG [LineInfo_to_exitCode.log_LineInfo] 2026-08-04 17:31:50,432 [INFO] OPAMP:194 - [OPAMP] - evt.getPropertyName:EventProjectSettingsChange
2026-08-04 17:31:50,436 DEBUG [LineInfo_to_exitCode.log_LineInfo] 2026-08-04 17:31:50,435 [INFO] OPAMP:194 - [OPAMP] - evt.getPropertyName:EventProjectSettingsChange
2026-08-04 17:31:50,436 DEBUG [LineInfo_to_exitCode.log_LineInfo] 2026-08-04 17:31:50,436 [INFO] OPAMP:194 - [OPAMP] - evt.getPropertyName:EventProjectSettingsChange
2026-08-04 17:31:50,437 DEBUG [LineInfo_to_exitCode.log_LineInfo] 2026-08-04 17:31:50,436 [INFO] OPAMP:194 - [OPAMP] - evt.getPropertyName:EventProjectSettingsChange
2026-08-04 17:31:50,437 DEBUG [LineInfo_to_exitCode.log_LineInfo] 2026-08-04 17:31:50,437 [INFO] OPAMP:194 - [OPAMP] - evt.getPropertyName:EventProjectSettingsChange
2026-08-04 17:31:50,438 DEBUG [LineInfo_to_exitCode.log_LineInfo] 2026-08-04 17:31:50,437 [INFO] OPAMP:194 - [OPAMP] - evt.getPropertyName:EventProjectSettingsChange
2026-08-04 17:31:50,438 DEBUG [LineInfo_to_exitCode.log_LineInfo] 2026-08-04 17:31:50,437 [INFO] OPAMP:194 - [OPAMP] - evt.getPropertyName:EventProjectSettingsChange
2026-08-04 17:31:50,439 DEBUG [LineInfo_to_exitCode.log_LineInfo] 2026-08-04 17:31:50,439 [INFO] OPAMP:194 - [OPAMP] - evt.getPropertyName:EventProjectSettingsChange
2026-08-04 17:31:50,439 DEBUG [LineInfo_to_exitCode.log_LineInfo] 2026-08-04 17:31:50,439 [INFO] OPAMP:194 - [OPAMP] - evt.getPropertyName:EventProjectSettingsChange
2026-08-04 17:31:50,439 DEBUG [LineInfo_to_exitCode.log_LineInfo] 2026-08-04 17:31:50,439 [INFO] OPAMP:194 - [OPAMP] - evt.getPropertyName:EventProjectSettingsChange
2026-08-04 17:31:50,961 DEBUG [LineInfo_to_exitCode.log_LineInfo] 2026-08-04 17:31:50,960 [INFO] OPAMP:194 - [OPAMP] - evt.getPropertyName:EventMcuSetIPParameter
2026-08-04 17:31:50,961 DEBUG [LineInfo_to_exitCode.log_LineInfo] 2026-08-04 17:31:50,961 [INFO] OPAMP:194 - [OPAMP] - evt.getPropertyName:EventMcuSetIPParameter
2026-08-04 17:31:50,962 DEBUG [LineInfo_to_exitCode.log_LineInfo] 2026-08-04 17:31:50,961 [INFO] OPAMP:194 - [OPAMP] - evt.getPropertyName:EventMcuSetIPParameter
2026-08-04 17:31:51,033 DEBUG [LineInfo_to_exitCode.log_LineInfo] 2026-08-04 17:31:51,031 [INFO] OPAMP:194 - [OPAMP] - evt.getPropertyName:EventMcuSetIPParameter
2026-08-04 17:31:51,034 DEBUG [LineInfo_to_exitCode.log_LineInfo] 2026-08-04 17:31:51,033 [INFO] OPAMP:194 - [OPAMP] - evt.getPropertyName:EventMcuSetIPParameter
2026-08-04 17:31:51,034 DEBUG [LineInfo_to_exitCode.log_LineInfo] 2026-08-04 17:31:51,033 [INFO] OPAMP:194 - [OPAMP] - evt.getPropertyName:EventMcuSetIPParameter
2026-08-04 17:31:51,092 DEBUG [LineInfo_to_exitCode.log_LineInfo] 2026-08-04 17:31:51,091 [INFO] OPAMP:194 - [OPAMP] - evt.getPropertyName:EventMcuSetIPParameter
2026-08-04 17:31:51,092 DEBUG [LineInfo_to_exitCode.log_LineInfo] 2026-08-04 17:31:51,092 [INFO] OPAMP:194 - [OPAMP] - evt.getPropertyName:EventMcuSetIPParameter
2026-08-04 17:31:51,092 DEBUG [LineInfo_to_exitCode.log_LineInfo] 2026-08-04 17:31:51,092 [INFO] OPAMP:194 - [OPAMP] - evt.getPropertyName:EventMcuSetIPParameter
2026-08-04 17:31:51,132 DEBUG [LineInfo_to_exitCode.log_LineInfo] 2026-08-04 17:31:51,132 [INFO] OpenFileManager:333 - Restore cursor
2026-08-04 17:31:51,180 DEBUG [LineInfo_to_exitCode.log_LineInfo] 2026-08-04 17:31:51,180 [INFO] OPAMP:194 - [OPAMP] - evt.getPropertyName:EventProjectSettingsChange
2026-08-04 17:31:51,181 DEBUG [LineInfo_to_exitCode.log_LineInfo] 2026-08-04 17:31:51,180 [INFO] OPAMP:194 - [OPAMP] - evt.getPropertyName:EventProjectSettingsChange
2026-08-04 17:31:51,181 DEBUG [LineInfo_to_exitCode.log_LineInfo] 2026-08-04 17:31:51,180 [INFO] OPAMP:194 - [OPAMP] - evt.getPropertyName:EventProjectSettingsChange
2026-08-04 17:31:51,190 DEBUG [LineInfo_to_exitCode.log_LineInfo] 2026-08-04 17:31:51,190 [INFO] OPAMP:194 - [OPAMP] - evt.getPropertyName:EventProjectSettingsChange
2026-08-04 17:31:51,191 DEBUG [LineInfo_to_exitCode.log_LineInfo] 2026-08-04 17:31:51,190 [INFO] OPAMP:194 - [OPAMP] - evt.getPropertyName:EventProjectSettingsChange
2026-08-04 17:31:51,191 DEBUG [LineInfo_to_exitCode.log_LineInfo] 2026-08-04 17:31:51,190 [INFO] OPAMP:194 - [OPAMP] - evt.getPropertyName:EventProjectSettingsChange
2026-08-04 17:31:51,193 DEBUG [LineInfo_to_exitCode.log_LineInfo] 2026-08-04 17:31:51,192 [INFO] OPAMP:194 - [OPAMP] - evt.getPropertyName:EventProjectSettingsChange
2026-08-04 17:31:51,193 DEBUG [LineInfo_to_exitCode.log_LineInfo] 2026-08-04 17:31:51,193 [INFO] OPAMP:194 - [OPAMP] - evt.getPropertyName:EventProjectSettingsChange
2026-08-04 17:31:51,193 DEBUG [LineInfo_to_exitCode.log_LineInfo] 2026-08-04 17:31:51,193 [INFO] OPAMP:194 - [OPAMP] - evt.getPropertyName:EventProjectSettingsChange
2026-08-04 17:31:51,785 DEBUG [LineInfo_to_exitCode.log_LineInfo] 2026-08-04 17:31:51,783 [INFO] UtilMem:74 - End SaveConfig() Used Memory: 480691200 Bytes (1017118720)
2026-08-04 17:31:51,805 DEBUG [LineInfo_to_exitCode.log_LineInfo] 2026-08-04 17:31:51,805 [INFO] OPAMP:194 - [OPAMP] - evt.getPropertyName:EventProjectSettingsChange
2026-08-04 17:31:51,805 DEBUG [LineInfo_to_exitCode.log_LineInfo] 2026-08-04 17:31:51,805 [INFO] OPAMP:194 - [OPAMP] - evt.getPropertyName:EventProjectSettingsChange
2026-08-04 17:31:51,805 DEBUG [LineInfo_to_exitCode.log_LineInfo] 2026-08-04 17:31:51,805 [INFO] OPAMP:194 - [OPAMP] - evt.getPropertyName:EventProjectSettingsChange
2026-08-04 17:31:51,808 DEBUG [LineInfo_to_exitCode.log_LineInfo] 2026-08-04 17:31:51,807 [INFO] OPAMP:194 - [OPAMP] - evt.getPropertyName:EventProjectSettingsChange
2026-08-04 17:31:51,808 DEBUG [LineInfo_to_exitCode.log_LineInfo] 2026-08-04 17:31:51,807 [INFO] OPAMP:194 - [OPAMP] - evt.getPropertyName:EventProjectSettingsChange
2026-08-04 17:31:51,808 DEBUG [LineInfo_to_exitCode.log_LineInfo] 2026-08-04 17:31:51,808 [INFO] OPAMP:194 - [OPAMP] - evt.getPropertyName:EventProjectSettingsChange
2026-08-04 17:31:52,372 DEBUG [LineInfo_to_exitCode.log_LineInfo] 2026-08-04 17:31:52,372 [INFO] BlockDiagram:2740 - set Specific Code input for plugin: MotorControl
2026-08-04 17:31:52,373 DEBUG [LineInfo_to_exitCode.log_LineInfo] 2026-08-04 17:31:52,372 [INFO] BlockDiagram:2740 - set Specific Code input for plugin: DAC
2026-08-04 17:31:52,373 DEBUG [LineInfo_to_exitCode.log_LineInfo] 2026-08-04 17:31:52,372 [INFO] BlockDiagram:2740 - set Specific Code input for plugin: TIM1_8G4
2026-08-04 17:31:52,374 DEBUG [LineInfo_to_exitCode.log_LineInfo] 2026-08-04 17:31:52,373 [INFO] BlockDiagram:2740 - set Specific Code input for plugin: TIM1_8G4
2026-08-04 17:31:52,374 DEBUG [LineInfo_to_exitCode.log_LineInfo] 2026-08-04 17:31:52,373 [INFO] BlockDiagram:2740 - set Specific Code input for plugin: OPAMP
2026-08-04 17:31:52,374 DEBUG [LineInfo_to_exitCode.log_LineInfo] 2026-08-04 17:31:52,373 [INFO] BlockDiagram:2740 - set Specific Code input for plugin: ADC
2026-08-04 17:31:52,374 DEBUG [LineInfo_to_exitCode.log_LineInfo] 2026-08-04 17:31:52,373 [INFO] BlockDiagram:2740 - set Specific Code input for plugin: SYS
2026-08-04 17:31:52,374 DEBUG [LineInfo_to_exitCode.log_LineInfo] 2026-08-04 17:31:52,373 [INFO] BlockDiagram:2740 - set Specific Code input for plugin: ADC
2026-08-04 17:31:52,375 DEBUG [LineInfo_to_exitCode.log_LineInfo] 2026-08-04 17:31:52,373 [INFO] BlockDiagram:2740 - set Specific Code input for plugin: RCC
2026-08-04 17:31:52,375 DEBUG [LineInfo_to_exitCode.log_LineInfo] 2026-08-04 17:31:52,373 [INFO] BlockDiagram:2740 - set Specific Code input for plugin: OPAMP
2026-08-04 17:31:52,375 DEBUG [LineInfo_to_exitCode.log_LineInfo] 2026-08-04 17:31:52,373 [INFO] BlockDiagram:2740 - set Specific Code input for plugin: OPAMP
2026-08-04 17:31:52,375 DEBUG [LineInfo_to_exitCode.log_LineInfo] 2026-08-04 17:31:52,373 [INFO] BlockDiagram:2740 - set Specific Code input for plugin: NVIC
2026-08-04 17:31:52,375 DEBUG [LineInfo_to_exitCode.log_LineInfo] 2026-08-04 17:31:52,373 [INFO] BlockDiagram:2740 - set Specific Code input for plugin: COMP
2026-08-04 17:31:52,376 DEBUG [LineInfo_to_exitCode.log_LineInfo] 2026-08-04 17:31:52,374 [INFO] BlockDiagram:2740 - set Specific Code input for plugin: USART
2026-08-04 17:31:52,376 DEBUG [LineInfo_to_exitCode.log_LineInfo] 2026-08-04 17:31:52,374 [INFO] BlockDiagram:2740 - set Specific Code input for plugin: COMP
2026-08-04 17:31:52,376 DEBUG [LineInfo_to_exitCode.log_LineInfo] 2026-08-04 17:31:52,374 [INFO] BlockDiagram:2740 - set Specific Code input for plugin: COMP
2026-08-04 17:31:52,376 DEBUG [LineInfo_to_exitCode.log_LineInfo] 2026-08-04 17:31:52,374 [INFO] BlockDiagram:2740 - set Specific Code input for plugin: DMA
2026-08-04 17:31:52,376 DEBUG [LineInfo_to_exitCode.log_LineInfo] 2026-08-04 17:31:52,374 [INFO] BlockDiagram:2740 - set Specific Code input for plugin: CORDIC
2026-08-04 17:31:52,376 DEBUG [LineInfo_to_exitCode.log_LineInfo] 2026-08-04 17:31:52,374 [INFO] BlockDiagram:2740 - set Specific Code input for plugin: GPIO
2026-08-04 17:31:52,379 DEBUG [LineInfo_to_exitCode.log_LineInfo] 2026-08-04 17:31:52,379 [INFO] CodeGenerator:663 - code generatio: config db path: C:\Program Files\STMicroelectronics\STM32Cube\STM32CubeMX\\db\
2026-08-04 17:31:52,877 DEBUG [LineInfo_to_exitCode.log_LineInfo] 2026-08-04 17:31:52,877 [INFO] CodeEngine:239 - oldGeneratedFile, C:\Users\wshan\.st_workbench\projects\ElectronicSpeedControl_ESC-G4\MXTmpFiles\license.tmp_save
2026-08-04 17:31:53,217 DEBUG [LineInfo_to_exitCode.log_LineInfo] 2026-08-04 17:31:53,216 [INFO] CodeEngine:257 - Generated code: C:\Users\wshan\.st_workbench\projects\ElectronicSpeedControl_ESC-G4\MXTmpFiles\license.tmp
2026-08-04 17:31:53,325 DEBUG [LineInfo_to_exitCode.log_LineInfo] 2026-08-04 17:31:53,325 [INFO] CodeEngine:239 - oldGeneratedFile, C:\Users\wshan\.st_workbench\projects\ElectronicSpeedControl_ESC-G4\MXTmpFiles\gpio.tmp_save
2026-08-04 17:31:53,466 DEBUG [LineInfo_to_exitCode.log_LineInfo] 2026-08-04 17:31:53,466 [INFO] CodeEngine:257 - Generated code: C:\Users\wshan\.st_workbench\projects\ElectronicSpeedControl_ESC-G4\MXTmpFiles\gpio.tmp
2026-08-04 17:31:54,971 DEBUG [LineInfo_to_exitCode.log_LineInfo] 2026-08-04 17:31:54,970 [INFO] CodeEngine:239 - oldGeneratedFile, C:\Users\wshan\.st_workbench\projects\ElectronicSpeedControl_ESC-G4\MXTmpFiles\dma.tmp_save
2026-08-04 17:31:55,053 DEBUG [LineInfo_to_exitCode.log_LineInfo] 2026-08-04 17:31:55,052 [INFO] CodeEngine:257 - Generated code: C:\Users\wshan\.st_workbench\projects\ElectronicSpeedControl_ESC-G4\MXTmpFiles\dma.tmp
2026-08-04 17:31:55,058 DEBUG [LineInfo_to_exitCode.log_LineInfo] 2026-08-04 17:31:55,057 [INFO] CodeEngine:239 - oldGeneratedFile, C:\Users\wshan\.st_workbench\projects\ElectronicSpeedControl_ESC-G4\MXTmpFiles\dma_GV.tmp_save
2026-08-04 17:31:55,134 DEBUG [LineInfo_to_exitCode.log_LineInfo] 2026-08-04 17:31:55,133 [INFO] CodeEngine:257 - Generated code: C:\Users\wshan\.st_workbench\projects\ElectronicSpeedControl_ESC-G4\MXTmpFiles\dma_GV.tmp
2026-08-04 17:31:55,407 DEBUG [LineInfo_to_exitCode.log_LineInfo] 2026-08-04 17:31:55,406 [INFO] Middleware:1388 - No code input for Bsp Dependency
2026-08-04 17:31:55,532 DEBUG [LineInfo_to_exitCode.log_LineInfo] 2026-08-04 17:31:55,532 [INFO] CodeEngine:239 - oldGeneratedFile, C:\Users\wshan\.st_workbench\projects\ElectronicSpeedControl_ESC-G4\Src\motorcontrol.c_save
2026-08-04 17:31:55,632 INFO  [LineInfo_to_exitCode.log_LineInfo] Generated code: C:\Users\wshan\.st_workbench\projects\ElectronicSpeedControl_ESC-G4\Src\motorcontrol.c
2026-08-04 17:31:55,642 DEBUG [LineInfo_to_exitCode.log_LineInfo] 2026-08-04 17:31:55,642 [INFO] CodeEngine:239 - oldGeneratedFile, C:\Users\wshan\.st_workbench\projects\ElectronicSpeedControl_ESC-G4\Inc\motorcontrol.h_save
2026-08-04 17:31:55,717 INFO  [LineInfo_to_exitCode.log_LineInfo] Generated code: C:\Users\wshan\.st_workbench\projects\ElectronicSpeedControl_ESC-G4\Inc\motorcontrol.h
2026-08-04 17:31:55,725 DEBUG [LineInfo_to_exitCode.log_LineInfo] 2026-08-04 17:31:55,724 [INFO] CodeEngine:239 - oldGeneratedFile, C:\Users\wshan\.st_workbench\projects\ElectronicSpeedControl_ESC-G4\Inc\drive_parameters.h_save
2026-08-04 17:31:55,850 INFO  [LineInfo_to_exitCode.log_LineInfo] Generated code: C:\Users\wshan\.st_workbench\projects\ElectronicSpeedControl_ESC-G4\Inc\drive_parameters.h
2026-08-04 17:31:55,858 DEBUG [LineInfo_to_exitCode.log_LineInfo] 2026-08-04 17:31:55,858 [INFO] CodeEngine:239 - oldGeneratedFile, C:\Users\wshan\.st_workbench\projects\ElectronicSpeedControl_ESC-G4\Inc\mc_type.h_save
2026-08-04 17:31:55,957 INFO  [LineInfo_to_exitCode.log_LineInfo] Generated code: C:\Users\wshan\.st_workbench\projects\ElectronicSpeedControl_ESC-G4\Inc\mc_type.h
2026-08-04 17:31:55,966 DEBUG [LineInfo_to_exitCode.log_LineInfo] 2026-08-04 17:31:55,966 [INFO] CodeEngine:239 - oldGeneratedFile, C:\Users\wshan\.st_workbench\projects\ElectronicSpeedControl_ESC-G4\Src\speed_torq_ctrl.c_save
2026-08-04 17:31:56,060 INFO  [LineInfo_to_exitCode.log_LineInfo] Generated code: C:\Users\wshan\.st_workbench\projects\ElectronicSpeedControl_ESC-G4\Src\speed_torq_ctrl.c
2026-08-04 17:31:56,069 DEBUG [LineInfo_to_exitCode.log_LineInfo] 2026-08-04 17:31:56,069 [INFO] CodeEngine:239 - oldGeneratedFile, C:\Users\wshan\.st_workbench\projects\ElectronicSpeedControl_ESC-G4\Inc\speed_torq_ctrl.h_save
2026-08-04 17:31:56,148 INFO  [LineInfo_to_exitCode.log_LineInfo] Generated code: C:\Users\wshan\.st_workbench\projects\ElectronicSpeedControl_ESC-G4\Inc\speed_torq_ctrl.h
2026-08-04 17:31:56,158 DEBUG [LineInfo_to_exitCode.log_LineInfo] 2026-08-04 17:31:56,157 [INFO] CodeEngine:239 - oldGeneratedFile, C:\Users\wshan\.st_workbench\projects\ElectronicSpeedControl_ESC-G4\Inc\mc_tasks.h_save
2026-08-04 17:31:56,244 INFO  [LineInfo_to_exitCode.log_LineInfo] Generated code: C:\Users\wshan\.st_workbench\projects\ElectronicSpeedControl_ESC-G4\Inc\mc_tasks.h
2026-08-04 17:31:56,255 DEBUG [LineInfo_to_exitCode.log_LineInfo] 2026-08-04 17:31:56,254 [INFO] CodeEngine:239 - oldGeneratedFile, C:\Users\wshan\.st_workbench\projects\ElectronicSpeedControl_ESC-G4\Src\pwm_common.c_save
2026-08-04 17:31:56,348 INFO  [LineInfo_to_exitCode.log_LineInfo] Generated code: C:\Users\wshan\.st_workbench\projects\ElectronicSpeedControl_ESC-G4\Src\pwm_common.c
2026-08-04 17:31:56,356 DEBUG [LineInfo_to_exitCode.log_LineInfo] 2026-08-04 17:31:56,356 [INFO] CodeEngine:239 - oldGeneratedFile, C:\Users\wshan\.st_workbench\projects\ElectronicSpeedControl_ESC-G4\Inc\pwm_common.h_save
2026-08-04 17:31:56,424 INFO  [LineInfo_to_exitCode.log_LineInfo] Generated code: C:\Users\wshan\.st_workbench\projects\ElectronicSpeedControl_ESC-G4\Inc\pwm_common.h
2026-08-04 17:31:56,433 DEBUG [LineInfo_to_exitCode.log_LineInfo] 2026-08-04 17:31:56,433 [INFO] CodeEngine:239 - oldGeneratedFile, C:\Users\wshan\.st_workbench\projects\ElectronicSpeedControl_ESC-G4\Src\mc_api.c_save
2026-08-04 17:31:56,533 INFO  [LineInfo_to_exitCode.log_LineInfo] Generated code: C:\Users\wshan\.st_workbench\projects\ElectronicSpeedControl_ESC-G4\Src\mc_api.c
2026-08-04 17:31:56,541 DEBUG [LineInfo_to_exitCode.log_LineInfo] 2026-08-04 17:31:56,541 [INFO] CodeEngine:239 - oldGeneratedFile, C:\Users\wshan\.st_workbench\projects\ElectronicSpeedControl_ESC-G4\Inc\mc_api.h_save
2026-08-04 17:31:56,611 INFO  [LineInfo_to_exitCode.log_LineInfo] Generated code: C:\Users\wshan\.st_workbench\projects\ElectronicSpeedControl_ESC-G4\Inc\mc_api.h
2026-08-04 17:31:56,618 DEBUG [LineInfo_to_exitCode.log_LineInfo] 2026-08-04 17:31:56,618 [INFO] CodeEngine:239 - oldGeneratedFile, C:\Users\wshan\.st_workbench\projects\ElectronicSpeedControl_ESC-G4\Src\mc_config.c_save
2026-08-04 17:31:56,721 INFO  [LineInfo_to_exitCode.log_LineInfo] Generated code: C:\Users\wshan\.st_workbench\projects\ElectronicSpeedControl_ESC-G4\Src\mc_config.c
2026-08-04 17:31:56,729 DEBUG [LineInfo_to_exitCode.log_LineInfo] 2026-08-04 17:31:56,729 [INFO] CodeEngine:239 - oldGeneratedFile, C:\Users\wshan\.st_workbench\projects\ElectronicSpeedControl_ESC-G4\Src\mc_config_common.c_save
2026-08-04 17:31:56,810 INFO  [LineInfo_to_exitCode.log_LineInfo] Generated code: C:\Users\wshan\.st_workbench\projects\ElectronicSpeedControl_ESC-G4\Src\mc_config_common.c
2026-08-04 17:31:56,819 DEBUG [LineInfo_to_exitCode.log_LineInfo] 2026-08-04 17:31:56,819 [INFO] CodeEngine:239 - oldGeneratedFile, C:\Users\wshan\.st_workbench\projects\ElectronicSpeedControl_ESC-G4\Inc\mc_config.h_save
2026-08-04 17:31:56,891 INFO  [LineInfo_to_exitCode.log_LineInfo] Generated code: C:\Users\wshan\.st_workbench\projects\ElectronicSpeedControl_ESC-G4\Inc\mc_config.h
2026-08-04 17:31:56,899 DEBUG [LineInfo_to_exitCode.log_LineInfo] 2026-08-04 17:31:56,898 [INFO] CodeEngine:239 - oldGeneratedFile, C:\Users\wshan\.st_workbench\projects\ElectronicSpeedControl_ESC-G4\Inc\mc_config_common.h_save
2026-08-04 17:31:56,973 INFO  [LineInfo_to_exitCode.log_LineInfo] Generated code: C:\Users\wshan\.st_workbench\projects\ElectronicSpeedControl_ESC-G4\Inc\mc_config_common.h
2026-08-04 17:31:56,980 DEBUG [LineInfo_to_exitCode.log_LineInfo] 2026-08-04 17:31:56,979 [INFO] CodeEngine:239 - oldGeneratedFile, C:\Users\wshan\.st_workbench\projects\ElectronicSpeedControl_ESC-G4\Inc\mcp_config.h_save
2026-08-04 17:31:57,038 INFO  [LineInfo_to_exitCode.log_LineInfo] Generated code: C:\Users\wshan\.st_workbench\projects\ElectronicSpeedControl_ESC-G4\Inc\mcp_config.h
2026-08-04 17:31:57,045 DEBUG [LineInfo_to_exitCode.log_LineInfo] 2026-08-04 17:31:57,045 [INFO] CodeEngine:239 - oldGeneratedFile, C:\Users\wshan\.st_workbench\projects\ElectronicSpeedControl_ESC-G4\Src\mcp_config.c_save
2026-08-04 17:31:57,108 INFO  [LineInfo_to_exitCode.log_LineInfo] Generated code: C:\Users\wshan\.st_workbench\projects\ElectronicSpeedControl_ESC-G4\Src\mcp_config.c
2026-08-04 17:31:57,117 DEBUG [LineInfo_to_exitCode.log_LineInfo] 2026-08-04 17:31:57,117 [INFO] CodeEngine:239 - oldGeneratedFile, C:\Users\wshan\.st_workbench\projects\ElectronicSpeedControl_ESC-G4\Inc\mc_stm_types.h_save
2026-08-04 17:31:57,202 INFO  [LineInfo_to_exitCode.log_LineInfo] Generated code: C:\Users\wshan\.st_workbench\projects\ElectronicSpeedControl_ESC-G4\Inc\mc_stm_types.h
2026-08-04 17:31:57,212 DEBUG [LineInfo_to_exitCode.log_LineInfo] 2026-08-04 17:31:57,212 [INFO] CodeEngine:239 - oldGeneratedFile, C:\Users\wshan\.st_workbench\projects\ElectronicSpeedControl_ESC-G4\Src\mc_tasks.c_save
2026-08-04 17:31:57,327 INFO  [LineInfo_to_exitCode.log_LineInfo] Generated code: C:\Users\wshan\.st_workbench\projects\ElectronicSpeedControl_ESC-G4\Src\mc_tasks.c
2026-08-04 17:31:57,333 DEBUG [LineInfo_to_exitCode.log_LineInfo] 2026-08-04 17:31:57,333 [INFO] CodeEngine:239 - oldGeneratedFile, C:\Users\wshan\.st_workbench\projects\ElectronicSpeedControl_ESC-G4\Src\mc_tasks_foc.c_save
2026-08-04 17:31:57,476 INFO  [LineInfo_to_exitCode.log_LineInfo] Generated code: C:\Users\wshan\.st_workbench\projects\ElectronicSpeedControl_ESC-G4\Src\mc_tasks_foc.c
2026-08-04 17:31:57,484 DEBUG [LineInfo_to_exitCode.log_LineInfo] 2026-08-04 17:31:57,483 [INFO] CodeEngine:239 - oldGeneratedFile, C:\Users\wshan\.st_workbench\projects\ElectronicSpeedControl_ESC-G4\Src\pwm_curr_fdbk.c_save
2026-08-04 17:31:57,566 INFO  [LineInfo_to_exitCode.log_LineInfo] Generated code: C:\Users\wshan\.st_workbench\projects\ElectronicSpeedControl_ESC-G4\Src\pwm_curr_fdbk.c
2026-08-04 17:31:57,574 DEBUG [LineInfo_to_exitCode.log_LineInfo] 2026-08-04 17:31:57,573 [INFO] CodeEngine:239 - oldGeneratedFile, C:\Users\wshan\.st_workbench\projects\ElectronicSpeedControl_ESC-G4\Inc\pwm_curr_fdbk.h_save
2026-08-04 17:31:57,637 INFO  [LineInfo_to_exitCode.log_LineInfo] Generated code: C:\Users\wshan\.st_workbench\projects\ElectronicSpeedControl_ESC-G4\Inc\pwm_curr_fdbk.h
2026-08-04 17:31:57,645 DEBUG [LineInfo_to_exitCode.log_LineInfo] 2026-08-04 17:31:57,644 [INFO] CodeEngine:239 - oldGeneratedFile, C:\Users\wshan\.st_workbench\projects\ElectronicSpeedControl_ESC-G4\Src\regular_conversion_manager.c_save
2026-08-04 17:31:57,712 INFO  [LineInfo_to_exitCode.log_LineInfo] Generated code: C:\Users\wshan\.st_workbench\projects\ElectronicSpeedControl_ESC-G4\Src\regular_conversion_manager.c
2026-08-04 17:31:57,720 DEBUG [LineInfo_to_exitCode.log_LineInfo] 2026-08-04 17:31:57,719 [INFO] CodeEngine:239 - oldGeneratedFile, C:\Users\wshan\.st_workbench\projects\ElectronicSpeedControl_ESC-G4\Inc\regular_conversion_manager.h_save
2026-08-04 17:31:57,785 INFO  [LineInfo_to_exitCode.log_LineInfo] Generated code: C:\Users\wshan\.st_workbench\projects\ElectronicSpeedControl_ESC-G4\Inc\regular_conversion_manager.h
2026-08-04 17:31:57,791 DEBUG [LineInfo_to_exitCode.log_LineInfo] 2026-08-04 17:31:57,791 [INFO] CodeEngine:239 - oldGeneratedFile, C:\Users\wshan\.st_workbench\projects\ElectronicSpeedControl_ESC-G4\Src\mc_math.c_save
2026-08-04 17:31:57,858 INFO  [LineInfo_to_exitCode.log_LineInfo] Generated code: C:\Users\wshan\.st_workbench\projects\ElectronicSpeedControl_ESC-G4\Src\mc_math.c
2026-08-04 17:31:57,864 DEBUG [LineInfo_to_exitCode.log_LineInfo] 2026-08-04 17:31:57,864 [INFO] CodeEngine:239 - oldGeneratedFile, C:\Users\wshan\.st_workbench\projects\ElectronicSpeedControl_ESC-G4\Inc\mc_math.h_save
2026-08-04 17:31:57,935 INFO  [LineInfo_to_exitCode.log_LineInfo] Generated code: C:\Users\wshan\.st_workbench\projects\ElectronicSpeedControl_ESC-G4\Inc\mc_math.h
2026-08-04 17:31:57,941 DEBUG [LineInfo_to_exitCode.log_LineInfo] 2026-08-04 17:31:57,941 [INFO] CodeEngine:239 - oldGeneratedFile, C:\Users\wshan\.st_workbench\projects\ElectronicSpeedControl_ESC-G4\Src\mc_interface.c_save
2026-08-04 17:31:58,027 INFO  [LineInfo_to_exitCode.log_LineInfo] Generated code: C:\Users\wshan\.st_workbench\projects\ElectronicSpeedControl_ESC-G4\Src\mc_interface.c
2026-08-04 17:31:58,034 DEBUG [LineInfo_to_exitCode.log_LineInfo] 2026-08-04 17:31:58,034 [INFO] CodeEngine:239 - oldGeneratedFile, C:\Users\wshan\.st_workbench\projects\ElectronicSpeedControl_ESC-G4\Inc\mc_interface.h_save
2026-08-04 17:31:58,093 INFO  [LineInfo_to_exitCode.log_LineInfo] Generated code: C:\Users\wshan\.st_workbench\projects\ElectronicSpeedControl_ESC-G4\Inc\mc_interface.h
2026-08-04 17:31:58,101 DEBUG [LineInfo_to_exitCode.log_LineInfo] 2026-08-04 17:31:58,101 [INFO] CodeEngine:239 - oldGeneratedFile, C:\Users\wshan\.st_workbench\projects\ElectronicSpeedControl_ESC-G4\Inc\parameters_conversion.h_save
2026-08-04 17:31:58,186 INFO  [LineInfo_to_exitCode.log_LineInfo] Generated code: C:\Users\wshan\.st_workbench\projects\ElectronicSpeedControl_ESC-G4\Inc\parameters_conversion.h
2026-08-04 17:31:58,194 DEBUG [LineInfo_to_exitCode.log_LineInfo] 2026-08-04 17:31:58,193 [INFO] CodeEngine:239 - oldGeneratedFile, C:\Users\wshan\.st_workbench\projects\ElectronicSpeedControl_ESC-G4\Inc\parameters_conversion_g4xx.h_save
2026-08-04 17:31:58,263 INFO  [LineInfo_to_exitCode.log_LineInfo] Generated code: C:\Users\wshan\.st_workbench\projects\ElectronicSpeedControl_ESC-G4\Inc\parameters_conversion_g4xx.h
2026-08-04 17:31:58,269 DEBUG [LineInfo_to_exitCode.log_LineInfo] 2026-08-04 17:31:58,269 [INFO] CodeEngine:239 - oldGeneratedFile, C:\Users\wshan\.st_workbench\projects\ElectronicSpeedControl_ESC-G4\Inc\pmsm_motor_parameters.h_save
2026-08-04 17:31:58,321 INFO  [LineInfo_to_exitCode.log_LineInfo] Generated code: C:\Users\wshan\.st_workbench\projects\ElectronicSpeedControl_ESC-G4\Inc\pmsm_motor_parameters.h
2026-08-04 17:31:58,328 DEBUG [LineInfo_to_exitCode.log_LineInfo] 2026-08-04 17:31:58,328 [INFO] CodeEngine:239 - oldGeneratedFile, C:\Users\wshan\.st_workbench\projects\ElectronicSpeedControl_ESC-G4\Inc\power_stage_parameters.h_save
2026-08-04 17:31:58,386 INFO  [LineInfo_to_exitCode.log_LineInfo] Generated code: C:\Users\wshan\.st_workbench\projects\ElectronicSpeedControl_ESC-G4\Inc\power_stage_parameters.h
2026-08-04 17:31:58,394 DEBUG [LineInfo_to_exitCode.log_LineInfo] 2026-08-04 17:31:58,394 [INFO] CodeEngine:239 - oldGeneratedFile, C:\Users\wshan\.st_workbench\projects\ElectronicSpeedControl_ESC-G4\Src\stm32_mc_common_it.c_save
2026-08-04 17:31:58,472 INFO  [LineInfo_to_exitCode.log_LineInfo] Generated code: C:\Users\wshan\.st_workbench\projects\ElectronicSpeedControl_ESC-G4\Src\stm32_mc_common_it.c
2026-08-04 17:31:58,479 DEBUG [LineInfo_to_exitCode.log_LineInfo] 2026-08-04 17:31:58,479 [INFO] CodeEngine:239 - oldGeneratedFile, C:\Users\wshan\.st_workbench\projects\ElectronicSpeedControl_ESC-G4\Src\stm32g4xx_mc_it.c_save
2026-08-04 17:31:58,570 INFO  [LineInfo_to_exitCode.log_LineInfo] Generated code: C:\Users\wshan\.st_workbench\projects\ElectronicSpeedControl_ESC-G4\Src\stm32g4xx_mc_it.c
2026-08-04 17:31:58,577 DEBUG [LineInfo_to_exitCode.log_LineInfo] 2026-08-04 17:31:58,576 [INFO] CodeEngine:239 - oldGeneratedFile, C:\Users\wshan\.st_workbench\projects\ElectronicSpeedControl_ESC-G4\Inc\mc_parameters.h_save
2026-08-04 17:31:58,651 INFO  [LineInfo_to_exitCode.log_LineInfo] Generated code: C:\Users\wshan\.st_workbench\projects\ElectronicSpeedControl_ESC-G4\Inc\mc_parameters.h
2026-08-04 17:31:58,658 DEBUG [LineInfo_to_exitCode.log_LineInfo] 2026-08-04 17:31:58,658 [INFO] CodeEngine:239 - oldGeneratedFile, C:\Users\wshan\.st_workbench\projects\ElectronicSpeedControl_ESC-G4\Src\mc_parameters.c_save
2026-08-04 17:31:58,774 INFO  [LineInfo_to_exitCode.log_LineInfo] Generated code: C:\Users\wshan\.st_workbench\projects\ElectronicSpeedControl_ESC-G4\Src\mc_parameters.c
2026-08-04 17:31:58,781 DEBUG [LineInfo_to_exitCode.log_LineInfo] 2026-08-04 17:31:58,779 [INFO] CodeEngine:239 - oldGeneratedFile, C:\Users\wshan\.st_workbench\projects\ElectronicSpeedControl_ESC-G4\Src\hf_registers.c_save
2026-08-04 17:31:58,845 INFO  [LineInfo_to_exitCode.log_LineInfo] Generated code: C:\Users\wshan\.st_workbench\projects\ElectronicSpeedControl_ESC-G4\Src\hf_registers.c
2026-08-04 17:31:58,852 DEBUG [LineInfo_to_exitCode.log_LineInfo] 2026-08-04 17:31:58,852 [INFO] CodeEngine:239 - oldGeneratedFile, C:\Users\wshan\.st_workbench\projects\ElectronicSpeedControl_ESC-G4\Src\sync_registers.c_save
2026-08-04 17:31:58,952 INFO  [LineInfo_to_exitCode.log_LineInfo] Generated code: C:\Users\wshan\.st_workbench\projects\ElectronicSpeedControl_ESC-G4\Src\sync_registers.c
2026-08-04 17:31:58,959 DEBUG [LineInfo_to_exitCode.log_LineInfo] 2026-08-04 17:31:58,959 [INFO] CodeEngine:239 - oldGeneratedFile, C:\Users\wshan\.st_workbench\projects\ElectronicSpeedControl_ESC-G4\Src\mcp.c_save
2026-08-04 17:31:59,027 INFO  [LineInfo_to_exitCode.log_LineInfo] Generated code: C:\Users\wshan\.st_workbench\projects\ElectronicSpeedControl_ESC-G4\Src\mcp.c
2026-08-04 17:31:59,034 DEBUG [LineInfo_to_exitCode.log_LineInfo] 2026-08-04 17:31:59,034 [INFO] CodeEngine:239 - oldGeneratedFile, C:\Users\wshan\.st_workbench\projects\ElectronicSpeedControl_ESC-G4\Inc\register_interface.h_save
2026-08-04 17:31:59,105 INFO  [LineInfo_to_exitCode.log_LineInfo] Generated code: C:\Users\wshan\.st_workbench\projects\ElectronicSpeedControl_ESC-G4\Inc\register_interface.h
2026-08-04 17:31:59,112 DEBUG [LineInfo_to_exitCode.log_LineInfo] 2026-08-04 17:31:59,111 [INFO] CodeEngine:239 - oldGeneratedFile, C:\Users\wshan\.st_workbench\projects\ElectronicSpeedControl_ESC-G4\Src\usart_aspep_driver.c_save
2026-08-04 17:31:59,167 INFO  [LineInfo_to_exitCode.log_LineInfo] Generated code: C:\Users\wshan\.st_workbench\projects\ElectronicSpeedControl_ESC-G4\Src\usart_aspep_driver.c
2026-08-04 17:31:59,173 DEBUG [LineInfo_to_exitCode.log_LineInfo] 2026-08-04 17:31:59,173 [INFO] CodeEngine:239 - oldGeneratedFile, C:\Users\wshan\.st_workbench\projects\ElectronicSpeedControl_ESC-G4\Src\mc_configuration_registers.c_save
2026-08-04 17:31:59,225 INFO  [LineInfo_to_exitCode.log_LineInfo] Generated code: C:\Users\wshan\.st_workbench\projects\ElectronicSpeedControl_ESC-G4\Src\mc_configuration_registers.c
2026-08-04 17:31:59,231 DEBUG [LineInfo_to_exitCode.log_LineInfo] 2026-08-04 17:31:59,231 [INFO] CodeEngine:239 - oldGeneratedFile, C:\Users\wshan\.st_workbench\projects\ElectronicSpeedControl_ESC-G4\Inc\mc_configuration_registers.h_save
2026-08-04 17:31:59,302 INFO  [LineInfo_to_exitCode.log_LineInfo] Generated code: C:\Users\wshan\.st_workbench\projects\ElectronicSpeedControl_ESC-G4\Inc\mc_configuration_registers.h
2026-08-04 17:31:59,309 DEBUG [LineInfo_to_exitCode.log_LineInfo] 2026-08-04 17:31:59,309 [INFO] CodeEngine:239 - oldGeneratedFile, C:\Users\wshan\.st_workbench\projects\ElectronicSpeedControl_ESC-G4\Inc\aspep.h_save
2026-08-04 17:31:59,375 INFO  [LineInfo_to_exitCode.log_LineInfo] Generated code: C:\Users\wshan\.st_workbench\projects\ElectronicSpeedControl_ESC-G4\Inc\aspep.h
2026-08-04 17:31:59,382 DEBUG [LineInfo_to_exitCode.log_LineInfo] 2026-08-04 17:31:59,382 [INFO] CodeEngine:239 - oldGeneratedFile, C:\Users\wshan\.st_workbench\projects\ElectronicSpeedControl_ESC-G4\Src\aspep.c_save
2026-08-04 17:31:59,458 INFO  [LineInfo_to_exitCode.log_LineInfo] Generated code: C:\Users\wshan\.st_workbench\projects\ElectronicSpeedControl_ESC-G4\Src\aspep.c
2026-08-04 17:31:59,465 DEBUG [LineInfo_to_exitCode.log_LineInfo] 2026-08-04 17:31:59,464 [INFO] CodeEngine:239 - oldGeneratedFile, C:\Users\wshan\.st_workbench\projects\ElectronicSpeedControl_ESC-G4\Inc\mc_app_hooks.h_save
2026-08-04 17:31:59,519 INFO  [LineInfo_to_exitCode.log_LineInfo] Generated code: C:\Users\wshan\.st_workbench\projects\ElectronicSpeedControl_ESC-G4\Inc\mc_app_hooks.h
2026-08-04 17:31:59,525 DEBUG [LineInfo_to_exitCode.log_LineInfo] 2026-08-04 17:31:59,525 [INFO] CodeEngine:239 - oldGeneratedFile, C:\Users\wshan\.st_workbench\projects\ElectronicSpeedControl_ESC-G4\Src\mc_app_hooks.c_save
2026-08-04 17:31:59,577 INFO  [LineInfo_to_exitCode.log_LineInfo] Generated code: C:\Users\wshan\.st_workbench\projects\ElectronicSpeedControl_ESC-G4\Src\mc_app_hooks.c
2026-08-04 17:31:59,600 DEBUG [LineInfo_to_exitCode.log_LineInfo] 2026-08-04 17:31:59,599 [INFO] CodeEngine:239 - oldGeneratedFile, C:\Users\wshan\.st_workbench\projects\ElectronicSpeedControl_ESC-G4\Src\stm32g4xx_it.c_save
2026-08-04 17:31:59,690 INFO  [LineInfo_to_exitCode.log_LineInfo] Generated code: C:\Users\wshan\.st_workbench\projects\ElectronicSpeedControl_ESC-G4\Src\stm32g4xx_it.c
2026-08-04 17:31:59,697 DEBUG [LineInfo_to_exitCode.log_LineInfo] 2026-08-04 17:31:59,697 [INFO] CodeEngine:239 - oldGeneratedFile, C:\Users\wshan\.st_workbench\projects\ElectronicSpeedControl_ESC-G4\Inc\stm32g4xx_it.h_save
2026-08-04 17:31:59,760 INFO  [LineInfo_to_exitCode.log_LineInfo] Generated code: C:\Users\wshan\.st_workbench\projects\ElectronicSpeedControl_ESC-G4\Inc\stm32g4xx_it.h
2026-08-04 17:31:59,776 DEBUG [LineInfo_to_exitCode.log_LineInfo] 2026-08-04 17:31:59,776 [INFO] CodeEngine:239 - oldGeneratedFile, C:\Users\wshan\.st_workbench\projects\ElectronicSpeedControl_ESC-G4\Src\stm32g4xx_hal_msp.c_save
2026-08-04 17:31:59,970 INFO  [LineInfo_to_exitCode.log_LineInfo] Generated code: C:\Users\wshan\.st_workbench\projects\ElectronicSpeedControl_ESC-G4\Src\stm32g4xx_hal_msp.c
2026-08-04 17:31:59,975 DEBUG [LineInfo_to_exitCode.log_LineInfo] 2026-08-04 17:31:59,975 [INFO] CodeEngine:239 - oldGeneratedFile, C:\Users\wshan\.st_workbench\projects\ElectronicSpeedControl_ESC-G4\MXTmpFiles\system.tmp_save
2026-08-04 17:32:00,025 DEBUG [LineInfo_to_exitCode.log_LineInfo] 2026-08-04 17:32:00,025 [INFO] CodeEngine:257 - Generated code: C:\Users\wshan\.st_workbench\projects\ElectronicSpeedControl_ESC-G4\MXTmpFiles\system.tmp
2026-08-04 17:32:00,037 DEBUG [LineInfo_to_exitCode.log_LineInfo] 2026-08-04 17:32:00,036 [INFO] CodeEngine:239 - oldGeneratedFile, C:\Users\wshan\.st_workbench\projects\ElectronicSpeedControl_ESC-G4\Inc\stm32g4xx_hal_conf.h_save
2026-08-04 17:32:00,101 INFO  [LineInfo_to_exitCode.log_LineInfo] Generated code: C:\Users\wshan\.st_workbench\projects\ElectronicSpeedControl_ESC-G4\Inc\stm32g4xx_hal_conf.h
2026-08-04 17:32:00,156 DEBUG [LineInfo_to_exitCode.log_LineInfo] 2026-08-04 17:32:00,156 [INFO] CodeEngine:239 - oldGeneratedFile, C:\Users\wshan\.st_workbench\projects\ElectronicSpeedControl_ESC-G4\Inc\main.h_save
2026-08-04 17:32:00,227 INFO  [LineInfo_to_exitCode.log_LineInfo] Generated code: C:\Users\wshan\.st_workbench\projects\ElectronicSpeedControl_ESC-G4\Inc\main.h
2026-08-04 17:32:00,234 DEBUG [LineInfo_to_exitCode.log_LineInfo] 2026-08-04 17:32:00,234 [INFO] CodeEngine:239 - oldGeneratedFile, C:\Users\wshan\.st_workbench\projects\ElectronicSpeedControl_ESC-G4\Src\main.c_save
2026-08-04 17:32:00,431 INFO  [LineInfo_to_exitCode.log_LineInfo] Generated code: C:\Users\wshan\.st_workbench\projects\ElectronicSpeedControl_ESC-G4\Src\main.c
2026-08-04 17:32:00,851 DEBUG [LineInfo_to_exitCode.log_LineInfo] 2026-08-04 17:32:00,851 [INFO] ProjectBuilder:2578 - Time for Copy HAL[0] : 84mS.
2026-08-04 17:32:00,861 DEBUG [LineInfo_to_exitCode.log_LineInfo] 2026-08-04 17:32:00,861 [INFO] ProjectBuilder:3622 - Project Generator version: 3.14.1
2026-08-04 17:32:01,055 DEBUG [LineInfo_to_exitCode.log_LineInfo] 2026-08-04 17:32:01,055 [INFO] ConfigFileManager:1271 - The Die is : DIE468
2026-08-04 17:32:01,060 DEBUG [LineInfo_to_exitCode.log_LineInfo] 2026-08-04 17:32:01,059 [INFO] ApiDbMcu:468 - Load IP Config File for FATFS
2026-08-04 17:32:01,064 DEBUG [LineInfo_to_exitCode.log_LineInfo] 2026-08-04 17:32:01,063 [INFO] ApiDbMcu:468 - Load IP Config File for FREERTOS
2026-08-04 17:32:01,068 DEBUG [LineInfo_to_exitCode.log_LineInfo] 2026-08-04 17:32:01,067 [INFO] ApiDbMcu:468 - Load IP Config File for USBPD
2026-08-04 17:32:01,076 DEBUG [LineInfo_to_exitCode.log_LineInfo] 2026-08-04 17:32:01,075 [INFO] ApiDbMcu:468 - Load IP Config File for USB_Device
2026-08-04 17:32:09,601 DEBUG [LineInfo_to_exitCode.log_LineInfo] 2026-08-04 17:32:09,600 [INFO] ConfigFileManager:2442 - mx.scratch is deleted!
2026-08-04 17:32:09,601 DEBUG [LineInfo_to_exitCode.log_LineInfo] 2026-08-04 17:32:09,601 [INFO] ProjectBuilder:3789 - Time for Generating toolchain IDE Files: 8740mS.
2026-08-04 17:32:10,454 DEBUG [LineInfo_to_exitCode.log_LineInfo] 2026-08-04 17:32:10,454 [INFO] ProjectBuilder:2457 - Time for Copy CMSIS : 853mS.
2026-08-04 17:32:11,304 DEBUG [LineInfo_to_exitCode.log_LineInfo] 2026-08-04 17:32:11,304 [INFO] ProjectBuilder:2457 - Time for Copy CMSIS : 846mS.
2026-08-04 17:35:26,565 DEBUG [IOCDialogController.lambda$onClose$8] IOCGenerationDialog exists with return code 1
2026-08-04 17:35:31,800 DEBUG [WB_to_MX.lambda$run_gui_mode$0] Arguments: [-mx_timeout, -1, -pack, assets/MotorControlPack/MotorControl.zip, -exp, templates/wb-defines_where_and_what.txt, -ftl, templates/wb_ioc_template.ftl, -xdm, C:\Users\wshan\.st_workbench\projects\ElectronicSpeedControl_ESC-G4\ElectronicSpeedControl_ESC-G4.wbdef, -ioc, C:\Users\wshan\.st_workbench\projects\ElectronicSpeedControl_ESC-G4\ElectronicSpeedControl_ESC-G4.ioc]
2026-08-04 17:35:31,800 DEBUG [ArgsValue.lambda$retrieve$2] CLI_ARG[ftl]: templates/wb_ioc_template.ftl
2026-08-04 17:35:31,800 DEBUG [ArgsValue.lambda$retrieve$2] CLI_ARG[exp]: templates/wb-defines_where_and_what.txt
2026-08-04 17:35:31,800 DEBUG [ArgsValue.lambda$retrieve$2] CLI_ARG[xdm]: C:\Users\wshan\.st_workbench\projects\ElectronicSpeedControl_ESC-G4\ElectronicSpeedControl_ESC-G4.wbdef
2026-08-04 17:35:31,800 DEBUG [ArgsValue.lambda$retrieve$2] CLI_ARG[ioc]: C:\Users\wshan\.st_workbench\projects\ElectronicSpeedControl_ESC-G4\ElectronicSpeedControl_ESC-G4.ioc
2026-08-04 17:35:31,800 DEBUG [ArgsValue.lambda$retrieve$2] CLI_ARG[pack]: assets/MotorControlPack/MotorControl.zip
2026-08-04 17:35:31,800 DEBUG [ArgsValue.lambda$retrieve$2] CLI_ARG[mx_timeout]: -1
2026-08-04 17:35:31,800 DEBUG [ArgsValue.retrieve] {xdm=C:\Users\wshan\.st_workbench\projects\ElectronicSpeedControl_ESC-G4\ElectronicSpeedControl_ESC-G4.wbdef, updftl=templates/wb_ioc_mc-middleware.ftl, mx_timeout=-1, exp=templates/wb-defines_where_and_what.txt, ioc=C:\Users\wshan\.st_workbench\projects\ElectronicSpeedControl_ESC-G4\ElectronicSpeedControl_ESC-G4.ioc, pack=assets/MotorControlPack/MotorControl.zip, ftl=templates/wb_ioc_template.ftl}
2026-08-04 17:35:31,801 DEBUG [WB_to_MX.run] Targeted MCU family = G4
2026-08-04 17:35:31,801 DEBUG [WB_to_MX.run] Minimum associated CubeMx to the `6.0.0-a0` targeted MCU family is `G4`
2026-08-04 17:35:37,099 DEBUG [EnvironmentChecker.checkPack] STM32CubeMX.Version: 6.3.0-RC5
2026-08-04 17:35:37,101 DEBUG [RetrieveFirmwareVersion.from_zip] Trying to read Firmware version from zipped version Pack: C:\Program Files (x86)\STMicroelectronics\MC_SDK_6.4.2\Utilities\PC_Software\STMCWB\assets\MotorControlPack\MotorControl.zip
2026-08-04 17:35:37,110 DEBUG [RetrieveFirmwareVersion.minimum_supporte_version] minimum_supporte_version MotorControlFirmware.Version: 6.4.2-Full
2026-08-04 17:35:37,110 DEBUG [PackInfoFactory.deploy_MCPack_to_MxRepo] Deployment strategy class: VersionedFolderStyle_MCPackDeployer
2026-08-04 17:35:37,111 DEBUG [PackInfoFactory.deploy_MCPack_to_MxRepo] Expected MC Pack 6.4.2-Full already deployed
2026-08-04 17:35:37,114 DEBUG [DataSetUpdater.update] Updating data set
2026-08-04 17:35:37,115 DEBUG [DataSetUpdater.update] Update done
2026-08-04 17:35:37,115 INFO  [IocGenerator.logModulesVersionInfo] Version info: 
2026-08-04 17:35:37,115 INFO  [IocGenerator.logModulesVersionInfo]   MC Workbench       : 6.4.2
2026-08-04 17:35:37,116 INFO  [IocGenerator.logModulesVersionInfo]   WB_to_Mx           : 6.4.2.template-25-05-06
2026-08-04 17:35:37,116 INFO  [IocGenerator.logModulesVersionInfo]   STM32CubeMX        : 6.3.0
2026-08-04 17:35:37,116 INFO  [IocGenerator.logModulesVersionInfo]   MC Firmware Library: 6.4.2-Full
2026-08-04 17:35:37,116 INFO  [IocGenerator.logModulesVersionInfo] 
Generation options: 
2026-08-04 17:35:37,116 INFO  [IocGenerator.logModulesVersionInfo]   Target Toolchain   : ST STM32CubeIDE
2026-08-04 17:35:37,116 INFO  [IocGenerator.logModulesVersionInfo]   Target Driver      : HAL - Hardware Abstraction Layer
2026-08-04 17:35:37,116 INFO  [IocGenerator.logModulesVersionInfo]   Target STM32 FW    : Latest

2026-08-04 17:35:37,117 DEBUG [IocGenerator.process] C:\Users\wshan\.st_workbench\projects\ElectronicSpeedControl_ESC-G4\ElectronicSpeedControl_ESC-G4.ioc ioc file: Generating
2026-08-04 17:35:37,117 DEBUG [IocGenerator.createOutput] Generating file from template templates\wb_ioc_template.ftl
2026-08-04 17:35:37,389 DEBUG [IocGenerator.process] ioc file C:\Users\wshan\.st_workbench\projects\ElectronicSpeedControl_ESC-G4\ElectronicSpeedControl_ESC-G4.ioc Generated
2026-08-04 17:35:37,390 INFO  [LineInfo_to_exitCode.log_LineInfo] C:\Users\wshan\.st_workbench\projects\ElectronicSpeedControl_ESC-G4\ElectronicSpeedControl_ESC-G4.ioc ioc: Generated
2026-08-04 17:35:37,418 INFO  [Wb2MxProcess.lambda$copyFolder$e7a869af$1] Folder Overwritten C:\Users\wshan\.st_workbench\projects\ElectronicSpeedControl_ESC-G4\ftl
2026-08-04 17:35:37,422 INFO  [extSettings.lambda$writeContentToFile$f5919002$1] Generated C:\Users\wshan\.st_workbench\projects\ElectronicSpeedControl_ESC-G4\.extSettings
2026-08-04 17:35:37,424 INFO  [Wb2MxProcess.lambda$run$$19] 
Started STM32CubeMX for final c-code generation
2026-08-04 17:35:37,425 DEBUG [CubeMxRunner.create_code_generation_script_for] Generated CubeMx script file: C:\Users\wshan\AppData\Local\Temp\WB_to_Mx-electronicspeedcontrolescg-17652058858276067538.script
2026-08-04 17:35:37,741 DEBUG [LineInfo_to_exitCode.log_LineInfo] 2026-08-04 17:35:37,739 [INFO] MicroXplorer:89 - [MX] MX Start == 115082887268100
2026-08-04 17:35:37,742 DEBUG [LineInfo_to_exitCode.log_LineInfo] 2026-08-04 17:35:37,741 [INFO] MicroXplorer:633 - Detected Java Version = 11.0.10
2026-08-04 17:35:37,747 DEBUG [LineInfo_to_exitCode.log_LineInfo] 2026-08-04 17:35:37,747 [INFO] ApplicationProperties:181 - Using Application install path: C:\Program Files\STMicroelectronics\STM32Cube\STM32CubeMX
2026-08-04 17:35:37,760 DEBUG [LineInfo_to_exitCode.log_LineInfo] 2026-08-04 17:35:37,758 [INFO] DbMcusXml:74 - Set database path to: C:\Program Files\STMicroelectronics\STM32Cube\STM32CubeMX\\db\/mcu/
2026-08-04 17:35:37,763 DEBUG [LineInfo_to_exitCode.log_LineInfo] 2026-08-04 17:35:37,762 [INFO] DbBoardsPdsc:56 - Set plugin database path to: C:\Program Files\STMicroelectronics\STM32Cube\STM32CubeMX\\db\/plugins/boardmanager/
2026-08-04 17:35:37,763 DEBUG [LineInfo_to_exitCode.log_LineInfo] 2026-08-04 17:35:37,763 [INFO] DbMcus:258 - Set plugin images path to: C:\Program Files\STMicroelectronics\STM32Cube\STM32CubeMX\\db\/plugins/mcufinder/images/
2026-08-04 17:35:37,764 DEBUG [LineInfo_to_exitCode.log_LineInfo] 2026-08-04 17:35:37,763 [INFO] DbBoards:264 - Set plugin images path to: C:\Program Files\STMicroelectronics\STM32Cube\STM32CubeMX\\db\/plugins/mcufinder/images/
2026-08-04 17:35:37,766 DEBUG [LineInfo_to_exitCode.log_LineInfo] 2026-08-04 17:35:37,766 [INFO] DbExamples:333 - Set plugin images path to: C:\Program Files\STMicroelectronics\STM32Cube\STM32CubeMX\\db\/plugins/mcufinder/images/
2026-08-04 17:35:37,767 DEBUG [LineInfo_to_exitCode.log_LineInfo] 2026-08-04 17:35:37,766 [INFO] McuFinderGlobals:39 - Set McuFinder mode to 1 (CubeMX integrated)
2026-08-04 17:35:37,772 DEBUG [LineInfo_to_exitCode.log_LineInfo] 2026-08-04 17:35:37,771 [INFO] DbMcusAds:119 - Set database path to: C:\Users\wshan\.stmcufinder\plugins\mcufinder//mcu/
2026-08-04 17:35:37,772 DEBUG [LineInfo_to_exitCode.log_LineInfo] 2026-08-04 17:35:37,772 [INFO] DbMcusDocs:110 - Set database path to: C:\Users\wshan\.stmcufinder\plugins\mcufinder//mcu/
2026-08-04 17:35:37,774 DEBUG [LineInfo_to_exitCode.log_LineInfo] 2026-08-04 17:35:37,773 [INFO] DbMcusJson:64 - Set database path to: C:\Users\wshan\.stmcufinder\plugins\mcufinder//mcu/
2026-08-04 17:35:37,774 DEBUG [LineInfo_to_exitCode.log_LineInfo] 2026-08-04 17:35:37,774 [INFO] DbBoardsDocs:110 - Set database path to: C:\Users\wshan\.stmcufinder\plugins\mcufinder//mcu/
2026-08-04 17:35:37,775 DEBUG [LineInfo_to_exitCode.log_LineInfo] 2026-08-04 17:35:37,775 [INFO] DbBoardsJson:57 - Set database path to: C:\Users\wshan\.stmcufinder\plugins\mcufinder//mcu/
2026-08-04 17:35:37,886 DEBUG [LineInfo_to_exitCode.log_LineInfo] 2026-08-04 17:35:37,886 [INFO] CrossReferenceDbSqlite:196 - Set database path to: C:\Users\wshan\.stmcufinder\plugins\mcufinder//mcu/cs/
2026-08-04 17:35:37,890 DEBUG [LineInfo_to_exitCode.log_LineInfo] 2026-08-04 17:35:37,888 [INFO] DbExamplesSqlite:767 - Set database path to: C:\Users\wshan\.stmcufinder\plugins\mcufinder//mcu/
2026-08-04 17:35:38,023 DEBUG [LineInfo_to_exitCode.log_LineInfo] 2026-08-04 17:35:38,022 [INFO] RulesReader:57 - Compatibility file has been processed (242 Rules)
2026-08-04 17:35:38,099 DEBUG [LineInfo_to_exitCode.log_LineInfo] 2026-08-04 17:35:38,099 [INFO] STM32CubeMX:55 - Starting STM32CubeMX
2026-08-04 17:35:38,882 DEBUG [LineInfo_to_exitCode.log_LineInfo] 2026-08-04 17:35:38,882 [INFO] MainPanel:214 - HeapMemory: 528482304
2026-08-04 17:35:39,020 DEBUG [LineInfo_to_exitCode.log_LineInfo] 2026-08-04 17:35:39,020 [INFO] DbMcusXml:74 - Set database path to: C:\Program Files\STMicroelectronics\STM32Cube\STM32CubeMX\\db\/mcu/
2026-08-04 17:35:39,020 DEBUG [LineInfo_to_exitCode.log_LineInfo] 2026-08-04 17:35:39,020 [INFO] DbBoardsPdsc:56 - Set plugin database path to: C:\Program Files\STMicroelectronics\STM32Cube\STM32CubeMX\\db\/plugins/boardmanager/
2026-08-04 17:35:39,021 DEBUG [LineInfo_to_exitCode.log_LineInfo] 2026-08-04 17:35:39,020 [INFO] DbMcus:258 - Set plugin images path to: C:\Program Files\STMicroelectronics\STM32Cube\STM32CubeMX\\db\/plugins/mcufinder/images/
2026-08-04 17:35:39,021 DEBUG [LineInfo_to_exitCode.log_LineInfo] 2026-08-04 17:35:39,021 [INFO] DbBoards:264 - Set plugin images path to: C:\Program Files\STMicroelectronics\STM32Cube\STM32CubeMX\\db\/plugins/mcufinder/images/
2026-08-04 17:35:39,021 DEBUG [LineInfo_to_exitCode.log_LineInfo] 2026-08-04 17:35:39,021 [INFO] DbExamples:333 - Set plugin images path to: C:\Program Files\STMicroelectronics\STM32Cube\STM32CubeMX\\db\/plugins/mcufinder/images/
2026-08-04 17:35:39,022 DEBUG [LineInfo_to_exitCode.log_LineInfo] 2026-08-04 17:35:39,021 [INFO] DbMcusAds:119 - Set database path to: C:\Users\wshan\.stmcufinder\plugins\mcufinder//mcu/
2026-08-04 17:35:39,022 DEBUG [LineInfo_to_exitCode.log_LineInfo] 2026-08-04 17:35:39,022 [INFO] DbMcusDocs:110 - Set database path to: C:\Users\wshan\.stmcufinder\plugins\mcufinder//mcu/
2026-08-04 17:35:39,022 DEBUG [LineInfo_to_exitCode.log_LineInfo] 2026-08-04 17:35:39,022 [INFO] DbMcusJson:64 - Set database path to: C:\Users\wshan\.stmcufinder\plugins\mcufinder//mcu/
2026-08-04 17:35:39,023 DEBUG [LineInfo_to_exitCode.log_LineInfo] 2026-08-04 17:35:39,022 [INFO] DbBoardsDocs:110 - Set database path to: C:\Users\wshan\.stmcufinder\plugins\mcufinder//mcu/
2026-08-04 17:35:39,023 DEBUG [LineInfo_to_exitCode.log_LineInfo] 2026-08-04 17:35:39,023 [INFO] DbBoardsJson:57 - Set database path to: C:\Users\wshan\.stmcufinder\plugins\mcufinder//mcu/
2026-08-04 17:35:39,023 DEBUG [LineInfo_to_exitCode.log_LineInfo] 2026-08-04 17:35:39,023 [INFO] CrossReferenceDbSqlite:196 - Set database path to: C:\Users\wshan\.stmcufinder\plugins\mcufinder//mcu/cs/
2026-08-04 17:35:39,023 DEBUG [LineInfo_to_exitCode.log_LineInfo] 2026-08-04 17:35:39,023 [INFO] DbExamplesSqlite:767 - Set database path to: C:\Users\wshan\.stmcufinder\plugins\mcufinder//mcu/
2026-08-04 17:35:39,050 DEBUG [LineInfo_to_exitCode.log_LineInfo] 2026-08-04 17:35:39,049 [INFO] ApplicationProperties:181 - Using Application install path: C:\Program Files\STMicroelectronics\STM32Cube\STM32CubeMX
2026-08-04 17:35:39,051 DEBUG [LineInfo_to_exitCode.log_LineInfo] 2026-08-04 17:35:39,051 [INFO] PluginManage:188 - Search for loadable plugins [exclusion list=, ]
2026-08-04 17:35:39,053 DEBUG [LineInfo_to_exitCode.log_LineInfo] 2026-08-04 17:35:39,053 [INFO] PluginManage:302 - Check plugin analytics
2026-08-04 17:35:39,298 DEBUG [LineInfo_to_exitCode.log_LineInfo] 2026-08-04 17:35:39,297 [INFO] AnalyticsPlugin:257 - Accepted Software Licenses: STM32CubeMX.6.3.0,STM32CubeMX.6.10.0,STM32CubeMX.6.15.0
2026-08-04 17:35:39,301 DEBUG [LineInfo_to_exitCode.log_LineInfo] 2026-08-04 17:35:39,298 [INFO] AnalyticsPlugin:259 - Accepted CMSIS Pack Licenses: 
2026-08-04 17:35:39,302 DEBUG [LineInfo_to_exitCode.log_LineInfo] 2026-08-04 17:35:39,298 [INFO] AnalyticsPlugin:261 - Accepted Firmware Licenses: FW.F7.1.17.0,FW.WBA.1.4.0,FW.G0.1.6.0,FW.F4.1.28.0,FW.MP2.1.2.0
2026-08-04 17:35:39,302 DEBUG [LineInfo_to_exitCode.log_LineInfo] 2026-08-04 17:35:39,299 [INFO] PluginManage:352 - Loaded plugin analytics (category:tool,tabindex:-1)
2026-08-04 17:35:39,302 DEBUG [LineInfo_to_exitCode.log_LineInfo] 2026-08-04 17:35:39,300 [INFO] PluginManage:302 - Check plugin clock
2026-08-04 17:35:39,309 DEBUG [LineInfo_to_exitCode.log_LineInfo] 2026-08-04 17:35:39,309 [INFO] PluginManage:352 - Loaded plugin clock (category:base,tabindex:2)
2026-08-04 17:35:39,311 DEBUG [LineInfo_to_exitCode.log_LineInfo] 2026-08-04 17:35:39,309 [INFO] PluginManage:302 - Check plugin ddr
2026-08-04 17:35:39,314 DEBUG [LineInfo_to_exitCode.log_LineInfo] 2026-08-04 17:35:39,313 [INFO] PluginManage:352 - Loaded plugin ddr (category:tool,tabindex:6)
2026-08-04 17:35:39,314 DEBUG [LineInfo_to_exitCode.log_LineInfo] 2026-08-04 17:35:39,314 [INFO] PluginManage:302 - Check plugin filemanager
2026-08-04 17:35:39,448 DEBUG [LineInfo_to_exitCode.log_LineInfo] 2026-08-04 17:35:39,448 [INFO] PluginManage:352 - Loaded plugin filemanager (category:base,tabindex:10)
2026-08-04 17:35:39,449 DEBUG [LineInfo_to_exitCode.log_LineInfo] 2026-08-04 17:35:39,448 [INFO] PluginManage:302 - Check plugin ipmanager
2026-08-04 17:35:39,463 DEBUG [LineInfo_to_exitCode.log_LineInfo] 2026-08-04 17:35:39,462 [INFO] PluginManage:352 - Loaded plugin ipmanager (category:base,tabindex:5)
2026-08-04 17:35:39,463 DEBUG [LineInfo_to_exitCode.log_LineInfo] 2026-08-04 17:35:39,462 [INFO] PluginManage:302 - Check plugin pinoutandconfiguration
2026-08-04 17:35:39,469 DEBUG [LineInfo_to_exitCode.log_LineInfo] 2026-08-04 17:35:39,469 [INFO] PluginManage:352 - Loaded plugin pinoutandconfiguration (category:base,tabindex:1)
2026-08-04 17:35:39,469 DEBUG [LineInfo_to_exitCode.log_LineInfo] 2026-08-04 17:35:39,469 [INFO] PluginManage:302 - Check plugin pinoutconfig
2026-08-04 17:35:39,546 DEBUG [LineInfo_to_exitCode.log_LineInfo] 2026-08-04 17:35:39,544 [INFO] PluginManage:352 - Loaded plugin pinoutconfig (category:base,tabindex:0)
2026-08-04 17:35:39,546 DEBUG [LineInfo_to_exitCode.log_LineInfo] 2026-08-04 17:35:39,546 [INFO] PluginManage:302 - Check plugin power
2026-08-04 17:35:39,559 DEBUG [LineInfo_to_exitCode.log_LineInfo] 2026-08-04 17:35:39,558 [INFO] PluginManage:352 - Loaded plugin power (category:power,tabindex:4)
2026-08-04 17:35:39,559 DEBUG [LineInfo_to_exitCode.log_LineInfo] 2026-08-04 17:35:39,559 [INFO] PluginManage:302 - Check plugin projectmanager
2026-08-04 17:35:39,626 DEBUG [LineInfo_to_exitCode.log_LineInfo] 2026-08-04 17:35:39,626 [INFO] PluginManage:352 - Loaded plugin projectmanager (category:projectmanager,tabindex:3)
2026-08-04 17:35:39,626 DEBUG [LineInfo_to_exitCode.log_LineInfo] 2026-08-04 17:35:39,626 [INFO] PluginManage:302 - Check plugin thirdparty
2026-08-04 17:35:39,755 DEBUG [LineInfo_to_exitCode.log_LineInfo] 2026-08-04 17:35:39,752 [INFO] PluginManage:352 - Loaded plugin thirdparty (category:base,tabindex:-1)
2026-08-04 17:35:39,755 DEBUG [LineInfo_to_exitCode.log_LineInfo] 2026-08-04 17:35:39,755 [INFO] IntegrityCheckThread:80 - entering critical section [integrity check]
2026-08-04 17:35:39,756 DEBUG [LineInfo_to_exitCode.log_LineInfo] 2026-08-04 17:35:39,755 [INFO] PluginManage:302 - Check plugin tools
2026-08-04 17:35:39,756 DEBUG [LineInfo_to_exitCode.log_LineInfo] 2026-08-04 17:35:39,755 [INFO] ThirdPartyUpdaterWithRetryManager:66 - Updater plugin not ready yet. [1/15]
2026-08-04 17:35:39,758 DEBUG [LineInfo_to_exitCode.log_LineInfo] 2026-08-04 17:35:39,758 [INFO] PluginManage:352 - Loaded plugin tools (category:base,tabindex:7)
2026-08-04 17:35:39,759 DEBUG [LineInfo_to_exitCode.log_LineInfo] 2026-08-04 17:35:39,758 [INFO] PluginManage:302 - Check plugin tutovideos
2026-08-04 17:35:39,959 DEBUG [LineInfo_to_exitCode.log_LineInfo] 2026-08-04 17:35:39,958 [INFO] PluginManage:352 - Loaded plugin tutovideos (category:base,tabindex:-1)
2026-08-04 17:35:39,959 DEBUG [LineInfo_to_exitCode.log_LineInfo] 2026-08-04 17:35:39,959 [INFO] PluginManage:302 - Check plugin updater
2026-08-04 17:35:39,973 DEBUG [LineInfo_to_exitCode.log_LineInfo] 2026-08-04 17:35:39,973 [INFO] PluginManage:352 - Loaded plugin updater (category:base,tabindex:12)
2026-08-04 17:35:39,974 DEBUG [LineInfo_to_exitCode.log_LineInfo] 2026-08-04 17:35:39,973 [INFO] PluginManage:275 - PluginManage : Loaded plugins [13]
2026-08-04 17:35:40,183 DEBUG [LineInfo_to_exitCode.log_LineInfo] 2026-08-04 17:35:40,183 [INFO] PinOutPanel:1463 - setPackage(No Configuration,No Configuration)
2026-08-04 17:35:40,286 DEBUG [LineInfo_to_exitCode.log_LineInfo] 2026-08-04 17:35:40,285 [INFO] IPUIPlugin:74 - create IPUIPlugin
2026-08-04 17:35:40,286 DEBUG [LineInfo_to_exitCode.log_LineInfo] 2026-08-04 17:35:40,286 [INFO] PluginManager:213 - loadIPPluginJar : add adc
2026-08-04 17:35:40,289 DEBUG [LineInfo_to_exitCode.log_LineInfo] 2026-08-04 17:35:40,289 [INFO] IPUIPlugin:74 - create IPUIPlugin
2026-08-04 17:35:40,290 DEBUG [LineInfo_to_exitCode.log_LineInfo] 2026-08-04 17:35:40,289 [INFO] PluginManager:213 - loadIPPluginJar : add aes
2026-08-04 17:35:40,293 DEBUG [LineInfo_to_exitCode.log_LineInfo] 2026-08-04 17:35:40,292 [INFO] IPUIPlugin:74 - create IPUIPlugin
2026-08-04 17:35:40,293 DEBUG [LineInfo_to_exitCode.log_LineInfo] 2026-08-04 17:35:40,293 [INFO] PluginManager:213 - loadIPPluginJar : add can
2026-08-04 17:35:40,296 DEBUG [LineInfo_to_exitCode.log_LineInfo] 2026-08-04 17:35:40,295 [INFO] IPUIPlugin:74 - create IPUIPlugin
2026-08-04 17:35:40,296 DEBUG [LineInfo_to_exitCode.log_LineInfo] 2026-08-04 17:35:40,296 [INFO] PluginManager:213 - loadIPPluginJar : add comp
2026-08-04 17:35:40,300 DEBUG [LineInfo_to_exitCode.log_LineInfo] 2026-08-04 17:35:40,299 [INFO] IPUIPlugin:74 - create IPUIPlugin
2026-08-04 17:35:40,300 DEBUG [LineInfo_to_exitCode.log_LineInfo] 2026-08-04 17:35:40,300 [INFO] PluginManager:213 - loadIPPluginJar : add cryp
2026-08-04 17:35:40,303 DEBUG [LineInfo_to_exitCode.log_LineInfo] 2026-08-04 17:35:40,301 [INFO] IPUIPlugin:74 - create IPUIPlugin
2026-08-04 17:35:40,303 DEBUG [LineInfo_to_exitCode.log_LineInfo] 2026-08-04 17:35:40,303 [INFO] PluginManager:213 - loadIPPluginJar : add dfsdm
2026-08-04 17:35:40,308 DEBUG [LineInfo_to_exitCode.log_LineInfo] 2026-08-04 17:35:40,308 [INFO] IPUIPlugin:74 - create IPUIPlugin
2026-08-04 17:35:40,309 DEBUG [LineInfo_to_exitCode.log_LineInfo] 2026-08-04 17:35:40,308 [INFO] PluginManager:213 - loadIPPluginJar : add dma
2026-08-04 17:35:40,312 DEBUG [LineInfo_to_exitCode.log_LineInfo] 2026-08-04 17:35:40,311 [INFO] IPUIPlugin:74 - create IPUIPlugin
2026-08-04 17:35:40,312 DEBUG [LineInfo_to_exitCode.log_LineInfo] 2026-08-04 17:35:40,311 [INFO] PluginManager:213 - loadIPPluginJar : add dma3
2026-08-04 17:35:40,314 DEBUG [LineInfo_to_exitCode.log_LineInfo] 2026-08-04 17:35:40,314 [INFO] IPUIPlugin:74 - create IPUIPlugin
2026-08-04 17:35:40,314 DEBUG [LineInfo_to_exitCode.log_LineInfo] 2026-08-04 17:35:40,314 [INFO] PluginManager:213 - loadIPPluginJar : add fatfs
2026-08-04 17:35:40,319 DEBUG [LineInfo_to_exitCode.log_LineInfo] 2026-08-04 17:35:40,318 [INFO] IPUIPlugin:74 - create IPUIPlugin
2026-08-04 17:35:40,319 DEBUG [LineInfo_to_exitCode.log_LineInfo] 2026-08-04 17:35:40,319 [INFO] PluginManager:213 - loadIPPluginJar : add fmc
2026-08-04 17:35:40,324 DEBUG [LineInfo_to_exitCode.log_LineInfo] 2026-08-04 17:35:40,324 [INFO] IPUIPlugin:74 - create IPUIPlugin
2026-08-04 17:35:40,325 DEBUG [LineInfo_to_exitCode.log_LineInfo] 2026-08-04 17:35:40,324 [INFO] PluginManager:213 - loadIPPluginJar : add freertos
2026-08-04 17:35:40,326 DEBUG [LineInfo_to_exitCode.log_LineInfo] 2026-08-04 17:35:40,326 [INFO] IPUIPlugin:74 - create IPUIPlugin
2026-08-04 17:35:40,327 DEBUG [LineInfo_to_exitCode.log_LineInfo] 2026-08-04 17:35:40,326 [INFO] PluginManager:213 - loadIPPluginJar : add genericplugin
2026-08-04 17:35:40,329 DEBUG [LineInfo_to_exitCode.log_LineInfo] 2026-08-04 17:35:40,329 [INFO] IPUIPlugin:74 - create IPUIPlugin
2026-08-04 17:35:40,330 DEBUG [LineInfo_to_exitCode.log_LineInfo] 2026-08-04 17:35:40,329 [INFO] PluginManager:213 - loadIPPluginJar : add gfxmmu
2026-08-04 17:35:40,334 DEBUG [LineInfo_to_exitCode.log_LineInfo] 2026-08-04 17:35:40,334 [INFO] IPUIPlugin:74 - create IPUIPlugin
2026-08-04 17:35:40,335 DEBUG [LineInfo_to_exitCode.log_LineInfo] 2026-08-04 17:35:40,334 [INFO] PluginManager:213 - loadIPPluginJar : add gic
2026-08-04 17:35:40,337 DEBUG [LineInfo_to_exitCode.log_LineInfo] 2026-08-04 17:35:40,337 [INFO] IPUIPlugin:74 - create IPUIPlugin
2026-08-04 17:35:40,339 DEBUG [LineInfo_to_exitCode.log_LineInfo] 2026-08-04 17:35:40,337 [INFO] PluginManager:213 - loadIPPluginJar : add gpio
2026-08-04 17:35:40,341 DEBUG [LineInfo_to_exitCode.log_LineInfo] 2026-08-04 17:35:40,340 [INFO] IPUIPlugin:74 - create IPUIPlugin
2026-08-04 17:35:40,341 DEBUG [LineInfo_to_exitCode.log_LineInfo] 2026-08-04 17:35:40,341 [INFO] PluginManager:213 - loadIPPluginJar : add gtzc
2026-08-04 17:35:40,344 DEBUG [LineInfo_to_exitCode.log_LineInfo] 2026-08-04 17:35:40,343 [INFO] IPUIPlugin:74 - create IPUIPlugin
2026-08-04 17:35:40,344 DEBUG [LineInfo_to_exitCode.log_LineInfo] 2026-08-04 17:35:40,344 [INFO] PluginManager:213 - loadIPPluginJar : add hash
2026-08-04 17:35:40,347 DEBUG [LineInfo_to_exitCode.log_LineInfo] 2026-08-04 17:35:40,347 [INFO] IPUIPlugin:74 - create IPUIPlugin
2026-08-04 17:35:40,347 DEBUG [LineInfo_to_exitCode.log_LineInfo] 2026-08-04 17:35:40,347 [INFO] PluginManager:213 - loadIPPluginJar : add i2c
2026-08-04 17:35:40,349 DEBUG [LineInfo_to_exitCode.log_LineInfo] 2026-08-04 17:35:40,349 [INFO] IPUIPlugin:74 - create IPUIPlugin
2026-08-04 17:35:40,351 DEBUG [LineInfo_to_exitCode.log_LineInfo] 2026-08-04 17:35:40,349 [INFO] PluginManager:213 - loadIPPluginJar : add i2s
2026-08-04 17:35:40,354 DEBUG [LineInfo_to_exitCode.log_LineInfo] 2026-08-04 17:35:40,354 [INFO] IPUIPlugin:74 - create IPUIPlugin
2026-08-04 17:35:40,355 DEBUG [LineInfo_to_exitCode.log_LineInfo] 2026-08-04 17:35:40,354 [INFO] PluginManager:213 - loadIPPluginJar : add ipddr
2026-08-04 17:35:40,361 DEBUG [LineInfo_to_exitCode.log_LineInfo] 2026-08-04 17:35:40,361 [INFO] IPUIPlugin:74 - create IPUIPlugin
2026-08-04 17:35:40,361 DEBUG [LineInfo_to_exitCode.log_LineInfo] 2026-08-04 17:35:40,361 [INFO] PluginManager:213 - loadIPPluginJar : add linkedlist
2026-08-04 17:35:40,364 DEBUG [LineInfo_to_exitCode.log_LineInfo] 2026-08-04 17:35:40,363 [INFO] IPUIPlugin:74 - create IPUIPlugin
2026-08-04 17:35:40,364 DEBUG [LineInfo_to_exitCode.log_LineInfo] 2026-08-04 17:35:40,364 [INFO] PluginManager:213 - loadIPPluginJar : add lorawan
2026-08-04 17:35:40,366 DEBUG [LineInfo_to_exitCode.log_LineInfo] 2026-08-04 17:35:40,365 [INFO] IPUIPlugin:74 - create IPUIPlugin
2026-08-04 17:35:40,366 DEBUG [LineInfo_to_exitCode.log_LineInfo] 2026-08-04 17:35:40,366 [INFO] PluginManager:213 - loadIPPluginJar : add ltdc
2026-08-04 17:35:40,369 DEBUG [LineInfo_to_exitCode.log_LineInfo] 2026-08-04 17:35:40,369 [INFO] IPUIPlugin:74 - create IPUIPlugin
2026-08-04 17:35:40,369 DEBUG [LineInfo_to_exitCode.log_LineInfo] 2026-08-04 17:35:40,369 [INFO] PluginManager:213 - loadIPPluginJar : add mdma
2026-08-04 17:35:40,373 DEBUG [LineInfo_to_exitCode.log_LineInfo] 2026-08-04 17:35:40,372 [INFO] IPUIPlugin:74 - create IPUIPlugin
2026-08-04 17:35:40,373 DEBUG [LineInfo_to_exitCode.log_LineInfo] 2026-08-04 17:35:40,373 [INFO] PluginManager:213 - loadIPPluginJar : add nvic
2026-08-04 17:35:40,376 DEBUG [LineInfo_to_exitCode.log_LineInfo] 2026-08-04 17:35:40,376 [INFO] IPUIPlugin:74 - create IPUIPlugin
2026-08-04 17:35:40,376 DEBUG [LineInfo_to_exitCode.log_LineInfo] 2026-08-04 17:35:40,376 [INFO] PluginManager:213 - loadIPPluginJar : add opamp
2026-08-04 17:35:40,380 DEBUG [LineInfo_to_exitCode.log_LineInfo] 2026-08-04 17:35:40,379 [INFO] IPUIPlugin:74 - create IPUIPlugin
2026-08-04 17:35:40,380 DEBUG [LineInfo_to_exitCode.log_LineInfo] 2026-08-04 17:35:40,380 [INFO] PluginManager:213 - loadIPPluginJar : add openamp
2026-08-04 17:35:40,383 DEBUG [LineInfo_to_exitCode.log_LineInfo] 2026-08-04 17:35:40,382 [INFO] IPUIPlugin:74 - create IPUIPlugin
2026-08-04 17:35:40,383 DEBUG [LineInfo_to_exitCode.log_LineInfo] 2026-08-04 17:35:40,383 [INFO] PluginManager:213 - loadIPPluginJar : add pdm2pcm
2026-08-04 17:35:40,387 DEBUG [LineInfo_to_exitCode.log_LineInfo] 2026-08-04 17:35:40,387 [INFO] IPUIPlugin:74 - create IPUIPlugin
2026-08-04 17:35:40,390 DEBUG [LineInfo_to_exitCode.log_LineInfo] 2026-08-04 17:35:40,390 [INFO] PluginManager:213 - loadIPPluginJar : add plateformsettings
2026-08-04 17:35:40,392 DEBUG [LineInfo_to_exitCode.log_LineInfo] 2026-08-04 17:35:40,392 [INFO] IPUIPlugin:74 - create IPUIPlugin
2026-08-04 17:35:40,392 DEBUG [LineInfo_to_exitCode.log_LineInfo] 2026-08-04 17:35:40,392 [INFO] PluginManager:213 - loadIPPluginJar : add quadspi
2026-08-04 17:35:40,395 DEBUG [LineInfo_to_exitCode.log_LineInfo] 2026-08-04 17:35:40,394 [INFO] IPUIPlugin:74 - create IPUIPlugin
2026-08-04 17:35:40,395 DEBUG [LineInfo_to_exitCode.log_LineInfo] 2026-08-04 17:35:40,395 [INFO] PluginManager:213 - loadIPPluginJar : add resmgrutility
2026-08-04 17:35:40,398 DEBUG [LineInfo_to_exitCode.log_LineInfo] 2026-08-04 17:35:40,398 [INFO] IPUIPlugin:74 - create IPUIPlugin
2026-08-04 17:35:40,398 DEBUG [LineInfo_to_exitCode.log_LineInfo] 2026-08-04 17:35:40,398 [INFO] PluginManager:213 - loadIPPluginJar : add sai
2026-08-04 17:35:40,400 DEBUG [LineInfo_to_exitCode.log_LineInfo] 2026-08-04 17:35:40,400 [INFO] IPUIPlugin:74 - create IPUIPlugin
2026-08-04 17:35:40,400 DEBUG [LineInfo_to_exitCode.log_LineInfo] 2026-08-04 17:35:40,400 [INFO] PluginManager:213 - loadIPPluginJar : add spi
2026-08-04 17:35:40,403 DEBUG [LineInfo_to_exitCode.log_LineInfo] 2026-08-04 17:35:40,403 [INFO] IPUIPlugin:74 - create IPUIPlugin
2026-08-04 17:35:40,403 DEBUG [LineInfo_to_exitCode.log_LineInfo] 2026-08-04 17:35:40,403 [INFO] PluginManager:213 - loadIPPluginJar : add stm32_wpan
2026-08-04 17:35:40,405 DEBUG [LineInfo_to_exitCode.log_LineInfo] 2026-08-04 17:35:40,405 [INFO] IPUIPlugin:74 - create IPUIPlugin
2026-08-04 17:35:40,406 DEBUG [LineInfo_to_exitCode.log_LineInfo] 2026-08-04 17:35:40,405 [INFO] PluginManager:213 - loadIPPluginJar : add tim
2026-08-04 17:35:40,412 DEBUG [LineInfo_to_exitCode.log_LineInfo] 2026-08-04 17:35:40,411 [INFO] IPUIPlugin:74 - create IPUIPlugin
2026-08-04 17:35:40,412 DEBUG [LineInfo_to_exitCode.log_LineInfo] 2026-08-04 17:35:40,412 [INFO] PluginManager:213 - loadIPPluginJar : add touchsensing
2026-08-04 17:35:40,415 DEBUG [LineInfo_to_exitCode.log_LineInfo] 2026-08-04 17:35:40,414 [INFO] IPUIPlugin:74 - create IPUIPlugin
2026-08-04 17:35:40,415 DEBUG [LineInfo_to_exitCode.log_LineInfo] 2026-08-04 17:35:40,414 [INFO] PluginManager:213 - loadIPPluginJar : add tracer_emb
2026-08-04 17:35:40,417 DEBUG [LineInfo_to_exitCode.log_LineInfo] 2026-08-04 17:35:40,417 [INFO] IPUIPlugin:74 - create IPUIPlugin
2026-08-04 17:35:40,417 DEBUG [LineInfo_to_exitCode.log_LineInfo] 2026-08-04 17:35:40,417 [INFO] PluginManager:213 - loadIPPluginJar : add ts
2026-08-04 17:35:40,419 DEBUG [LineInfo_to_exitCode.log_LineInfo] 2026-08-04 17:35:40,419 [INFO] IPUIPlugin:74 - create IPUIPlugin
2026-08-04 17:35:40,419 DEBUG [LineInfo_to_exitCode.log_LineInfo] 2026-08-04 17:35:40,419 [INFO] PluginManager:213 - loadIPPluginJar : add tsc
2026-08-04 17:35:40,421 DEBUG [LineInfo_to_exitCode.log_LineInfo] 2026-08-04 17:35:40,421 [INFO] IPUIPlugin:74 - create IPUIPlugin
2026-08-04 17:35:40,422 DEBUG [LineInfo_to_exitCode.log_LineInfo] 2026-08-04 17:35:40,421 [INFO] PluginManager:213 - loadIPPluginJar : add ucpd
2026-08-04 17:35:40,424 DEBUG [LineInfo_to_exitCode.log_LineInfo] 2026-08-04 17:35:40,424 [INFO] IPUIPlugin:74 - create IPUIPlugin
2026-08-04 17:35:40,425 DEBUG [LineInfo_to_exitCode.log_LineInfo] 2026-08-04 17:35:40,424 [INFO] PluginManager:213 - loadIPPluginJar : add usart
2026-08-04 17:35:40,427 DEBUG [LineInfo_to_exitCode.log_LineInfo] 2026-08-04 17:35:40,426 [INFO] IPUIPlugin:74 - create IPUIPlugin
2026-08-04 17:35:40,427 DEBUG [LineInfo_to_exitCode.log_LineInfo] 2026-08-04 17:35:40,427 [INFO] PluginManager:213 - loadIPPluginJar : add usbx
2026-08-04 17:35:40,455 DEBUG [LineInfo_to_exitCode.log_LineInfo] 2026-08-04 17:35:40,454 [INFO] Updater:1012 - Updater Version found : 6.3.0
2026-08-04 17:35:40,472 DEBUG [LineInfo_to_exitCode.log_LineInfo] 2026-08-04 17:35:40,472 [INFO] ApplicationProperties:181 - Using Application install path: C:\Program Files\STMicroelectronics\STM32Cube\STM32CubeMX
2026-08-04 17:35:40,570 DEBUG [LineInfo_to_exitCode.log_LineInfo] 2026-08-04 17:35:40,570 [INFO] MainUpdater:489 - Copy updater definitions from MX database
2026-08-04 17:35:41,061 DEBUG [LineInfo_to_exitCode.log_LineInfo] 2026-08-04 17:35:41,061 [INFO] MainUpdater:2671 - connection check result : 10
2026-08-04 17:35:41,061 DEBUG [LineInfo_to_exitCode.log_LineInfo] 2026-08-04 17:35:41,061 [INFO] MainUpdater:3359 - Updater definition file requires update
2026-08-04 17:35:41,063 DEBUG [LineInfo_to_exitCode.log_LineInfo] 2026-08-04 17:35:41,063 [INFO] MainUpdater:265 - Updater Check For Update Now.
2026-08-04 17:35:41,064 DEBUG [LineInfo_to_exitCode.log_LineInfo] 2026-08-04 17:35:41,063 [INFO] MicroXplorer:478 - Change Database Version : DB.6.0.30
2026-08-04 17:35:41,277 DEBUG [LineInfo_to_exitCode.log_LineInfo] 2026-08-04 17:35:41,277 [INFO] ServerAccessManage:362 - Download File updaters.zip
2026-08-04 17:35:41,443 DEBUG [LineInfo_to_exitCode.log_LineInfo] 2026-08-04 17:35:41,443 [INFO] FileExtend:235 - Unzip File : updaters.zip
2026-08-04 17:35:41,444 DEBUG [LineInfo_to_exitCode.log_LineInfo] 2026-08-04 17:35:41,443 [INFO] FileExtend:250 - Standard Zip Deflate
2026-08-04 17:35:41,531 DEBUG [LineInfo_to_exitCode.log_LineInfo] 2026-08-04 17:35:41,531 [INFO] HomeAdPanel:98 - Auto-refresh data requested => check proxy status ongoing
2026-08-04 17:35:41,535 WARN  [LineInfo_to_exitCode.log_LineInfo] Updater is busy
2026-08-04 17:35:41,535 WARN  [LineInfo_to_exitCode.log_LineInfo] Failed to refresh advertisement data
2026-08-04 17:35:41,620 DEBUG [LineInfo_to_exitCode.log_LineInfo] 2026-08-04 17:35:41,619 [INFO] DbMcusAds:47 - JSON generation date=Wed Jul 15 18:44:54 KST 2026 (1784108694001)
2026-08-04 17:35:41,620 WARN  [LineInfo_to_exitCode.log_LineInfo] Updater is busy
2026-08-04 17:35:41,776 WARN  [LineInfo_to_exitCode.log_LineInfo] Updater is busy
2026-08-04 17:35:41,909 WARN  [LineInfo_to_exitCode.log_LineInfo] Updater is busy
2026-08-04 17:35:42,070 DEBUG [LineInfo_to_exitCode.log_LineInfo] 2026-08-04 17:35:42,068 [INFO] MainFrame:172 - [MX] HOME_PANEL == 115087217079600
2026-08-04 17:35:42,106 DEBUG [LineInfo_to_exitCode.log_LineInfo] 2026-08-04 17:35:42,106 [INFO] ServerAccessManage:362 - Download File PacksControlFlags.xml
2026-08-04 17:35:42,140 DEBUG [LineInfo_to_exitCode.log_LineInfo] 2026-08-04 17:35:42,139 [INFO] MicroXplorer:448 - Change Database Path : 
2026-08-04 17:35:42,140 DEBUG [LineInfo_to_exitCode.log_LineInfo] 2026-08-04 17:35:42,140 [INFO] MicroXplorer:478 - Change Database Version : DB.6.0.30
2026-08-04 17:35:42,414 DEBUG [LineInfo_to_exitCode.log_LineInfo] 2026-08-04 17:35:42,413 [INFO] ServerAccessManage:362 - Download File cubemx.pidx
2026-08-04 17:35:42,498 DEBUG [LineInfo_to_exitCode.log_LineInfo] 2026-08-04 17:35:42,498 [INFO] LoadServerUpdatesThread:339 - End of LoadServerUpdate Thread
2026-08-04 17:35:42,665 DEBUG [LineInfo_to_exitCode.log_LineInfo] 2026-08-04 17:35:42,665 [INFO] CheckServerUpdateThread:112 - End of CheckServer Thread
2026-08-04 17:35:43,034 ERROR [LineInfo_to_exitCode.log_LineInfo] C:\Users\wshan\.stm32cubemx\thirdparties\pdsc\STMicroelectronics.X-CUBE-SMBUS.2.1.1.pdsc: PDSC version is not supported
2026-08-04 17:35:43,063 ERROR [LineInfo_to_exitCode.log_LineInfo] C:\Users\wshan\.stm32cubemx\thirdparties\pdsc\STMicroelectronics.X-CUBE-FREERTOS.1.6.0.pdsc: PDSC version is not supported
2026-08-04 17:35:43,065 ERROR [LineInfo_to_exitCode.log_LineInfo] C:\Users\wshan\.stm32cubemx\thirdparties\pdsc\STMicroelectronics.FP-SNS-MOTENV1.5.1.0.pdsc: PDSC version is not supported
2026-08-04 17:35:43,116 ERROR [LineInfo_to_exitCode.log_LineInfo] C:\Users\wshan\.stm32cubemx\thirdparties\pdsc\WES.I-CUBE-Cesium.1.4.0.pdsc: PDSC version is not supported
2026-08-04 17:35:43,120 ERROR [LineInfo_to_exitCode.log_LineInfo] C:\Users\wshan\.stm32cubemx\thirdparties\pdsc\STMicroelectronics.X-CUBE-DISPLAY.3.0.0.pdsc: PDSC version is not supported
2026-08-04 17:35:43,134 ERROR [LineInfo_to_exitCode.log_LineInfo] C:\Users\wshan\.stm32cubemx\thirdparties\pdsc\STMicroelectronics.FP-SNS-MOTENVWB1.1.5.0.pdsc: PDSC version is not supported
2026-08-04 17:35:43,155 ERROR [LineInfo_to_exitCode.log_LineInfo] C:\Users\wshan\.stm32cubemx\thirdparties\pdsc\STMicroelectronics.X-CUBE-ST60.1.1.0.pdsc: PDSC version is not supported
2026-08-04 17:35:43,157 ERROR [LineInfo_to_exitCode.log_LineInfo] C:\Users\wshan\.stm32cubemx\thirdparties\pdsc\emotas.I-CUBE-CANOPEN.1.3.0.pdsc: PDSC version is not supported
2026-08-04 17:35:43,160 ERROR [LineInfo_to_exitCode.log_LineInfo] C:\Users\wshan\.stm32cubemx\thirdparties\pdsc\STMicroelectronics.X-CUBE-WBA.1.1.0.pdsc: PDSC version is not supported
2026-08-04 17:35:43,162 ERROR [LineInfo_to_exitCode.log_LineInfo] C:\Users\wshan\.stm32cubemx\thirdparties\pdsc\STMicroelectronics.FP-SNS-STBOX1.2.1.0.pdsc: PDSC version is not supported
2026-08-04 17:35:43,164 ERROR [LineInfo_to_exitCode.log_LineInfo] C:\Users\wshan\.stm32cubemx\thirdparties\pdsc\STMicroelectronics.FP-SNS-SMARTAG2.1.2.0.pdsc: PDSC version is not supported
2026-08-04 17:35:43,167 ERROR [LineInfo_to_exitCode.log_LineInfo] C:\Users\wshan\.stm32cubemx\thirdparties\pdsc\STMicroelectronics.FP-SNS-FLIGHT1.5.1.0.pdsc: PDSC version is not supported
2026-08-04 17:35:43,189 ERROR [LineInfo_to_exitCode.log_LineInfo] C:\Users\wshan\.stm32cubemx\thirdparties\pdsc\Avnet-IOTCONNECT.X-CUBE-iotc-st67-sdk.1.0.0.pdsc: PDSC version is not supported
2026-08-04 17:35:43,195 ERROR [LineInfo_to_exitCode.log_LineInfo] C:\Users\wshan\.stm32cubemx\thirdparties\pdsc\Infineon.AIROC-Wi-Fi-Bluetooth-STM32.1.8.0.pdsc: PDSC version is not supported
2026-08-04 17:35:43,222 ERROR [LineInfo_to_exitCode.log_LineInfo] C:\Users\wshan\.stm32cubemx\thirdparties\pdsc\STMicroelectronics.FP-SNS-STAIOTCFT.1.1.0.pdsc: PDSC version is not supported
2026-08-04 17:35:43,243 ERROR [LineInfo_to_exitCode.log_LineInfo] C:\Users\wshan\.stm32cubemx\thirdparties\pdsc\EmbeddedOffice.I-CUBE-FS-RTOS.1.0.1.pdsc: PDSC version is not supported
2026-08-04 17:35:43,250 ERROR [LineInfo_to_exitCode.log_LineInfo] C:\Users\wshan\.stm32cubemx\thirdparties\pdsc\STMicroelectronics.X-CUBE-TCPP.4.2.0.pdsc: PDSC version is not supported
2026-08-04 17:35:43,253 ERROR [LineInfo_to_exitCode.log_LineInfo] C:\Users\wshan\.stm32cubemx\thirdparties\pdsc\RealThread.X-CUBE-RT-Thread_Nano.4.1.1.pdsc: PDSC version is not supported
2026-08-04 17:35:43,262 ERROR [LineInfo_to_exitCode.log_LineInfo] C:\Users\wshan\.stm32cubemx\thirdparties\pdsc\ITTIA_DB.I-CUBE-ITTIADB.8.9.0.pdsc: PDSC version is not supported
2026-08-04 17:35:43,263 ERROR [LineInfo_to_exitCode.log_LineInfo] C:\Users\wshan\.stm32cubemx\thirdparties\pdsc\Cesanta.I-CUBE-Mongoose.7.21.7.pdsc: PDSC version is not supported
2026-08-04 17:35:43,510 ERROR [LineInfo_to_exitCode.log_LineInfo] C:\Users\wshan\.stm32cubemx\thirdparties\pdsc\STMicroelectronics.X-CUBE-IPS.3.2.0.pdsc: PDSC version is not supported
2026-08-04 17:35:43,512 ERROR [LineInfo_to_exitCode.log_LineInfo] C:\Users\wshan\.stm32cubemx\thirdparties\pdsc\STMicroelectronics.eDS-WB_DPC_TT-BIDIR.2.1.1.pdsc: PDSC version is not supported
2026-08-04 17:35:43,553 ERROR [LineInfo_to_exitCode.log_LineInfo] C:\Users\wshan\.stm32cubemx\thirdparties\pdsc\STMicroelectronics.eDS-WB_DPC_VIENNA.1.2.0.pdsc: PDSC version is not supported
2026-08-04 17:35:43,673 ERROR [LineInfo_to_exitCode.log_LineInfo] C:\Users\wshan\.stm32cubemx\thirdparties\pdsc\STMicroelectronics.eDS-WB_DPC_3PH2L-BIDIR.1.1.1.pdsc: PDSC version is not supported
2026-08-04 17:35:43,677 ERROR [LineInfo_to_exitCode.log_LineInfo] C:\Users\wshan\.stm32cubemx\thirdparties\pdsc\STMicroelectronics.X-CUBE-ST67W61.1.3.0.pdsc: PDSC version is not supported
2026-08-04 17:35:43,689 ERROR [LineInfo_to_exitCode.log_LineInfo] C:\Users\wshan\.stm32cubemx\thirdparties\pdsc\STMicroelectronics.X-CUBE-DPower.1.3.0.pdsc: PDSC version is not supported
2026-08-04 17:35:43,753 ERROR [LineInfo_to_exitCode.log_LineInfo] C:\Users\wshan\.stm32cubemx\thirdparties\pdsc\quantropi.X-CUBE-qispace-sdk-base.2.1.0.pdsc: PDSC version is not supported
2026-08-04 17:35:43,824 ERROR [LineInfo_to_exitCode.log_LineInfo] C:\Users\wshan\.stm32cubemx\thirdparties\pdsc\STMicroelectronics.X-CUBE-BLEMGR.4.2.0.pdsc: PDSC version is not supported
2026-08-04 17:35:43,827 ERROR [LineInfo_to_exitCode.log_LineInfo] C:\Users\wshan\.stm32cubemx\thirdparties\pdsc\STMicroelectronics.X-CUBE-ALS.1.0.2.pdsc: PDSC version is not supported
2026-08-04 17:35:43,834 ERROR [LineInfo_to_exitCode.log_LineInfo] C:\Users\wshan\.stm32cubemx\thirdparties\pdsc\STMicroelectronics.X-CUBE-TOF1.3.4.3.pdsc: PDSC version is not supported
2026-08-04 17:35:43,836 DEBUG [LineInfo_to_exitCode.log_LineInfo] 2026-08-04 17:35:43,834 [INFO] ThirdParty:915 - Integrity check success = true
2026-08-04 17:35:43,838 DEBUG [LineInfo_to_exitCode.log_LineInfo] 2026-08-04 17:35:43,837 [INFO] IntegrityCheckThread:94 - exiting critical section [integrity check]
2026-08-04 17:35:43,838 DEBUG [LineInfo_to_exitCode.log_LineInfo] 2026-08-04 17:35:43,838 [INFO] IntegrityCheckThread:97 - End integrity checks thread
2026-08-04 17:35:43,838 DEBUG [LineInfo_to_exitCode.log_LineInfo] 2026-08-04 17:35:43,838 [INFO] ThirdParty:815 - entering critical section [close project]
2026-08-04 17:35:43,840 DEBUG [LineInfo_to_exitCode.log_LineInfo] 2026-08-04 17:35:43,839 [INFO] ThirdParty:825 - exiting critical section [close project]
2026-08-04 17:35:43,849 DEBUG [LineInfo_to_exitCode.log_LineInfo] 2026-08-04 17:35:43,848 [INFO] PinOutPanel:1463 - setPackage(No Configuration,No Configuration)
2026-08-04 17:35:43,894 DEBUG [LineInfo_to_exitCode.log_LineInfo] 2026-08-04 17:35:43,893 [INFO] UtilMem:74 - Begin LoadConfig() Used Memory: 341014344 Bytes (528482304)
2026-08-04 17:35:43,903 DEBUG [LineInfo_to_exitCode.log_LineInfo] 2026-08-04 17:35:43,903 [INFO] OpenFileManager:313 - Change cursor
2026-08-04 17:35:46,741 DEBUG [LineInfo_to_exitCode.log_LineInfo] 2026-08-04 17:35:46,741 [INFO] Context:592 - Trying to add GPIOservice into a context  which must be forbidden
2026-08-04 17:35:48,275 DEBUG [LineInfo_to_exitCode.log_LineInfo] 2026-08-04 17:35:48,275 [INFO] ImportTextPane:167 - (OptionalMessage_ERROR) Unable to find key (Mcu.ThirdPartyNb) in loaded IOC file
2026-08-04 17:35:48,426 DEBUG [LineInfo_to_exitCode.log_LineInfo] 2026-08-04 17:35:48,426 [INFO] RtosManager:484 - Registered RTOS mode: class=CMSIS, group=RTOS, mode=CMSIS_V1, owner=FREERTOS
2026-08-04 17:35:48,428 DEBUG [LineInfo_to_exitCode.log_LineInfo] 2026-08-04 17:35:48,426 [INFO] RtosManager:484 - Registered RTOS mode: class=CMSIS, group=RTOS2, mode=CMSIS_V2, owner=FREERTOS
2026-08-04 17:35:48,428 DEBUG [LineInfo_to_exitCode.log_LineInfo] 2026-08-04 17:35:48,428 [INFO] RtosManager:484 - Registered RTOS mode: class=RTOS, group=Core, mode=CMSIS_V1, owner=FREERTOS
2026-08-04 17:35:48,428 DEBUG [LineInfo_to_exitCode.log_LineInfo] 2026-08-04 17:35:48,428 [INFO] RtosManager:484 - Registered RTOS mode: class=RTOS, group=Core, mode=CMSIS_V2, owner=FREERTOS
2026-08-04 17:35:49,165 DEBUG [LineInfo_to_exitCode.log_LineInfo] 2026-08-04 17:35:49,164 [INFO] ImportTextPane:167 - (OptionalMessage_ERROR) IP (DMA) : Parameter (Instance) has Id (USART2_RX) currently not set
2026-08-04 17:35:49,165 DEBUG [LineInfo_to_exitCode.log_LineInfo] 2026-08-04 17:35:49,165 [INFO] ImportTextPane:167 - (OptionalMessage_ERROR) IP (DMA) : Parameter (Request) has Id (USART2_RX) currently not set
2026-08-04 17:35:49,165 DEBUG [LineInfo_to_exitCode.log_LineInfo] 2026-08-04 17:35:49,165 [INFO] ImportTextPane:167 - (OptionalMessage_ERROR) IP (DMA) : Parameter (Direction) has Id (USART2_RX) currently not set
2026-08-04 17:35:49,165 DEBUG [LineInfo_to_exitCode.log_LineInfo] 2026-08-04 17:35:49,165 [INFO] ImportTextPane:167 - (OptionalMessage_ERROR) IP (DMA) : Parameter (PeriphInc) has Id (USART2_RX) currently not set
2026-08-04 17:35:49,166 DEBUG [LineInfo_to_exitCode.log_LineInfo] 2026-08-04 17:35:49,165 [INFO] ImportTextPane:167 - (OptionalMessage_ERROR) IP (DMA) : Parameter (MemInc) has Id (USART2_RX) currently not set
2026-08-04 17:35:49,166 DEBUG [LineInfo_to_exitCode.log_LineInfo] 2026-08-04 17:35:49,166 [INFO] ImportTextPane:167 - (OptionalMessage_ERROR) IP (DMA) : Parameter (PeriphDataAlignment) has Id (USART2_RX) currently not set
2026-08-04 17:35:49,167 DEBUG [LineInfo_to_exitCode.log_LineInfo] 2026-08-04 17:35:49,167 [INFO] ImportTextPane:167 - (OptionalMessage_ERROR) IP (DMA) : Parameter (MemDataAlignment) has Id (USART2_RX) currently not set
2026-08-04 17:35:49,167 DEBUG [LineInfo_to_exitCode.log_LineInfo] 2026-08-04 17:35:49,167 [INFO] ImportTextPane:167 - (OptionalMessage_ERROR) IP (DMA) : Parameter (Mode) has Id (USART2_RX) currently not set
2026-08-04 17:35:49,167 DEBUG [LineInfo_to_exitCode.log_LineInfo] 2026-08-04 17:35:49,167 [INFO] ImportTextPane:167 - (OptionalMessage_ERROR) IP (DMA) : Parameter (Priority) has Id (USART2_RX) currently not set
2026-08-04 17:35:49,167 DEBUG [LineInfo_to_exitCode.log_LineInfo] 2026-08-04 17:35:49,167 [INFO] ImportTextPane:167 - (OptionalMessage_ERROR) IP (DMA) : Parameter (Instance) has Id (USART2_TX) currently not set
2026-08-04 17:35:49,167 DEBUG [LineInfo_to_exitCode.log_LineInfo] 2026-08-04 17:35:49,167 [INFO] ImportTextPane:167 - (OptionalMessage_ERROR) IP (DMA) : Parameter (Request) has Id (USART2_TX) currently not set
2026-08-04 17:35:49,167 DEBUG [LineInfo_to_exitCode.log_LineInfo] 2026-08-04 17:35:49,167 [INFO] ImportTextPane:167 - (OptionalMessage_ERROR) IP (DMA) : Parameter (Direction) has Id (USART2_TX) currently not set
2026-08-04 17:35:49,167 DEBUG [LineInfo_to_exitCode.log_LineInfo] 2026-08-04 17:35:49,167 [INFO] ImportTextPane:167 - (OptionalMessage_ERROR) IP (DMA) : Parameter (PeriphInc) has Id (USART2_TX) currently not set
2026-08-04 17:35:49,168 DEBUG [LineInfo_to_exitCode.log_LineInfo] 2026-08-04 17:35:49,167 [INFO] ImportTextPane:167 - (OptionalMessage_ERROR) IP (DMA) : Parameter (MemInc) has Id (USART2_TX) currently not set
2026-08-04 17:35:49,168 DEBUG [LineInfo_to_exitCode.log_LineInfo] 2026-08-04 17:35:49,167 [INFO] ImportTextPane:167 - (OptionalMessage_ERROR) IP (DMA) : Parameter (PeriphDataAlignment) has Id (USART2_TX) currently not set
2026-08-04 17:35:49,168 DEBUG [LineInfo_to_exitCode.log_LineInfo] 2026-08-04 17:35:49,167 [INFO] ImportTextPane:167 - (OptionalMessage_ERROR) IP (DMA) : Parameter (MemDataAlignment) has Id (USART2_TX) currently not set
2026-08-04 17:35:49,168 DEBUG [LineInfo_to_exitCode.log_LineInfo] 2026-08-04 17:35:49,167 [INFO] ImportTextPane:167 - (OptionalMessage_ERROR) IP (DMA) : Parameter (Mode) has Id (USART2_TX) currently not set
2026-08-04 17:35:49,168 DEBUG [LineInfo_to_exitCode.log_LineInfo] 2026-08-04 17:35:49,167 [INFO] ImportTextPane:167 - (OptionalMessage_ERROR) IP (DMA) : Parameter (Priority) has Id (USART2_TX) currently not set
2026-08-04 17:35:49,218 DEBUG [LineInfo_to_exitCode.log_LineInfo] 2026-08-04 17:35:49,217 [INFO] ImportTextPane:167 - (OptionalMessage_ERROR) IP (MotorControl) : Invalid parameter (ADC_AHBPERIPH)
2026-08-04 17:35:49,218 DEBUG [LineInfo_to_exitCode.log_LineInfo] 2026-08-04 17:35:49,218 [INFO] ImportTextPane:167 - (OptionalMessage_ERROR) IP (MotorControl) : Invalid parameter (BUS_VOLTAGE_READING)
2026-08-04 17:35:49,218 DEBUG [LineInfo_to_exitCode.log_LineInfo] 2026-08-04 17:35:49,218 [INFO] ImportTextPane:167 - (OptionalMessage_ERROR) IP (MotorControl) : Invalid parameter (CCMRAM_ENABLED)
2026-08-04 17:35:49,219 DEBUG [LineInfo_to_exitCode.log_LineInfo] 2026-08-04 17:35:49,218 [INFO] ImportTextPane:167 - (OptionalMessage_ERROR) IP (MotorControl) : Invalid parameter (CLOCK_FREQUENCY)
2026-08-04 17:35:49,219 DEBUG [LineInfo_to_exitCode.log_LineInfo] 2026-08-04 17:35:49,219 [INFO] ImportTextPane:167 - (OptionalMessage_ERROR) IP (MotorControl) : Invalid parameter (CLOCK_SOURCE)
2026-08-04 17:35:49,219 DEBUG [LineInfo_to_exitCode.log_LineInfo] 2026-08-04 17:35:49,219 [INFO] ImportTextPane:167 - (OptionalMessage_ERROR) IP (MotorControl) : Invalid parameter (CPU_CLK_170_MHZ)
2026-08-04 17:35:49,219 DEBUG [LineInfo_to_exitCode.log_LineInfo] 2026-08-04 17:35:49,219 [INFO] ImportTextPane:167 - (OptionalMessage_ERROR) IP (MotorControl) : Invalid parameter (CURR_SAMPLING_TIME)
2026-08-04 17:35:49,220 DEBUG [LineInfo_to_exitCode.log_LineInfo] 2026-08-04 17:35:49,219 [INFO] ImportTextPane:167 - (OptionalMessage_ERROR) IP (MotorControl) : Invalid parameter (CURRENT_READING_TOPOLOGY)
2026-08-04 17:35:49,220 DEBUG [LineInfo_to_exitCode.log_LineInfo] 2026-08-04 17:35:49,220 [INFO] ImportTextPane:167 - (OptionalMessage_ERROR) IP (MotorControl) : Invalid parameter (DRIVE_TYPE)
2026-08-04 17:35:49,220 DEBUG [LineInfo_to_exitCode.log_LineInfo] 2026-08-04 17:35:49,220 [INFO] ImportTextPane:167 - (OptionalMessage_ERROR) IP (MotorControl) : Invalid parameter (DRIVES_NUMBER_SELECTION)
2026-08-04 17:35:49,220 DEBUG [LineInfo_to_exitCode.log_LineInfo] 2026-08-04 17:35:49,220 [INFO] ImportTextPane:167 - (OptionalMessage_ERROR) IP (MotorControl) : Invalid parameter (ENCODER_AVAILABLE)
2026-08-04 17:35:49,220 DEBUG [LineInfo_to_exitCode.log_LineInfo] 2026-08-04 17:35:49,220 [INFO] ImportTextPane:167 - (OptionalMessage_ERROR) IP (MotorControl) : Invalid parameter (ENCODER_PPR)
2026-08-04 17:35:49,220 DEBUG [LineInfo_to_exitCode.log_LineInfo] 2026-08-04 17:35:49,220 [INFO] ImportTextPane:167 - (OptionalMessage_ERROR) IP (MotorControl) : Invalid parameter (EXT_CLK_8_MHZ)
2026-08-04 17:35:49,220 DEBUG [LineInfo_to_exitCode.log_LineInfo] 2026-08-04 17:35:49,220 [INFO] ImportTextPane:167 - (OptionalMessage_ERROR) IP (MotorControl) : Invalid parameter (EXT_CLOCK_FREQUENCY)
2026-08-04 17:35:49,220 DEBUG [LineInfo_to_exitCode.log_LineInfo] 2026-08-04 17:35:49,220 [INFO] ImportTextPane:167 - (OptionalMessage_ERROR) IP (MotorControl) : Invalid parameter (FEEDBACK_NET_FILTERING)
2026-08-04 17:35:49,220 DEBUG [LineInfo_to_exitCode.log_LineInfo] 2026-08-04 17:35:49,220 [INFO] ImportTextPane:167 - (OptionalMessage_ERROR) IP (MotorControl) : Invalid parameter (FLASH_SIZE)
2026-08-04 17:35:49,220 DEBUG [LineInfo_to_exitCode.log_LineInfo] 2026-08-04 17:35:49,220 [INFO] ImportTextPane:167 - (OptionalMessage_ERROR) IP (MotorControl) : Invalid parameter (HALL_SENSORS_AVAILABLE)
2026-08-04 17:35:49,221 DEBUG [LineInfo_to_exitCode.log_LineInfo] 2026-08-04 17:35:49,220 [INFO] ImportTextPane:167 - (OptionalMessage_ERROR) IP (MotorControl) : Invalid parameter (HW_COMPLEMENTED_LOW_SIDE)
2026-08-04 17:35:49,221 DEBUG [LineInfo_to_exitCode.log_LineInfo] 2026-08-04 17:35:49,220 [INFO] ImportTextPane:167 - (OptionalMessage_ERROR) IP (MotorControl) : Invalid parameter (HW_DEAD_TIME_NS)
2026-08-04 17:35:49,221 DEBUG [LineInfo_to_exitCode.log_LineInfo] 2026-08-04 17:35:49,220 [INFO] ImportTextPane:167 - (OptionalMessage_ERROR) IP (MotorControl) : Invalid parameter (HWV_CS)
2026-08-04 17:35:49,221 DEBUG [LineInfo_to_exitCode.log_LineInfo] 2026-08-04 17:35:49,220 [INFO] ImportTextPane:167 - (OptionalMessage_ERROR) IP (MotorControl) : Invalid parameter (HWV_OCP)
2026-08-04 17:35:49,221 DEBUG [LineInfo_to_exitCode.log_LineInfo] 2026-08-04 17:35:49,221 [INFO] ImportTextPane:167 - (OptionalMessage_ERROR) IP (MotorControl) : Invalid parameter (HWV_PWM)
2026-08-04 17:35:49,221 DEBUG [LineInfo_to_exitCode.log_LineInfo] 2026-08-04 17:35:49,221 [INFO] ImportTextPane:167 - (OptionalMessage_ERROR) IP (MotorControl) : Invalid parameter (IPs)
2026-08-04 17:35:49,221 DEBUG [LineInfo_to_exitCode.log_LineInfo] 2026-08-04 17:35:49,221 [INFO] ImportTextPane:167 - (OptionalMessage_ERROR) IP (MotorControl) : Invalid parameter (LOW_SIDE_SIGNALS_ENABLING)
2026-08-04 17:35:49,221 DEBUG [LineInfo_to_exitCode.log_LineInfo] 2026-08-04 17:35:49,221 [INFO] ImportTextPane:167 - (OptionalMessage_ERROR) IP (MotorControl) : Invalid parameter (M1_COMMUTATION_STEP_TIME_BUF_SIZE)
2026-08-04 17:35:49,222 DEBUG [LineInfo_to_exitCode.log_LineInfo] 2026-08-04 17:35:49,221 [INFO] ImportTextPane:167 - (OptionalMessage_ERROR) IP (MotorControl) : Invalid parameter (M1_CURRENT_AMPLIFICATION_TOPO)
2026-08-04 17:35:49,222 DEBUG [LineInfo_to_exitCode.log_LineInfo] 2026-08-04 17:35:49,222 [INFO] ImportTextPane:167 - (OptionalMessage_ERROR) IP (MotorControl) : Invalid parameter (M1_DC_CURRENT_RS_MEAS)
2026-08-04 17:35:49,222 DEBUG [LineInfo_to_exitCode.log_LineInfo] 2026-08-04 17:35:49,222 [INFO] ImportTextPane:167 - (OptionalMessage_ERROR) IP (MotorControl) : Invalid parameter (M1_HIGH_SIDE_IDLE_STATE)
2026-08-04 17:35:49,222 DEBUG [LineInfo_to_exitCode.log_LineInfo] 2026-08-04 17:35:49,222 [INFO] ImportTextPane:167 - (OptionalMessage_ERROR) IP (MotorControl) : Invalid parameter (M1_INT_AMP_OPAMP1_PIN)
2026-08-04 17:35:49,222 DEBUG [LineInfo_to_exitCode.log_LineInfo] 2026-08-04 17:35:49,222 [INFO] ImportTextPane:167 - (OptionalMessage_ERROR) IP (MotorControl) : Invalid parameter (M1_INT_AMP_OPAMP2_PIN)
2026-08-04 17:35:49,222 DEBUG [LineInfo_to_exitCode.log_LineInfo] 2026-08-04 17:35:49,222 [INFO] ImportTextPane:167 - (OptionalMessage_ERROR) IP (MotorControl) : Invalid parameter (M1_INT_AMP_OPAMP3_PIN)
2026-08-04 17:35:49,223 DEBUG [LineInfo_to_exitCode.log_LineInfo] 2026-08-04 17:35:49,222 [INFO] ImportTextPane:167 - (OptionalMessage_ERROR) IP (MotorControl) : Invalid parameter (M1_INT_AMP_OPAMPS)
2026-08-04 17:35:49,223 DEBUG [LineInfo_to_exitCode.log_LineInfo] 2026-08-04 17:35:49,223 [INFO] ImportTextPane:167 - (OptionalMessage_ERROR) IP (MotorControl) : Invalid parameter (M1_LOW_SIDE_IDLE_STATE)
2026-08-04 17:35:49,223 DEBUG [LineInfo_to_exitCode.log_LineInfo] 2026-08-04 17:35:49,223 [INFO] ImportTextPane:167 - (OptionalMessage_ERROR) IP (MotorControl) : Invalid parameter (M1_OCP_BKIN_FILTER)
2026-08-04 17:35:49,223 DEBUG [LineInfo_to_exitCode.log_LineInfo] 2026-08-04 17:35:49,223 [INFO] ImportTextPane:167 - (OptionalMessage_ERROR) IP (MotorControl) : Invalid parameter (M1_OCP_BKIN_MODE)
2026-08-04 17:35:49,223 DEBUG [LineInfo_to_exitCode.log_LineInfo] 2026-08-04 17:35:49,223 [INFO] ImportTextPane:167 - (OptionalMessage_ERROR) IP (MotorControl) : Invalid parameter (M1_OCP_BKIN_POLARITY)
2026-08-04 17:35:49,224 DEBUG [LineInfo_to_exitCode.log_LineInfo] 2026-08-04 17:35:49,223 [INFO] ImportTextPane:167 - (OptionalMessage_ERROR) IP (MotorControl) : Parameter (M1_PWM_CHARGE_BOOT_CAP_DUTY_CYCLES) has invalid value (0.000)
2026-08-04 17:35:49,224 DEBUG [LineInfo_to_exitCode.log_LineInfo] 2026-08-04 17:35:49,224 [INFO] ImportTextPane:167 - (OptionalMessage_ERROR) IP (MotorControl) : Invalid parameter (M1_PWM_TIMER_BRK_IRQ)
2026-08-04 17:35:49,224 DEBUG [LineInfo_to_exitCode.log_LineInfo] 2026-08-04 17:35:49,224 [INFO] ImportTextPane:167 - (OptionalMessage_ERROR) IP (MotorControl) : Invalid parameter (M1_PWM_TIMER_UP_IRQ)
2026-08-04 17:35:49,224 DEBUG [LineInfo_to_exitCode.log_LineInfo] 2026-08-04 17:35:49,224 [INFO] ImportTextPane:167 - (OptionalMessage_ERROR) IP (MotorControl) : Invalid parameter (M1_SPD_DIFFERENTIAL_TERM_ENABLING)
2026-08-04 17:35:49,226 DEBUG [LineInfo_to_exitCode.log_LineInfo] 2026-08-04 17:35:49,225 [INFO] ImportTextPane:167 - (OptionalMessage_ERROR) IP (MotorControl) : Invalid parameter (MAX_READABLE_CURRENT)
2026-08-04 17:35:49,226 DEBUG [LineInfo_to_exitCode.log_LineInfo] 2026-08-04 17:35:49,225 [INFO] ImportTextPane:167 - (OptionalMessage_ERROR) IP (MotorControl) : Invalid parameter (MC_WORKBENCH_VERSION)
2026-08-04 17:35:49,226 DEBUG [LineInfo_to_exitCode.log_LineInfo] 2026-08-04 17:35:49,226 [INFO] ImportTextPane:167 - (OptionalMessage_ERROR) IP (MotorControl) : Invalid parameter (MCU)
2026-08-04 17:35:49,226 DEBUG [LineInfo_to_exitCode.log_LineInfo] 2026-08-04 17:35:49,226 [INFO] ImportTextPane:167 - (OptionalMessage_ERROR) IP (MotorControl) : Invalid parameter (MCU_FAMILY)
2026-08-04 17:35:49,226 DEBUG [LineInfo_to_exitCode.log_LineInfo] 2026-08-04 17:35:49,226 [INFO] ImportTextPane:167 - (OptionalMessage_ERROR) IP (MotorControl) : Invalid parameter (MCU_LINE)
2026-08-04 17:35:49,226 DEBUG [LineInfo_to_exitCode.log_LineInfo] 2026-08-04 17:35:49,226 [INFO] ImportTextPane:167 - (OptionalMessage_ERROR) IP (MotorControl) : Invalid parameter (MCU_PACKAGE)
2026-08-04 17:35:49,226 DEBUG [LineInfo_to_exitCode.log_LineInfo] 2026-08-04 17:35:49,226 [INFO] ImportTextPane:167 - (OptionalMessage_ERROR) IP (MotorControl) : Invalid parameter (MCU_TYPE)
2026-08-04 17:35:49,226 DEBUG [LineInfo_to_exitCode.log_LineInfo] 2026-08-04 17:35:49,226 [INFO] ImportTextPane:167 - (OptionalMessage_ERROR) IP (MotorControl) : Invalid parameter (MCU_USERNAME)
2026-08-04 17:35:49,226 DEBUG [LineInfo_to_exitCode.log_LineInfo] 2026-08-04 17:35:49,226 [INFO] ImportTextPane:167 - (OptionalMessage_ERROR) IP (MotorControl) : Invalid parameter (MOTOR_TYPE)
2026-08-04 17:35:49,226 DEBUG [LineInfo_to_exitCode.log_LineInfo] 2026-08-04 17:35:49,226 [INFO] ImportTextPane:167 - (OptionalMessage_ERROR) IP (MotorControl) : Invalid parameter (OCP_FILTER)
2026-08-04 17:35:49,227 DEBUG [LineInfo_to_exitCode.log_LineInfo] 2026-08-04 17:35:49,226 [INFO] ImportTextPane:167 - (OptionalMessage_ERROR) IP (MotorControl) : Invalid parameter (OCP_INVERTINGINPUT)
2026-08-04 17:35:49,227 DEBUG [LineInfo_to_exitCode.log_LineInfo] 2026-08-04 17:35:49,226 [INFO] ImportTextPane:167 - (OptionalMessage_ERROR) IP (MotorControl) : Invalid parameter (OCPA_DAC_INTERNAL_PIN)
2026-08-04 17:35:49,227 DEBUG [LineInfo_to_exitCode.log_LineInfo] 2026-08-04 17:35:49,226 [INFO] ImportTextPane:167 - (OptionalMessage_ERROR) IP (MotorControl) : Invalid parameter (OCPA_INVERTINGINPUT)
2026-08-04 17:35:49,227 DEBUG [LineInfo_to_exitCode.log_LineInfo] 2026-08-04 17:35:49,226 [INFO] ImportTextPane:167 - (OptionalMessage_ERROR) IP (MotorControl) : Invalid parameter (OCPA_INVERTINGINPUT_DAC_OUT)
2026-08-04 17:35:49,227 DEBUG [LineInfo_to_exitCode.log_LineInfo] 2026-08-04 17:35:49,227 [INFO] ImportTextPane:167 - (OptionalMessage_ERROR) IP (MotorControl) : Invalid parameter (OCPA_INVERTINGINPUT_GPIO_PIN)
2026-08-04 17:35:49,227 DEBUG [LineInfo_to_exitCode.log_LineInfo] 2026-08-04 17:35:49,227 [INFO] ImportTextPane:167 - (OptionalMessage_ERROR) IP (MotorControl) : Invalid parameter (OCPA_INVERTINGINPUT_GPIO_PORT)
2026-08-04 17:35:49,227 DEBUG [LineInfo_to_exitCode.log_LineInfo] 2026-08-04 17:35:49,227 [INFO] ImportTextPane:167 - (OptionalMessage_ERROR) IP (MotorControl) : Invalid parameter (OCPA_NONINVERTINGINPUT)
2026-08-04 17:35:49,227 DEBUG [LineInfo_to_exitCode.log_LineInfo] 2026-08-04 17:35:49,227 [INFO] ImportTextPane:167 - (OptionalMessage_ERROR) IP (MotorControl) : Invalid parameter (OCPA_NONINVERTINGINPUT_GPIO_PIN)
2026-08-04 17:35:49,227 DEBUG [LineInfo_to_exitCode.log_LineInfo] 2026-08-04 17:35:49,227 [INFO] ImportTextPane:167 - (OptionalMessage_ERROR) IP (MotorControl) : Invalid parameter (OCPA_NONINVERTINGINPUT_GPIO_PORT)
2026-08-04 17:35:49,227 DEBUG [LineInfo_to_exitCode.log_LineInfo] 2026-08-04 17:35:49,227 [INFO] ImportTextPane:167 - (OptionalMessage_ERROR) IP (MotorControl) : Invalid parameter (OCPA_OUTPUT)
2026-08-04 17:35:49,228 DEBUG [LineInfo_to_exitCode.log_LineInfo] 2026-08-04 17:35:49,227 [INFO] ImportTextPane:167 - (OptionalMessage_ERROR) IP (MotorControl) : Invalid parameter (OCPA_OUTPUT_GPIO_PIN)
2026-08-04 17:35:49,228 DEBUG [LineInfo_to_exitCode.log_LineInfo] 2026-08-04 17:35:49,227 [INFO] ImportTextPane:167 - (OptionalMessage_ERROR) IP (MotorControl) : Invalid parameter (OCPA_OUTPUT_GPIO_PORT)
2026-08-04 17:35:49,228 DEBUG [LineInfo_to_exitCode.log_LineInfo] 2026-08-04 17:35:49,227 [INFO] ImportTextPane:167 - (OptionalMessage_ERROR) IP (MotorControl) : Invalid parameter (OCPA_OUTPUT_MODE)
2026-08-04 17:35:49,228 DEBUG [LineInfo_to_exitCode.log_LineInfo] 2026-08-04 17:35:49,227 [INFO] ImportTextPane:167 - (OptionalMessage_ERROR) IP (MotorControl) : Invalid parameter (OCPA_OUTPUTPOL)
2026-08-04 17:35:49,228 DEBUG [LineInfo_to_exitCode.log_LineInfo] 2026-08-04 17:35:49,227 [INFO] ImportTextPane:167 - (OptionalMessage_ERROR) IP (MotorControl) : Invalid parameter (OCPB_DAC_INTERNAL_PIN)
2026-08-04 17:35:49,228 DEBUG [LineInfo_to_exitCode.log_LineInfo] 2026-08-04 17:35:49,227 [INFO] ImportTextPane:167 - (OptionalMessage_ERROR) IP (MotorControl) : Invalid parameter (OCPB_INVERTINGINPUT)
2026-08-04 17:35:49,228 DEBUG [LineInfo_to_exitCode.log_LineInfo] 2026-08-04 17:35:49,228 [INFO] ImportTextPane:167 - (OptionalMessage_ERROR) IP (MotorControl) : Invalid parameter (OCPB_INVERTINGINPUT_DAC_OUT)
2026-08-04 17:35:49,228 DEBUG [LineInfo_to_exitCode.log_LineInfo] 2026-08-04 17:35:49,228 [INFO] ImportTextPane:167 - (OptionalMessage_ERROR) IP (MotorControl) : Invalid parameter (OCPB_INVERTINGINPUT_GPIO_PIN)
2026-08-04 17:35:49,228 DEBUG [LineInfo_to_exitCode.log_LineInfo] 2026-08-04 17:35:49,228 [INFO] ImportTextPane:167 - (OptionalMessage_ERROR) IP (MotorControl) : Invalid parameter (OCPB_INVERTINGINPUT_GPIO_PORT)
2026-08-04 17:35:49,228 DEBUG [LineInfo_to_exitCode.log_LineInfo] 2026-08-04 17:35:49,228 [INFO] ImportTextPane:167 - (OptionalMessage_ERROR) IP (MotorControl) : Invalid parameter (OCPB_NONINVERTINGINPUT)
2026-08-04 17:35:49,228 DEBUG [LineInfo_to_exitCode.log_LineInfo] 2026-08-04 17:35:49,228 [INFO] ImportTextPane:167 - (OptionalMessage_ERROR) IP (MotorControl) : Invalid parameter (OCPB_NONINVERTINGINPUT_GPIO_PIN)
2026-08-04 17:35:49,228 DEBUG [LineInfo_to_exitCode.log_LineInfo] 2026-08-04 17:35:49,228 [INFO] ImportTextPane:167 - (OptionalMessage_ERROR) IP (MotorControl) : Invalid parameter (OCPB_NONINVERTINGINPUT_GPIO_PORT)
2026-08-04 17:35:49,229 DEBUG [LineInfo_to_exitCode.log_LineInfo] 2026-08-04 17:35:49,228 [INFO] ImportTextPane:167 - (OptionalMessage_ERROR) IP (MotorControl) : Invalid parameter (OCPB_OUTPUT)
2026-08-04 17:35:49,229 DEBUG [LineInfo_to_exitCode.log_LineInfo] 2026-08-04 17:35:49,228 [INFO] ImportTextPane:167 - (OptionalMessage_ERROR) IP (MotorControl) : Invalid parameter (OCPB_OUTPUT_GPIO_PIN)
2026-08-04 17:35:49,229 DEBUG [LineInfo_to_exitCode.log_LineInfo] 2026-08-04 17:35:49,228 [INFO] ImportTextPane:167 - (OptionalMessage_ERROR) IP (MotorControl) : Invalid parameter (OCPB_OUTPUT_GPIO_PORT)
2026-08-04 17:35:49,229 DEBUG [LineInfo_to_exitCode.log_LineInfo] 2026-08-04 17:35:49,228 [INFO] ImportTextPane:167 - (OptionalMessage_ERROR) IP (MotorControl) : Invalid parameter (OCPB_OUTPUT_MODE)
2026-08-04 17:35:49,229 DEBUG [LineInfo_to_exitCode.log_LineInfo] 2026-08-04 17:35:49,228 [INFO] ImportTextPane:167 - (OptionalMessage_ERROR) IP (MotorControl) : Invalid parameter (OCPB_OUTPUTPOL)
2026-08-04 17:35:49,229 DEBUG [LineInfo_to_exitCode.log_LineInfo] 2026-08-04 17:35:49,229 [INFO] ImportTextPane:167 - (OptionalMessage_ERROR) IP (MotorControl) : Invalid parameter (OCPC_DAC_INTERNAL_PIN)
2026-08-04 17:35:49,229 DEBUG [LineInfo_to_exitCode.log_LineInfo] 2026-08-04 17:35:49,229 [INFO] ImportTextPane:167 - (OptionalMessage_ERROR) IP (MotorControl) : Invalid parameter (OCPC_INVERTINGINPUT)
2026-08-04 17:35:49,229 DEBUG [LineInfo_to_exitCode.log_LineInfo] 2026-08-04 17:35:49,229 [INFO] ImportTextPane:167 - (OptionalMessage_ERROR) IP (MotorControl) : Invalid parameter (OCPC_INVERTINGINPUT_DAC_OUT)
2026-08-04 17:35:49,229 DEBUG [LineInfo_to_exitCode.log_LineInfo] 2026-08-04 17:35:49,229 [INFO] ImportTextPane:167 - (OptionalMessage_ERROR) IP (MotorControl) : Invalid parameter (OCPC_INVERTINGINPUT_GPIO_PIN)
2026-08-04 17:35:49,229 DEBUG [LineInfo_to_exitCode.log_LineInfo] 2026-08-04 17:35:49,229 [INFO] ImportTextPane:167 - (OptionalMessage_ERROR) IP (MotorControl) : Invalid parameter (OCPC_INVERTINGINPUT_GPIO_PORT)
2026-08-04 17:35:49,229 DEBUG [LineInfo_to_exitCode.log_LineInfo] 2026-08-04 17:35:49,229 [INFO] ImportTextPane:167 - (OptionalMessage_ERROR) IP (MotorControl) : Invalid parameter (OCPC_NONINVERTINGINPUT)
2026-08-04 17:35:49,229 DEBUG [LineInfo_to_exitCode.log_LineInfo] 2026-08-04 17:35:49,229 [INFO] ImportTextPane:167 - (OptionalMessage_ERROR) IP (MotorControl) : Invalid parameter (OCPC_NONINVERTINGINPUT_GPIO_PIN)
2026-08-04 17:35:49,229 DEBUG [LineInfo_to_exitCode.log_LineInfo] 2026-08-04 17:35:49,229 [INFO] ImportTextPane:167 - (OptionalMessage_ERROR) IP (MotorControl) : Invalid parameter (OCPC_NONINVERTINGINPUT_GPIO_PORT)
2026-08-04 17:35:49,230 DEBUG [LineInfo_to_exitCode.log_LineInfo] 2026-08-04 17:35:49,229 [INFO] ImportTextPane:167 - (OptionalMessage_ERROR) IP (MotorControl) : Invalid parameter (OCPC_OUTPUT)
2026-08-04 17:35:49,230 DEBUG [LineInfo_to_exitCode.log_LineInfo] 2026-08-04 17:35:49,229 [INFO] ImportTextPane:167 - (OptionalMessage_ERROR) IP (MotorControl) : Invalid parameter (OCPC_OUTPUT_GPIO_PIN)
2026-08-04 17:35:49,230 DEBUG [LineInfo_to_exitCode.log_LineInfo] 2026-08-04 17:35:49,229 [INFO] ImportTextPane:167 - (OptionalMessage_ERROR) IP (MotorControl) : Invalid parameter (OCPC_OUTPUT_GPIO_PORT)
2026-08-04 17:35:49,230 DEBUG [LineInfo_to_exitCode.log_LineInfo] 2026-08-04 17:35:49,229 [INFO] ImportTextPane:167 - (OptionalMessage_ERROR) IP (MotorControl) : Invalid parameter (OCPC_OUTPUT_MODE)
2026-08-04 17:35:49,230 DEBUG [LineInfo_to_exitCode.log_LineInfo] 2026-08-04 17:35:49,230 [INFO] ImportTextPane:167 - (OptionalMessage_ERROR) IP (MotorControl) : Invalid parameter (OCPC_OUTPUTPOL)
2026-08-04 17:35:49,230 DEBUG [LineInfo_to_exitCode.log_LineInfo] 2026-08-04 17:35:49,230 [INFO] ImportTextPane:167 - (OptionalMessage_ERROR) IP (MotorControl) : Invalid parameter (ON_OVER_VOLTAGE)
2026-08-04 17:35:49,230 DEBUG [LineInfo_to_exitCode.log_LineInfo] 2026-08-04 17:35:49,230 [INFO] ImportTextPane:167 - (OptionalMessage_ERROR) IP (MotorControl) : Invalid parameter (OPAMP_PGAGAIN)
2026-08-04 17:35:49,230 DEBUG [LineInfo_to_exitCode.log_LineInfo] 2026-08-04 17:35:49,230 [INFO] ImportTextPane:167 - (OptionalMessage_ERROR) IP (MotorControl) : Invalid parameter (OPAMP_TYPE_GAIN)
2026-08-04 17:35:49,230 DEBUG [LineInfo_to_exitCode.log_LineInfo] 2026-08-04 17:35:49,230 [INFO] ImportTextPane:167 - (OptionalMessage_ERROR) IP (MotorControl) : Invalid parameter (OPAMP1_INVERTINGINPUT)
2026-08-04 17:35:49,230 DEBUG [LineInfo_to_exitCode.log_LineInfo] 2026-08-04 17:35:49,230 [INFO] ImportTextPane:167 - (OptionalMessage_ERROR) IP (MotorControl) : Invalid parameter (OPAMP1_INVERTINGINPUT_GPIO_PIN)
2026-08-04 17:35:49,230 DEBUG [LineInfo_to_exitCode.log_LineInfo] 2026-08-04 17:35:49,230 [INFO] ImportTextPane:167 - (OptionalMessage_ERROR) IP (MotorControl) : Invalid parameter (OPAMP1_INVERTINGINPUT_GPIO_PORT)
2026-08-04 17:35:49,231 DEBUG [LineInfo_to_exitCode.log_LineInfo] 2026-08-04 17:35:49,230 [INFO] ImportTextPane:167 - (OptionalMessage_ERROR) IP (MotorControl) : Invalid parameter (OPAMP1_INVERTINGINPUT_MODE)
2026-08-04 17:35:49,231 DEBUG [LineInfo_to_exitCode.log_LineInfo] 2026-08-04 17:35:49,230 [INFO] ImportTextPane:167 - (OptionalMessage_ERROR) IP (MotorControl) : Invalid parameter (OPAMP1_NONINVERTINGINPUT_PHA_GPIO_PIN)
2026-08-04 17:35:49,231 DEBUG [LineInfo_to_exitCode.log_LineInfo] 2026-08-04 17:35:49,230 [INFO] ImportTextPane:167 - (OptionalMessage_ERROR) IP (MotorControl) : Invalid parameter (OPAMP1_NONINVERTINGINPUT_PHA_GPIO_PORT)
2026-08-04 17:35:49,231 DEBUG [LineInfo_to_exitCode.log_LineInfo] 2026-08-04 17:35:49,230 [INFO] ImportTextPane:167 - (OptionalMessage_ERROR) IP (MotorControl) : Invalid parameter (OPAMP1_OUT_GPIO_PIN)
2026-08-04 17:35:49,231 DEBUG [LineInfo_to_exitCode.log_LineInfo] 2026-08-04 17:35:49,230 [INFO] ImportTextPane:167 - (OptionalMessage_ERROR) IP (MotorControl) : Invalid parameter (OPAMP1_OUT_GPIO_PORT)
2026-08-04 17:35:49,231 DEBUG [LineInfo_to_exitCode.log_LineInfo] 2026-08-04 17:35:49,231 [INFO] ImportTextPane:167 - (OptionalMessage_ERROR) IP (MotorControl) : Invalid parameter (OPAMP2_INVERTINGINPUT)
2026-08-04 17:35:49,231 DEBUG [LineInfo_to_exitCode.log_LineInfo] 2026-08-04 17:35:49,231 [INFO] ImportTextPane:167 - (OptionalMessage_ERROR) IP (MotorControl) : Invalid parameter (OPAMP2_INVERTINGINPUT_GPIO_PIN)
2026-08-04 17:35:49,231 DEBUG [LineInfo_to_exitCode.log_LineInfo] 2026-08-04 17:35:49,231 [INFO] ImportTextPane:167 - (OptionalMessage_ERROR) IP (MotorControl) : Invalid parameter (OPAMP2_INVERTINGINPUT_GPIO_PORT)
2026-08-04 17:35:49,231 DEBUG [LineInfo_to_exitCode.log_LineInfo] 2026-08-04 17:35:49,231 [INFO] ImportTextPane:167 - (OptionalMessage_ERROR) IP (MotorControl) : Invalid parameter (OPAMP2_INVERTINGINPUT_MODE)
2026-08-04 17:35:49,232 DEBUG [LineInfo_to_exitCode.log_LineInfo] 2026-08-04 17:35:49,231 [INFO] ImportTextPane:167 - (OptionalMessage_ERROR) IP (MotorControl) : Invalid parameter (OPAMP2_NONINVERTINGINPUT_PHB_GPIO_PIN)
2026-08-04 17:35:49,232 DEBUG [LineInfo_to_exitCode.log_LineInfo] 2026-08-04 17:35:49,231 [INFO] ImportTextPane:167 - (OptionalMessage_ERROR) IP (MotorControl) : Invalid parameter (OPAMP2_NONINVERTINGINPUT_PHB_GPIO_PORT)
2026-08-04 17:35:49,232 DEBUG [LineInfo_to_exitCode.log_LineInfo] 2026-08-04 17:35:49,231 [INFO] ImportTextPane:167 - (OptionalMessage_ERROR) IP (MotorControl) : Invalid parameter (OPAMP2_OUT_GPIO_PIN)
2026-08-04 17:35:49,232 DEBUG [LineInfo_to_exitCode.log_LineInfo] 2026-08-04 17:35:49,231 [INFO] ImportTextPane:167 - (OptionalMessage_ERROR) IP (MotorControl) : Invalid parameter (OPAMP2_OUT_GPIO_PORT)
2026-08-04 17:35:49,232 DEBUG [LineInfo_to_exitCode.log_LineInfo] 2026-08-04 17:35:49,231 [INFO] ImportTextPane:167 - (OptionalMessage_ERROR) IP (MotorControl) : Invalid parameter (OPAMP3_INVERTINGINPUT)
2026-08-04 17:35:49,232 DEBUG [LineInfo_to_exitCode.log_LineInfo] 2026-08-04 17:35:49,231 [INFO] ImportTextPane:167 - (OptionalMessage_ERROR) IP (MotorControl) : Invalid parameter (OPAMP3_INVERTINGINPUT_GPIO_PIN)
2026-08-04 17:35:49,232 DEBUG [LineInfo_to_exitCode.log_LineInfo] 2026-08-04 17:35:49,232 [INFO] ImportTextPane:167 - (OptionalMessage_ERROR) IP (MotorControl) : Invalid parameter (OPAMP3_INVERTINGINPUT_GPIO_PORT)
2026-08-04 17:35:49,232 DEBUG [LineInfo_to_exitCode.log_LineInfo] 2026-08-04 17:35:49,232 [INFO] ImportTextPane:167 - (OptionalMessage_ERROR) IP (MotorControl) : Invalid parameter (OPAMP3_INVERTINGINPUT_MODE)
2026-08-04 17:35:49,232 DEBUG [LineInfo_to_exitCode.log_LineInfo] 2026-08-04 17:35:49,232 [INFO] ImportTextPane:167 - (OptionalMessage_ERROR) IP (MotorControl) : Invalid parameter (OPAMP3_NONINVERTINGINPUT_PHC)
2026-08-04 17:35:49,232 DEBUG [LineInfo_to_exitCode.log_LineInfo] 2026-08-04 17:35:49,232 [INFO] ImportTextPane:167 - (OptionalMessage_ERROR) IP (MotorControl) : Invalid parameter (OPAMP3_NONINVERTINGINPUT_PHC_GPIO_PIN)
2026-08-04 17:35:49,232 DEBUG [LineInfo_to_exitCode.log_LineInfo] 2026-08-04 17:35:49,232 [INFO] ImportTextPane:167 - (OptionalMessage_ERROR) IP (MotorControl) : Invalid parameter (OPAMP3_NONINVERTINGINPUT_PHC_GPIO_PORT)
2026-08-04 17:35:49,233 DEBUG [LineInfo_to_exitCode.log_LineInfo] 2026-08-04 17:35:49,232 [INFO] ImportTextPane:167 - (OptionalMessage_ERROR) IP (MotorControl) : Invalid parameter (OPAMP3_OUT_GPIO_PIN)
2026-08-04 17:35:49,233 DEBUG [LineInfo_to_exitCode.log_LineInfo] 2026-08-04 17:35:49,232 [INFO] ImportTextPane:167 - (OptionalMessage_ERROR) IP (MotorControl) : Invalid parameter (OPAMP3_OUT_GPIO_PORT)
2026-08-04 17:35:49,233 DEBUG [LineInfo_to_exitCode.log_LineInfo] 2026-08-04 17:35:49,232 [INFO] ImportTextPane:167 - (OptionalMessage_ERROR) IP (MotorControl) : Invalid parameter (OPAMP3_SELECTION)
2026-08-04 17:35:49,233 DEBUG [LineInfo_to_exitCode.log_LineInfo] 2026-08-04 17:35:49,232 [INFO] ImportTextPane:167 - (OptionalMessage_ERROR) IP (MotorControl) : Invalid parameter (OV_TEMPERATURE_PROT_ENABLING)
2026-08-04 17:35:49,233 DEBUG [LineInfo_to_exitCode.log_LineInfo] 2026-08-04 17:35:49,232 [INFO] ImportTextPane:167 - (OptionalMessage_ERROR) IP (MotorControl) : Invalid parameter (OV_VOLTAGE_PROT_ENABLING)
2026-08-04 17:35:49,233 DEBUG [LineInfo_to_exitCode.log_LineInfo] 2026-08-04 17:35:49,232 [INFO] ImportTextPane:167 - (OptionalMessage_ERROR) IP (MotorControl) : Invalid parameter (PHASE_U_CURR_ADC)
2026-08-04 17:35:49,233 DEBUG [LineInfo_to_exitCode.log_LineInfo] 2026-08-04 17:35:49,232 [INFO] ImportTextPane:167 - (OptionalMessage_ERROR) IP (MotorControl) : Invalid parameter (PHASE_U_GPIO_PIN)
2026-08-04 17:35:49,233 DEBUG [LineInfo_to_exitCode.log_LineInfo] 2026-08-04 17:35:49,232 [INFO] ImportTextPane:167 - (OptionalMessage_ERROR) IP (MotorControl) : Invalid parameter (PHASE_U_GPIO_PORT)
2026-08-04 17:35:49,233 DEBUG [LineInfo_to_exitCode.log_LineInfo] 2026-08-04 17:35:49,233 [INFO] ImportTextPane:167 - (OptionalMessage_ERROR) IP (MotorControl) : Invalid parameter (PHASE_U_PWM_CHANNEL)
2026-08-04 17:35:49,233 DEBUG [LineInfo_to_exitCode.log_LineInfo] 2026-08-04 17:35:49,233 [INFO] ImportTextPane:167 - (OptionalMessage_ERROR) IP (MotorControl) : Invalid parameter (PHASE_UH_GPIO_PIN)
2026-08-04 17:35:49,234 DEBUG [LineInfo_to_exitCode.log_LineInfo] 2026-08-04 17:35:49,233 [INFO] ImportTextPane:167 - (OptionalMessage_ERROR) IP (MotorControl) : Invalid parameter (PHASE_UH_GPIO_PORT)
2026-08-04 17:35:49,234 DEBUG [LineInfo_to_exitCode.log_LineInfo] 2026-08-04 17:35:49,233 [INFO] ImportTextPane:167 - (OptionalMessage_ERROR) IP (MotorControl) : Invalid parameter (PHASE_UL_GPIO_PIN)
2026-08-04 17:35:49,234 DEBUG [LineInfo_to_exitCode.log_LineInfo] 2026-08-04 17:35:49,233 [INFO] ImportTextPane:167 - (OptionalMessage_ERROR) IP (MotorControl) : Invalid parameter (PHASE_UL_GPIO_PORT)
2026-08-04 17:35:49,234 DEBUG [LineInfo_to_exitCode.log_LineInfo] 2026-08-04 17:35:49,233 [INFO] ImportTextPane:167 - (OptionalMessage_ERROR) IP (MotorControl) : Parameter (PHASE_UL_POLARITY) has invalid value (L_ACTIVE_HIGH)
2026-08-04 17:35:49,234 DEBUG [LineInfo_to_exitCode.log_LineInfo] 2026-08-04 17:35:49,233 [INFO] ImportTextPane:167 - (OptionalMessage_ERROR) IP (MotorControl) : Invalid parameter (PHASE_V_CURR_ADC)
2026-08-04 17:35:49,234 DEBUG [LineInfo_to_exitCode.log_LineInfo] 2026-08-04 17:35:49,233 [INFO] ImportTextPane:167 - (OptionalMessage_ERROR) IP (MotorControl) : Invalid parameter (PHASE_V_GPIO_PIN)
2026-08-04 17:35:49,234 DEBUG [LineInfo_to_exitCode.log_LineInfo] 2026-08-04 17:35:49,233 [INFO] ImportTextPane:167 - (OptionalMessage_ERROR) IP (MotorControl) : Invalid parameter (PHASE_V_GPIO_PORT)
2026-08-04 17:35:49,234 DEBUG [LineInfo_to_exitCode.log_LineInfo] 2026-08-04 17:35:49,233 [INFO] ImportTextPane:167 - (OptionalMessage_ERROR) IP (MotorControl) : Invalid parameter (PHASE_V_PWM_CHANNEL)
2026-08-04 17:35:49,234 DEBUG [LineInfo_to_exitCode.log_LineInfo] 2026-08-04 17:35:49,233 [INFO] ImportTextPane:167 - (OptionalMessage_ERROR) IP (MotorControl) : Invalid parameter (PHASE_VH_GPIO_PIN)
2026-08-04 17:35:49,235 DEBUG [LineInfo_to_exitCode.log_LineInfo] 2026-08-04 17:35:49,233 [INFO] ImportTextPane:167 - (OptionalMessage_ERROR) IP (MotorControl) : Invalid parameter (PHASE_VH_GPIO_PORT)
2026-08-04 17:35:49,235 DEBUG [LineInfo_to_exitCode.log_LineInfo] 2026-08-04 17:35:49,233 [INFO] ImportTextPane:167 - (OptionalMessage_ERROR) IP (MotorControl) : Invalid parameter (PHASE_VL_GPIO_PIN)
2026-08-04 17:35:49,235 DEBUG [LineInfo_to_exitCode.log_LineInfo] 2026-08-04 17:35:49,234 [INFO] ImportTextPane:167 - (OptionalMessage_ERROR) IP (MotorControl) : Invalid parameter (PHASE_VL_GPIO_PORT)
2026-08-04 17:35:49,235 DEBUG [LineInfo_to_exitCode.log_LineInfo] 2026-08-04 17:35:49,234 [INFO] ImportTextPane:167 - (OptionalMessage_ERROR) IP (MotorControl) : Parameter (PHASE_VL_POLARITY) has invalid value (L_ACTIVE_HIGH)
2026-08-04 17:35:49,235 DEBUG [LineInfo_to_exitCode.log_LineInfo] 2026-08-04 17:35:49,234 [INFO] ImportTextPane:167 - (OptionalMessage_ERROR) IP (MotorControl) : Invalid parameter (PHASE_W_CURR_ADC)
2026-08-04 17:35:49,235 DEBUG [LineInfo_to_exitCode.log_LineInfo] 2026-08-04 17:35:49,234 [INFO] ImportTextPane:167 - (OptionalMessage_ERROR) IP (MotorControl) : Invalid parameter (PHASE_W_GPIO_PIN)
2026-08-04 17:35:49,235 DEBUG [LineInfo_to_exitCode.log_LineInfo] 2026-08-04 17:35:49,234 [INFO] ImportTextPane:167 - (OptionalMessage_ERROR) IP (MotorControl) : Invalid parameter (PHASE_W_GPIO_PORT)
2026-08-04 17:35:49,235 DEBUG [LineInfo_to_exitCode.log_LineInfo] 2026-08-04 17:35:49,234 [INFO] ImportTextPane:167 - (OptionalMessage_ERROR) IP (MotorControl) : Invalid parameter (PHASE_W_PWM_CHANNEL)
2026-08-04 17:35:49,235 DEBUG [LineInfo_to_exitCode.log_LineInfo] 2026-08-04 17:35:49,234 [INFO] ImportTextPane:167 - (OptionalMessage_ERROR) IP (MotorControl) : Invalid parameter (PHASE_W_S_CURR_ADC)
2026-08-04 17:35:49,235 DEBUG [LineInfo_to_exitCode.log_LineInfo] 2026-08-04 17:35:49,234 [INFO] ImportTextPane:167 - (OptionalMessage_ERROR) IP (MotorControl) : Invalid parameter (PHASE_W_S_CURR_CHANNEL)
2026-08-04 17:35:49,236 DEBUG [LineInfo_to_exitCode.log_LineInfo] 2026-08-04 17:35:49,234 [INFO] ImportTextPane:167 - (OptionalMessage_ERROR) IP (MotorControl) : Invalid parameter (PHASE_W_S_GPIO_PIN)
2026-08-04 17:35:49,236 DEBUG [LineInfo_to_exitCode.log_LineInfo] 2026-08-04 17:35:49,234 [INFO] ImportTextPane:167 - (OptionalMessage_ERROR) IP (MotorControl) : Invalid parameter (PHASE_W_S_GPIO_PORT)
2026-08-04 17:35:49,236 DEBUG [LineInfo_to_exitCode.log_LineInfo] 2026-08-04 17:35:49,234 [INFO] ImportTextPane:167 - (OptionalMessage_ERROR) IP (MotorControl) : Invalid parameter (PHASE_WH_GPIO_PIN)
2026-08-04 17:35:49,236 DEBUG [LineInfo_to_exitCode.log_LineInfo] 2026-08-04 17:35:49,234 [INFO] ImportTextPane:167 - (OptionalMessage_ERROR) IP (MotorControl) : Invalid parameter (PHASE_WH_GPIO_PORT)
2026-08-04 17:35:49,236 DEBUG [LineInfo_to_exitCode.log_LineInfo] 2026-08-04 17:35:49,235 [INFO] ImportTextPane:167 - (OptionalMessage_ERROR) IP (MotorControl) : Invalid parameter (PHASE_WL_GPIO_PIN)
2026-08-04 17:35:49,236 DEBUG [LineInfo_to_exitCode.log_LineInfo] 2026-08-04 17:35:49,235 [INFO] ImportTextPane:167 - (OptionalMessage_ERROR) IP (MotorControl) : Invalid parameter (PHASE_WL_GPIO_PORT)
2026-08-04 17:35:49,236 DEBUG [LineInfo_to_exitCode.log_LineInfo] 2026-08-04 17:35:49,235 [INFO] ImportTextPane:167 - (OptionalMessage_ERROR) IP (MotorControl) : Parameter (PHASE_WL_POLARITY) has invalid value (L_ACTIVE_HIGH)
2026-08-04 17:35:49,236 DEBUG [LineInfo_to_exitCode.log_LineInfo] 2026-08-04 17:35:49,235 [INFO] ImportTextPane:167 - (OptionalMessage_ERROR) IP (MotorControl) : Invalid parameter (POTENTIOMETER_READING)
2026-08-04 17:35:49,236 DEBUG [LineInfo_to_exitCode.log_LineInfo] 2026-08-04 17:35:49,235 [INFO] ImportTextPane:167 - (OptionalMessage_ERROR) IP (MotorControl) : Invalid parameter (PWM_FREQUENCY)
2026-08-04 17:35:49,236 DEBUG [LineInfo_to_exitCode.log_LineInfo] 2026-08-04 17:35:49,235 [INFO] ImportTextPane:167 - (OptionalMessage_ERROR) IP (MotorControl) : Invalid parameter (PWM_TIMER_SELECTION)
2026-08-04 17:35:49,237 DEBUG [LineInfo_to_exitCode.log_LineInfo] 2026-08-04 17:35:49,235 [INFO] ImportTextPane:167 - (OptionalMessage_ERROR) IP (MotorControl) : Invalid parameter (R_BRAKE_SWITCH_OFF_THRES_V)
2026-08-04 17:35:49,237 DEBUG [LineInfo_to_exitCode.log_LineInfo] 2026-08-04 17:35:49,235 [INFO] ImportTextPane:167 - (OptionalMessage_ERROR) IP (MotorControl) : Invalid parameter (REGULATION_EXECUTION_RATE)
2026-08-04 17:35:49,237 DEBUG [LineInfo_to_exitCode.log_LineInfo] 2026-08-04 17:35:49,235 [INFO] ImportTextPane:167 - (OptionalMessage_ERROR) IP (MotorControl) : Invalid parameter (SINGLEDRIVE)
2026-08-04 17:35:49,237 DEBUG [LineInfo_to_exitCode.log_LineInfo] 2026-08-04 17:35:49,235 [INFO] ImportTextPane:167 - (OptionalMessage_ERROR) IP (MotorControl) : Invalid parameter (SPD_DIFFERENTIAL_TERM_ENABLING)
2026-08-04 17:35:49,237 DEBUG [LineInfo_to_exitCode.log_LineInfo] 2026-08-04 17:35:49,235 [INFO] ImportTextPane:167 - (OptionalMessage_ERROR) IP (MotorControl) : Invalid parameter (SPEED_SENSOR_SELECTION)
2026-08-04 17:35:49,237 DEBUG [LineInfo_to_exitCode.log_LineInfo] 2026-08-04 17:35:49,235 [INFO] ImportTextPane:167 - (OptionalMessage_ERROR) IP (MotorControl) : Invalid parameter (START_STOP_GPIO_IRQ)
2026-08-04 17:35:49,237 DEBUG [LineInfo_to_exitCode.log_LineInfo] 2026-08-04 17:35:49,236 [INFO] ImportTextPane:167 - (OptionalMessage_ERROR) IP (MotorControl) : Invalid parameter (START_STOP_POLARITY)
2026-08-04 17:35:49,237 DEBUG [LineInfo_to_exitCode.log_LineInfo] 2026-08-04 17:35:49,236 [INFO] ImportTextPane:167 - (OptionalMessage_ERROR) IP (MotorControl) : Invalid parameter (START_STOP_POLARITY_EDGE)
2026-08-04 17:35:49,237 DEBUG [LineInfo_to_exitCode.log_LineInfo] 2026-08-04 17:35:49,236 [INFO] ImportTextPane:167 - (OptionalMessage_ERROR) IP (MotorControl) : Invalid parameter (STATE_OBSERVER_PLL)
2026-08-04 17:35:49,237 DEBUG [LineInfo_to_exitCode.log_LineInfo] 2026-08-04 17:35:49,236 [INFO] ImportTextPane:167 - (OptionalMessage_ERROR) IP (MotorControl) : Invalid parameter (STM32G431CB)
2026-08-04 17:35:49,238 DEBUG [LineInfo_to_exitCode.log_LineInfo] 2026-08-04 17:35:49,236 [INFO] ImportTextPane:167 - (OptionalMessage_ERROR) IP (MotorControl) : Invalid parameter (SW_DEADTIME_NS)
2026-08-04 17:35:49,238 DEBUG [LineInfo_to_exitCode.log_LineInfo] 2026-08-04 17:35:49,236 [INFO] ImportTextPane:167 - (OptionalMessage_ERROR) IP (MotorControl) : Invalid parameter (TEMP_ADC_SAMPLING_TIME)
2026-08-04 17:35:49,238 DEBUG [LineInfo_to_exitCode.log_LineInfo] 2026-08-04 17:35:49,236 [INFO] ImportTextPane:167 - (OptionalMessage_ERROR) IP (MotorControl) : Invalid parameter (TEMP_FDBK_ADC)
2026-08-04 17:35:49,238 DEBUG [LineInfo_to_exitCode.log_LineInfo] 2026-08-04 17:35:49,236 [INFO] ImportTextPane:167 - (OptionalMessage_ERROR) IP (MotorControl) : Invalid parameter (TEMP_FDBK_CHANNEL)
2026-08-04 17:35:49,238 DEBUG [LineInfo_to_exitCode.log_LineInfo] 2026-08-04 17:35:49,236 [INFO] ImportTextPane:167 - (OptionalMessage_ERROR) IP (MotorControl) : Invalid parameter (TEMP_FDBK_GPIO_PIN)
2026-08-04 17:35:49,238 DEBUG [LineInfo_to_exitCode.log_LineInfo] 2026-08-04 17:35:49,236 [INFO] ImportTextPane:167 - (OptionalMessage_ERROR) IP (MotorControl) : Invalid parameter (TEMP_FDBK_GPIO_PORT)
2026-08-04 17:35:49,238 DEBUG [LineInfo_to_exitCode.log_LineInfo] 2026-08-04 17:35:49,236 [INFO] ImportTextPane:167 - (OptionalMessage_ERROR) IP (MotorControl) : Invalid parameter (TEMPERATURE_READING)
2026-08-04 17:35:49,238 DEBUG [LineInfo_to_exitCode.log_LineInfo] 2026-08-04 17:35:49,236 [INFO] ImportTextPane:167 - (OptionalMessage_ERROR) IP (MotorControl) : Invalid parameter (TFDIFFERENTIAL_TERM_ENABLING)
2026-08-04 17:35:49,238 DEBUG [LineInfo_to_exitCode.log_LineInfo] 2026-08-04 17:35:49,236 [INFO] ImportTextPane:167 - (OptionalMessage_ERROR) IP (MotorControl) : Invalid parameter (TRISE_NS)
2026-08-04 17:35:49,239 DEBUG [LineInfo_to_exitCode.log_LineInfo] 2026-08-04 17:35:49,236 [INFO] ImportTextPane:167 - (OptionalMessage_ERROR) IP (MotorControl) : Invalid parameter (USART_RX_GPIO_PIN)
2026-08-04 17:35:49,239 DEBUG [LineInfo_to_exitCode.log_LineInfo] 2026-08-04 17:35:49,236 [INFO] ImportTextPane:167 - (OptionalMessage_ERROR) IP (MotorControl) : Invalid parameter (USART_RX_GPIO_PORT)
2026-08-04 17:35:49,239 DEBUG [LineInfo_to_exitCode.log_LineInfo] 2026-08-04 17:35:49,237 [INFO] ImportTextPane:167 - (OptionalMessage_ERROR) IP (MotorControl) : Invalid parameter (USART_SELECTION)
2026-08-04 17:35:49,239 DEBUG [LineInfo_to_exitCode.log_LineInfo] 2026-08-04 17:35:49,237 [INFO] ImportTextPane:167 - (OptionalMessage_ERROR) IP (MotorControl) : Invalid parameter (USART_SPEED)
2026-08-04 17:35:49,239 DEBUG [LineInfo_to_exitCode.log_LineInfo] 2026-08-04 17:35:49,237 [INFO] ImportTextPane:167 - (OptionalMessage_ERROR) IP (MotorControl) : Invalid parameter (USART_TX_GPIO_PIN)
2026-08-04 17:35:49,239 DEBUG [LineInfo_to_exitCode.log_LineInfo] 2026-08-04 17:35:49,237 [INFO] ImportTextPane:167 - (OptionalMessage_ERROR) IP (MotorControl) : Invalid parameter (USART_TX_GPIO_PORT)
2026-08-04 17:35:49,239 DEBUG [LineInfo_to_exitCode.log_LineInfo] 2026-08-04 17:35:49,237 [INFO] ImportTextPane:167 - (OptionalMessage_ERROR) IP (MotorControl) : Invalid parameter (USE_3OPAMPS)
2026-08-04 17:35:49,239 DEBUG [LineInfo_to_exitCode.log_LineInfo] 2026-08-04 17:35:49,237 [INFO] ImportTextPane:167 - (OptionalMessage_ERROR) IP (MotorControl) : Invalid parameter (USE_INTERNAL_OPAMP)
2026-08-04 17:35:49,239 DEBUG [LineInfo_to_exitCode.log_LineInfo] 2026-08-04 17:35:49,237 [INFO] ImportTextPane:167 - (OptionalMessage_ERROR) IP (MotorControl) : Invalid parameter (UV_VOLTAGE_PROT_ENABLING)
2026-08-04 17:35:49,239 DEBUG [LineInfo_to_exitCode.log_LineInfo] 2026-08-04 17:35:49,237 [INFO] ImportTextPane:167 - (OptionalMessage_ERROR) IP (MotorControl) : Invalid parameter (VBUS_ADC)
2026-08-04 17:35:49,239 DEBUG [LineInfo_to_exitCode.log_LineInfo] 2026-08-04 17:35:49,237 [INFO] ImportTextPane:167 - (OptionalMessage_ERROR) IP (MotorControl) : Invalid parameter (VBUS_ADC_SAMPLING_TIME)
2026-08-04 17:35:49,239 DEBUG [LineInfo_to_exitCode.log_LineInfo] 2026-08-04 17:35:49,237 [INFO] ImportTextPane:167 - (OptionalMessage_ERROR) IP (MotorControl) : Invalid parameter (VBUS_CHANNEL)
2026-08-04 17:35:49,239 DEBUG [LineInfo_to_exitCode.log_LineInfo] 2026-08-04 17:35:49,237 [INFO] ImportTextPane:167 - (OptionalMessage_ERROR) IP (MotorControl) : Invalid parameter (VBUS_GPIO_PIN)
2026-08-04 17:35:49,239 DEBUG [LineInfo_to_exitCode.log_LineInfo] 2026-08-04 17:35:49,237 [INFO] ImportTextPane:167 - (OptionalMessage_ERROR) IP (MotorControl) : Invalid parameter (VBUS_GPIO_PORT)
2026-08-04 17:35:49,239 DEBUG [LineInfo_to_exitCode.log_LineInfo] 2026-08-04 17:35:49,237 [INFO] ImportTextPane:167 - (OptionalMessage_ERROR) IP (MotorControl) : Invalid parameter (WB_MX_HEAPSIZE)
2026-08-04 17:35:49,239 DEBUG [LineInfo_to_exitCode.log_LineInfo] 2026-08-04 17:35:49,237 [INFO] ImportTextPane:167 - (OptionalMessage_ERROR) IP (MotorControl) : Invalid parameter (WB_MX_STACKSIZE)
2026-08-04 17:35:49,240 DEBUG [LineInfo_to_exitCode.log_LineInfo] 2026-08-04 17:35:49,237 [INFO] ImportTextPane:167 - (OptionalMessage_ERROR) IP (MotorControl) : Invalid parameter (WB_MX_TRUSTZONE_AVAILABLE)
2026-08-04 17:35:49,240 DEBUG [LineInfo_to_exitCode.log_LineInfo] 2026-08-04 17:35:49,238 [INFO] ImportTextPane:167 - (OptionalMessage_ERROR) IP (MotorControl) : Invalid parameter (WB_to_Mx_template_version)
2026-08-04 17:35:49,240 DEBUG [LineInfo_to_exitCode.log_LineInfo] 2026-08-04 17:35:49,238 [INFO] ImportTextPane:167 - (OptionalMessage_ERROR) IP (MotorControl) : Invalid parameter (WB_to_Mx_version)
2026-08-04 17:35:49,240 DEBUG [LineInfo_to_exitCode.log_LineInfo] 2026-08-04 17:35:49,238 [INFO] ImportTextPane:167 - (OptionalMessage_ERROR) IP (MotorControl) : Invalid parameter (WB_UI_CUTOFF_FREQUENCY)
2026-08-04 17:35:49,240 DEBUG [LineInfo_to_exitCode.log_LineInfo] 2026-08-04 17:35:49,238 [INFO] ImportTextPane:167 - (OptionalMessage_ERROR) IP (MotorControl) : Invalid parameter (WB_UI_ENCODER_HAS_INDEX_PIN)
2026-08-04 17:35:49,240 DEBUG [LineInfo_to_exitCode.log_LineInfo] 2026-08-04 17:35:49,238 [INFO] ImportTextPane:167 - (OptionalMessage_ERROR) IP (MotorControl) : Invalid parameter (WB_UI_FLUX_TARGET)
2026-08-04 17:35:49,241 DEBUG [LineInfo_to_exitCode.log_LineInfo] 2026-08-04 17:35:49,238 [INFO] ImportTextPane:167 - (OptionalMessage_ERROR) IP (MotorControl) : Invalid parameter (WB_UI_FRICTION)
2026-08-04 17:35:49,241 DEBUG [LineInfo_to_exitCode.log_LineInfo] 2026-08-04 17:35:49,238 [INFO] ImportTextPane:167 - (OptionalMessage_ERROR) IP (MotorControl) : Invalid parameter (WB_UI_GAIN)
2026-08-04 17:35:49,241 DEBUG [LineInfo_to_exitCode.log_LineInfo] 2026-08-04 17:35:49,238 [INFO] ImportTextPane:167 - (OptionalMessage_ERROR) IP (MotorControl) : Invalid parameter (WB_UI_GAINLIST)
2026-08-04 17:35:49,241 DEBUG [LineInfo_to_exitCode.log_LineInfo] 2026-08-04 17:35:49,238 [INFO] ImportTextPane:167 - (OptionalMessage_ERROR) IP (MotorControl) : Invalid parameter (WB_UI_GON)
2026-08-04 17:35:49,241 DEBUG [LineInfo_to_exitCode.log_LineInfo] 2026-08-04 17:35:49,238 [INFO] ImportTextPane:167 - (OptionalMessage_ERROR) IP (MotorControl) : Invalid parameter (WB_UI_GOP)
2026-08-04 17:35:49,241 DEBUG [LineInfo_to_exitCode.log_LineInfo] 2026-08-04 17:35:49,238 [INFO] ImportTextPane:167 - (OptionalMessage_ERROR) IP (MotorControl) : Invalid parameter (WB_UI_INERTIA)
2026-08-04 17:35:49,241 DEBUG [LineInfo_to_exitCode.log_LineInfo] 2026-08-04 17:35:49,238 [INFO] ImportTextPane:167 - (OptionalMessage_ERROR) IP (MotorControl) : Invalid parameter (WB_UI_MAGNETIC_STRUCTURE)
2026-08-04 17:35:49,241 DEBUG [LineInfo_to_exitCode.log_LineInfo] 2026-08-04 17:35:49,238 [INFO] ImportTextPane:167 - (OptionalMessage_ERROR) IP (MotorControl) : Invalid parameter (WB_UI_MAX_CURRENT)
2026-08-04 17:35:49,241 DEBUG [LineInfo_to_exitCode.log_LineInfo] 2026-08-04 17:35:49,238 [INFO] ImportTextPane:167 - (OptionalMessage_ERROR) IP (MotorControl) : Invalid parameter (WB_UI_MAX_NOMINAL_DC_VOLTAGE)
2026-08-04 17:35:49,241 DEBUG [LineInfo_to_exitCode.log_LineInfo] 2026-08-04 17:35:49,239 [INFO] ImportTextPane:167 - (OptionalMessage_ERROR) IP (MotorControl) : Invalid parameter (WB_UI_MAX_PWMFREQUENCY)
2026-08-04 17:35:49,242 DEBUG [LineInfo_to_exitCode.log_LineInfo] 2026-08-04 17:35:49,239 [INFO] ImportTextPane:167 - (OptionalMessage_ERROR) IP (MotorControl) : Invalid parameter (WB_UI_MOTOR_DESCRIPTION)
2026-08-04 17:35:49,242 DEBUG [LineInfo_to_exitCode.log_LineInfo] 2026-08-04 17:35:49,239 [INFO] ImportTextPane:167 - (OptionalMessage_ERROR) IP (MotorControl) : Invalid parameter (WB_UI_OCP_THRESHOLD)
2026-08-04 17:35:49,242 DEBUG [LineInfo_to_exitCode.log_LineInfo] 2026-08-04 17:35:49,239 [INFO] ImportTextPane:167 - (OptionalMessage_ERROR) IP (MotorControl) : Invalid parameter (WB_UI_PW_BOARD_MAX_RATED_CURRENT)
2026-08-04 17:35:49,242 DEBUG [LineInfo_to_exitCode.log_LineInfo] 2026-08-04 17:35:49,239 [INFO] ImportTextPane:167 - (OptionalMessage_ERROR) IP (MotorControl) : Invalid parameter (WB_UI_PW_BOARD_MAX_VOLTAGE)
2026-08-04 17:35:49,242 DEBUG [LineInfo_to_exitCode.log_LineInfo] 2026-08-04 17:35:49,239 [INFO] ImportTextPane:167 - (OptionalMessage_ERROR) IP (MotorControl) : Invalid parameter (WB_UI_PW_BOARD_MIN_VOLTAGE)
2026-08-04 17:35:49,242 DEBUG [LineInfo_to_exitCode.log_LineInfo] 2026-08-04 17:35:49,239 [INFO] ImportTextPane:167 - (OptionalMessage_ERROR) IP (MotorControl) : Invalid parameter (WB_UI_VPOL)
2026-08-04 17:35:49,242 DEBUG [LineInfo_to_exitCode.log_LineInfo] 2026-08-04 17:35:49,239 [INFO] ImportTextPane:167 - (OptionalMessage_ERROR) IP (MotorControl) : Invalid parameter (WB_UI_VPOL_K)
2026-08-04 17:35:49,250 DEBUG [LineInfo_to_exitCode.log_LineInfo] 2026-08-04 17:35:49,249 [INFO] ImportTextPane:167 - (OptionalMessage_ERROR) IP (RCC) : Invalid parameter (FamilyName)
2026-08-04 17:35:49,251 DEBUG [LineInfo_to_exitCode.log_LineInfo] 2026-08-04 17:35:49,250 [INFO] ImportTextPane:167 - (OptionalMessage_ERROR) IP (RCC) : Parameter (RNGFreq_Value) has invalid value (170000000)
2026-08-04 17:35:49,251 DEBUG [LineInfo_to_exitCode.log_LineInfo] 2026-08-04 17:35:49,251 [INFO] ImportTextPane:167 - (OptionalMessage_ERROR) IP (RCC) : Parameter (USBFreq_Value) has invalid value (170000000)
2026-08-04 17:35:49,294 DEBUG [LineInfo_to_exitCode.log_LineInfo] 2026-08-04 17:35:49,294 [INFO] ImportTextPane:167 - (OptionalMessage_ERROR) IP (TIM1) : Parameter (TIM_SlaveMode) has invalid value (TIM_SLAVEMODE_TRIGGER)
2026-08-04 17:35:49,305 DEBUG [LineInfo_to_exitCode.log_LineInfo] 2026-08-04 17:35:49,304 [INFO] ImportTextPane:167 - (OptionalMessage_ERROR) IP (TIM1) : Parameter (SourceBRKDigInputPolarity) has invalid value (TIM_BREAKINPUTSOURCE_POLARITY_HIGH)
2026-08-04 17:35:49,306 DEBUG [LineInfo_to_exitCode.log_LineInfo] 2026-08-04 17:35:49,305 [INFO] ImportTextPane:167 - (OptionalMessage_ERROR) IP (TIM1) : Parameter (SourceBRK2DigInputPolarity) has invalid value (TIM_BREAKINPUTSOURCE_POLARITY_LOW)
2026-08-04 17:35:49,656 DEBUG [LineInfo_to_exitCode.log_LineInfo] 2026-08-04 17:35:49,656 [INFO] UtilMem:74 - End LoadConfig() Used Memory: 515531776 Bytes (916455424)
2026-08-04 17:35:49,658 DEBUG [LineInfo_to_exitCode.log_LineInfo] 2026-08-04 17:35:49,657 [INFO] DbMcusXml:100 - Load MCU database from C:\Program Files\STMicroelectronics\STM32Cube\STM32CubeMX\\db\/mcu/families.xml
2026-08-04 17:35:50,170 DEBUG [LineInfo_to_exitCode.log_LineInfo] 2026-08-04 17:35:50,170 [INFO] DbMcusJson:93 - JSON generation date=Wed Nov 17 01:17:54 KST 2021 (1637079474)
2026-08-04 17:35:50,818 DEBUG [LineInfo_to_exitCode.log_LineInfo] 2026-08-04 17:35:50,818 [INFO] DbMcus:175 - Found 1951 MCUs (1903 are supported by CubeMX, 1914 are visible in CubeMX)
2026-08-04 17:35:50,819 DEBUG [LineInfo_to_exitCode.log_LineInfo] 2026-08-04 17:35:50,819 [INFO] ApiDb:242 - User favorites file not found: C:\Users\wshan/.stm32cubemx/favorites.mcus.txt
2026-08-04 17:35:50,819 DEBUG [LineInfo_to_exitCode.log_LineInfo] 2026-08-04 17:35:50,819 [INFO] DbMcus:187 - Set 0 / 0 favorites MCUs
2026-08-04 17:35:50,823 DEBUG [LineInfo_to_exitCode.log_LineInfo] 2026-08-04 17:35:50,823 [INFO] ThirdParty:781 - entering critical section [change project]
2026-08-04 17:35:50,824 DEBUG [LineInfo_to_exitCode.log_LineInfo] 2026-08-04 17:35:50,823 [INFO] ThirdParty:967 - CMSIS Pack Vendor :STMicroelectronics X-CUBE-AZRTOS-H7 3.5.0
2026-08-04 17:35:50,824 DEBUG [LineInfo_to_exitCode.log_LineInfo] 2026-08-04 17:35:50,824 [INFO] ThirdParty:967 - CMSIS Pack Vendor :STMicroelectronics X-CUBE-PM33A1 1.0.0
2026-08-04 17:35:50,824 DEBUG [LineInfo_to_exitCode.log_LineInfo] 2026-08-04 17:35:50,824 [INFO] ThirdParty:967 - CMSIS Pack Vendor :STMicroelectronics X-CUBE-NFC9 1.0.0
2026-08-04 17:35:50,824 DEBUG [LineInfo_to_exitCode.log_LineInfo] 2026-08-04 17:35:50,824 [INFO] ThirdParty:967 - CMSIS Pack Vendor :STMicroelectronics USB_HOST 2.0.0
2026-08-04 17:35:50,825 DEBUG [LineInfo_to_exitCode.log_LineInfo] 2026-08-04 17:35:50,824 [INFO] ThirdParty:967 - CMSIS Pack Vendor :STMicroelectronics FP-ATR-ASTRA1 2.0.3
2026-08-04 17:35:50,825 DEBUG [LineInfo_to_exitCode.log_LineInfo] 2026-08-04 17:35:50,824 [INFO] ThirdParty:967 - CMSIS Pack Vendor :STMicroelectronics X-CUBE-AZRTOS-F4 1.1.0
2026-08-04 17:35:50,825 DEBUG [LineInfo_to_exitCode.log_LineInfo] 2026-08-04 17:35:50,824 [INFO] ThirdParty:967 - CMSIS Pack Vendor :STMicroelectronics FP-ATR-ASTRA1 2.0.2
2026-08-04 17:35:50,825 DEBUG [LineInfo_to_exitCode.log_LineInfo] 2026-08-04 17:35:50,824 [INFO] ThirdParty:967 - CMSIS Pack Vendor :STMicroelectronics X-CUBE-BLE1 7.1.0
2026-08-04 17:35:50,825 DEBUG [LineInfo_to_exitCode.log_LineInfo] 2026-08-04 17:35:50,824 [INFO] ThirdParty:967 - CMSIS Pack Vendor :wolfSSL I-CUBE-wolfMQTT 1.19.2
2026-08-04 17:35:50,825 DEBUG [LineInfo_to_exitCode.log_LineInfo] 2026-08-04 17:35:50,824 [INFO] ThirdParty:967 - CMSIS Pack Vendor :STMicroelectronics USB_DEVICE 3.0.0
2026-08-04 17:35:50,825 DEBUG [LineInfo_to_exitCode.log_LineInfo] 2026-08-04 17:35:50,824 [INFO] ThirdParty:967 - CMSIS Pack Vendor :STMicroelectronics X-CUBE-ISPU 2.1.0
2026-08-04 17:35:50,825 DEBUG [LineInfo_to_exitCode.log_LineInfo] 2026-08-04 17:35:50,824 [INFO] ThirdParty:967 - CMSIS Pack Vendor :STMicroelectronics X-CUBE-EEPRMA1 5.2.0
2026-08-04 17:35:50,825 DEBUG [LineInfo_to_exitCode.log_LineInfo] 2026-08-04 17:35:50,825 [INFO] ThirdParty:967 - CMSIS Pack Vendor :STMicroelectronics X-CUBE-AZRTOS-WB 2.0.0
2026-08-04 17:35:50,826 DEBUG [LineInfo_to_exitCode.log_LineInfo] 2026-08-04 17:35:50,825 [INFO] ThirdParty:967 - CMSIS Pack Vendor :STMicroelectronics X-CUBE-NFC12 1.0.0
2026-08-04 17:35:50,826 DEBUG [LineInfo_to_exitCode.log_LineInfo] 2026-08-04 17:35:50,825 [INFO] ThirdParty:967 - CMSIS Pack Vendor :STMicroelectronics X-CUBE-AZRTOS-F7 1.1.0
2026-08-04 17:35:50,826 DEBUG [LineInfo_to_exitCode.log_LineInfo] 2026-08-04 17:35:50,825 [INFO] ThirdParty:967 - CMSIS Pack Vendor :STMicroelectronics X-CUBE-AZRTOS-L5 2.0.0
2026-08-04 17:35:50,826 DEBUG [LineInfo_to_exitCode.log_LineInfo] 2026-08-04 17:35:50,825 [INFO] ThirdParty:967 - CMSIS Pack Vendor :STMicroelectronics USB_DEVICE 2.0.0
2026-08-04 17:35:50,826 DEBUG [LineInfo_to_exitCode.log_LineInfo] 2026-08-04 17:35:50,825 [INFO] ThirdParty:967 - CMSIS Pack Vendor :STMicroelectronics X-CUBE-STSE01 2.0.0
2026-08-04 17:35:50,827 DEBUG [LineInfo_to_exitCode.log_LineInfo] 2026-08-04 17:35:50,825 [INFO] ThirdParty:967 - CMSIS Pack Vendor :STMicroelectronics X-CUBE-ALGOBUILD 1.5.0
2026-08-04 17:35:50,827 DEBUG [LineInfo_to_exitCode.log_LineInfo] 2026-08-04 17:35:50,825 [INFO] ThirdParty:967 - CMSIS Pack Vendor :STMicroelectronics FreeRTOS 0.0.1
2026-08-04 17:35:50,827 DEBUG [LineInfo_to_exitCode.log_LineInfo] 2026-08-04 17:35:50,825 [INFO] ThirdParty:967 - CMSIS Pack Vendor :STMicroelectronics X-CUBE-AZRTOS-H7RS 1.3.0
2026-08-04 17:35:50,827 DEBUG [LineInfo_to_exitCode.log_LineInfo] 2026-08-04 17:35:50,825 [INFO] ThirdParty:967 - CMSIS Pack Vendor :STMicroelectronics X-CUBE-AZRTOS-G0 1.1.0
2026-08-04 17:35:50,827 DEBUG [LineInfo_to_exitCode.log_LineInfo] 2026-08-04 17:35:50,826 [INFO] ThirdParty:967 - CMSIS Pack Vendor :STMicroelectronics X-CUBE-NFC4 3.0.0
2026-08-04 17:35:50,827 DEBUG [LineInfo_to_exitCode.log_LineInfo] 2026-08-04 17:35:50,826 [INFO] ThirdParty:967 - CMSIS Pack Vendor :STMicroelectronics X-CUBE-SUBG2 5.0.0
2026-08-04 17:35:50,827 DEBUG [LineInfo_to_exitCode.log_LineInfo] 2026-08-04 17:35:50,826 [INFO] ThirdParty:967 - CMSIS Pack Vendor :STMicroelectronics lwIP 2.0.3
2026-08-04 17:35:50,827 DEBUG [LineInfo_to_exitCode.log_LineInfo] 2026-08-04 17:35:50,826 [INFO] ThirdParty:967 - CMSIS Pack Vendor :STMicroelectronics X-CUBE-MEMS1 13.0.0
2026-08-04 17:35:50,827 DEBUG [LineInfo_to_exitCode.log_LineInfo] 2026-08-04 17:35:50,826 [INFO] ThirdParty:967 - CMSIS Pack Vendor :STMicroelectronics USB_HOST 1.0.0
2026-08-04 17:35:50,827 DEBUG [LineInfo_to_exitCode.log_LineInfo] 2026-08-04 17:35:50,826 [INFO] ThirdParty:967 - CMSIS Pack Vendor :STMicroelectronics X-CUBE-AZRTOS-G4 2.0.0
2026-08-04 17:35:50,828 DEBUG [LineInfo_to_exitCode.log_LineInfo] 2026-08-04 17:35:50,826 [INFO] ThirdParty:967 - CMSIS Pack Vendor :STMicroelectronics PDM2PCM 3.1.0
2026-08-04 17:35:50,828 DEBUG [LineInfo_to_exitCode.log_LineInfo] 2026-08-04 17:35:50,826 [INFO] ThirdParty:967 - CMSIS Pack Vendor :STMicroelectronics PDM2PCM 3.3.0
2026-08-04 17:35:50,828 DEBUG [LineInfo_to_exitCode.log_LineInfo] 2026-08-04 17:35:50,826 [INFO] ThirdParty:967 - CMSIS Pack Vendor :wolfSSL I-CUBE-wolfTPM 3.8.0
2026-08-04 17:35:50,828 DEBUG [LineInfo_to_exitCode.log_LineInfo] 2026-08-04 17:35:50,826 [INFO] ThirdParty:967 - CMSIS Pack Vendor :wolfSSL I-CUBE-wolfSSH 1.4.20
2026-08-04 17:35:50,828 DEBUG [LineInfo_to_exitCode.log_LineInfo] 2026-08-04 17:35:50,826 [INFO] ThirdParty:967 - CMSIS Pack Vendor :STMicroelectronics X-CUBE-NFC7 2.0.0
2026-08-04 17:35:50,828 DEBUG [LineInfo_to_exitCode.log_LineInfo] 2026-08-04 17:35:50,827 [INFO] ThirdParty:967 - CMSIS Pack Vendor :STMicroelectronics X-CUBE-GNSS1 7.1.1
2026-08-04 17:35:50,828 DEBUG [LineInfo_to_exitCode.log_LineInfo] 2026-08-04 17:35:50,827 [INFO] ThirdParty:967 - CMSIS Pack Vendor :wolfSSL I-CUBE-wolfSSL 5.9.1
2026-08-04 17:35:50,828 DEBUG [LineInfo_to_exitCode.log_LineInfo] 2026-08-04 17:35:50,827 [INFO] ThirdParty:967 - CMSIS Pack Vendor :STMicroelectronics FP-ATR-SIGFOX1 3.2.0
2026-08-04 17:35:50,828 DEBUG [LineInfo_to_exitCode.log_LineInfo] 2026-08-04 17:35:50,827 [INFO] ThirdParty:967 - CMSIS Pack Vendor :STMicroelectronics X-CUBE-NFC10 1.0.0
2026-08-04 17:35:50,829 DEBUG [LineInfo_to_exitCode.log_LineInfo] 2026-08-04 17:35:50,827 [INFO] ThirdParty:967 - CMSIS Pack Vendor :STMicroelectronics HAL Drivers 0.0.0
2026-08-04 17:35:50,829 DEBUG [LineInfo_to_exitCode.log_LineInfo] 2026-08-04 17:35:50,827 [INFO] ThirdParty:967 - CMSIS Pack Vendor :STMicroelectronics MBEDTLS 2.16.2
2026-08-04 17:35:50,829 DEBUG [LineInfo_to_exitCode.log_LineInfo] 2026-08-04 17:35:50,827 [INFO] ThirdParty:967 - CMSIS Pack Vendor :STMicroelectronics MBEDTLS 2.14.1
2026-08-04 17:35:50,829 DEBUG [LineInfo_to_exitCode.log_LineInfo] 2026-08-04 17:35:50,827 [INFO] ThirdParty:967 - CMSIS Pack Vendor :STMicroelectronics X-CUBE-TOUCHGFX 4.26.1
2026-08-04 17:35:50,829 DEBUG [LineInfo_to_exitCode.log_LineInfo] 2026-08-04 17:35:50,827 [INFO] ThirdParty:967 - CMSIS Pack Vendor :STMicroelectronics X-CUBE-NFC6 3.2.0
2026-08-04 17:35:50,829 DEBUG [LineInfo_to_exitCode.log_LineInfo] 2026-08-04 17:35:50,827 [INFO] ThirdParty:967 - CMSIS Pack Vendor :STMicroelectronics X-CUBE-AI 10.2.1
2026-08-04 17:35:50,829 DEBUG [LineInfo_to_exitCode.log_LineInfo] 2026-08-04 17:35:50,827 [INFO] ThirdParty:967 - CMSIS Pack Vendor :STMicroelectronics X-CUBE-MEMS1 12.1.0
2026-08-04 17:35:50,829 DEBUG [LineInfo_to_exitCode.log_LineInfo] 2026-08-04 17:35:50,828 [INFO] ThirdParty:967 - CMSIS Pack Vendor :STMicroelectronics X-CUBE-AZRTOS-WL 2.0.0
2026-08-04 17:35:50,830 DEBUG [LineInfo_to_exitCode.log_LineInfo] 2026-08-04 17:35:50,828 [INFO] ThirdParty:967 - CMSIS Pack Vendor :SEGGER I-CUBE-embOS 1.3.1
2026-08-04 17:35:50,830 DEBUG [LineInfo_to_exitCode.log_LineInfo] 2026-08-04 17:35:50,828 [INFO] ThirdParty:967 - CMSIS Pack Vendor :STMicroelectronics USB_DEVICE 1.0.0
2026-08-04 17:35:50,830 DEBUG [LineInfo_to_exitCode.log_LineInfo] 2026-08-04 17:35:50,828 [INFO] ThirdParty:967 - CMSIS Pack Vendor :STMicroelectronics X-CUBE-AZRTOS-L4 2.0.0
2026-08-04 17:35:50,830 DEBUG [LineInfo_to_exitCode.log_LineInfo] 2026-08-04 17:35:50,828 [INFO] ThirdParty:967 - CMSIS Pack Vendor :STMicroelectronics ThreadX 0.0.2
2026-08-04 17:35:50,830 DEBUG [LineInfo_to_exitCode.log_LineInfo] 2026-08-04 17:35:50,828 [INFO] ThirdParty:967 - CMSIS Pack Vendor :STMicroelectronics lwIP 2.1.2
2026-08-04 17:35:50,830 DEBUG [LineInfo_to_exitCode.log_LineInfo] 2026-08-04 17:35:50,828 [INFO] ThirdParty:967 - CMSIS Pack Vendor :STMicroelectronics X-CUBE-SFXS2LP1 4.0.0
2026-08-04 17:35:50,830 DEBUG [LineInfo_to_exitCode.log_LineInfo] 2026-08-04 17:35:50,828 [INFO] ThirdParty:967 - CMSIS Pack Vendor :STMicroelectronics X-CUBE-BLE2 3.3.0
2026-08-04 17:35:50,830 DEBUG [LineInfo_to_exitCode.log_LineInfo] 2026-08-04 17:35:50,828 [INFO] ThirdParty:967 - CMSIS Pack Vendor :STMicroelectronics X-CUBE-NFC13 1.0.0
2026-08-04 17:35:50,830 DEBUG [LineInfo_to_exitCode.log_LineInfo] 2026-08-04 17:35:50,828 [INFO] ThirdParty:967 - CMSIS Pack Vendor :STMicroelectronics PDM2PCM 3.2.0
2026-08-04 17:35:50,831 DEBUG [LineInfo_to_exitCode.log_LineInfo] 2026-08-04 17:35:50,829 [INFO] ThirdParty:967 - CMSIS Pack Vendor :STMicroelectronics X-CUBE-WB05N 2.1.0
2026-08-04 17:35:50,831 DEBUG [LineInfo_to_exitCode.log_LineInfo] 2026-08-04 17:35:50,829 [INFO] ThirdParty:787 - exiting critical section [change project]
2026-08-04 17:35:51,383 DEBUG [LineInfo_to_exitCode.log_LineInfo] 2026-08-04 17:35:51,383 [INFO] PinOutPanel:1463 - setPackage(No Configuration,No Configuration)
2026-08-04 17:35:51,385 DEBUG [LineInfo_to_exitCode.log_LineInfo] 2026-08-04 17:35:51,384 [INFO] PinOutPanel:1463 - setPackage(STM32G431CBUx,UFQFPN48)
2026-08-04 17:35:51,883 DEBUG [LineInfo_to_exitCode.log_LineInfo] 2026-08-04 17:35:51,883 [INFO] UtilMem:74 - Before build in PCC Used Memory: 203787968 Bytes (1186988032)
2026-08-04 17:35:52,723 DEBUG [LineInfo_to_exitCode.log_LineInfo] 2026-08-04 17:35:52,723 [INFO] UtilMem:74 - After build in PCC Used Memory: 300256960 Bytes (1186988032)
2026-08-04 17:35:52,892 DEBUG [LineInfo_to_exitCode.log_LineInfo] 2026-08-04 17:35:52,892 [INFO] ApiDbMcu:468 - Load IP Config File for MotorControl
2026-08-04 17:35:52,931 DEBUG [LineInfo_to_exitCode.log_LineInfo] 2026-08-04 17:35:52,931 [INFO] IPUIPlugin:74 - create IPUIPlugin
2026-08-04 17:35:52,932 DEBUG [LineInfo_to_exitCode.log_LineInfo] 2026-08-04 17:35:52,931 [INFO] IPUIPlugin:74 - create IPUIPlugin
2026-08-04 17:35:52,932 DEBUG [LineInfo_to_exitCode.log_LineInfo] 2026-08-04 17:35:52,931 [INFO] IPUIPlugin:74 - create IPUIPlugin
2026-08-04 17:35:52,932 DEBUG [LineInfo_to_exitCode.log_LineInfo] 2026-08-04 17:35:52,931 [INFO] IPUIPlugin:74 - create IPUIPlugin
2026-08-04 17:35:52,932 DEBUG [LineInfo_to_exitCode.log_LineInfo] 2026-08-04 17:35:52,932 [INFO] IPUIPlugin:74 - create IPUIPlugin
2026-08-04 17:35:52,932 DEBUG [LineInfo_to_exitCode.log_LineInfo] 2026-08-04 17:35:52,932 [INFO] IPUIPlugin:74 - create IPUIPlugin
2026-08-04 17:35:52,932 DEBUG [LineInfo_to_exitCode.log_LineInfo] 2026-08-04 17:35:52,932 [INFO] IPUIPlugin:74 - create IPUIPlugin
2026-08-04 17:35:52,933 DEBUG [LineInfo_to_exitCode.log_LineInfo] 2026-08-04 17:35:52,933 [INFO] IPUIPlugin:74 - create IPUIPlugin
2026-08-04 17:35:52,933 DEBUG [LineInfo_to_exitCode.log_LineInfo] 2026-08-04 17:35:52,933 [INFO] IPUIPlugin:74 - create IPUIPlugin
2026-08-04 17:35:52,933 DEBUG [LineInfo_to_exitCode.log_LineInfo] 2026-08-04 17:35:52,933 [INFO] IPUIPlugin:74 - create IPUIPlugin
2026-08-04 17:35:52,933 DEBUG [LineInfo_to_exitCode.log_LineInfo] 2026-08-04 17:35:52,933 [INFO] IPUIPlugin:74 - create IPUIPlugin
2026-08-04 17:35:52,935 DEBUG [LineInfo_to_exitCode.log_LineInfo] 2026-08-04 17:35:52,933 [INFO] IPUIPlugin:74 - create IPUIPlugin
2026-08-04 17:35:52,935 DEBUG [LineInfo_to_exitCode.log_LineInfo] 2026-08-04 17:35:52,935 [INFO] IPUIPlugin:74 - create IPUIPlugin
2026-08-04 17:35:52,935 DEBUG [LineInfo_to_exitCode.log_LineInfo] 2026-08-04 17:35:52,935 [INFO] IPUIPlugin:74 - create IPUIPlugin
2026-08-04 17:35:52,936 DEBUG [LineInfo_to_exitCode.log_LineInfo] 2026-08-04 17:35:52,935 [INFO] IPUIPlugin:74 - create IPUIPlugin
2026-08-04 17:35:52,936 DEBUG [LineInfo_to_exitCode.log_LineInfo] 2026-08-04 17:35:52,936 [INFO] IPUIPlugin:74 - create IPUIPlugin
2026-08-04 17:35:52,936 DEBUG [LineInfo_to_exitCode.log_LineInfo] 2026-08-04 17:35:52,936 [INFO] IPUIPlugin:74 - create IPUIPlugin
2026-08-04 17:35:52,936 DEBUG [LineInfo_to_exitCode.log_LineInfo] 2026-08-04 17:35:52,936 [INFO] IPUIPlugin:74 - create IPUIPlugin
2026-08-04 17:35:52,937 DEBUG [LineInfo_to_exitCode.log_LineInfo] 2026-08-04 17:35:52,937 [INFO] IPUIPlugin:74 - create IPUIPlugin
2026-08-04 17:35:52,937 DEBUG [LineInfo_to_exitCode.log_LineInfo] 2026-08-04 17:35:52,937 [INFO] IPUIPlugin:74 - create IPUIPlugin
2026-08-04 17:35:52,937 DEBUG [LineInfo_to_exitCode.log_LineInfo] 2026-08-04 17:35:52,937 [INFO] IPUIPlugin:74 - create IPUIPlugin
2026-08-04 17:35:52,938 DEBUG [LineInfo_to_exitCode.log_LineInfo] 2026-08-04 17:35:52,938 [INFO] IPUIPlugin:74 - create IPUIPlugin
2026-08-04 17:35:52,938 DEBUG [LineInfo_to_exitCode.log_LineInfo] 2026-08-04 17:35:52,938 [INFO] IPUIPlugin:74 - create IPUIPlugin
2026-08-04 17:35:52,938 DEBUG [LineInfo_to_exitCode.log_LineInfo] 2026-08-04 17:35:52,938 [INFO] IPUIPlugin:74 - create IPUIPlugin
2026-08-04 17:35:52,939 DEBUG [LineInfo_to_exitCode.log_LineInfo] 2026-08-04 17:35:52,938 [INFO] IPUIPlugin:74 - create IPUIPlugin
2026-08-04 17:35:52,939 DEBUG [LineInfo_to_exitCode.log_LineInfo] 2026-08-04 17:35:52,939 [INFO] IPUIPlugin:74 - create IPUIPlugin
2026-08-04 17:35:52,939 DEBUG [LineInfo_to_exitCode.log_LineInfo] 2026-08-04 17:35:52,939 [INFO] IPUIPlugin:74 - create IPUIPlugin
2026-08-04 17:35:52,940 DEBUG [LineInfo_to_exitCode.log_LineInfo] 2026-08-04 17:35:52,940 [INFO] IPUIPlugin:74 - create IPUIPlugin
2026-08-04 17:35:52,940 DEBUG [LineInfo_to_exitCode.log_LineInfo] 2026-08-04 17:35:52,940 [INFO] IPUIPlugin:74 - create IPUIPlugin
2026-08-04 17:35:52,941 DEBUG [LineInfo_to_exitCode.log_LineInfo] 2026-08-04 17:35:52,940 [INFO] IPUIPlugin:74 - create IPUIPlugin
2026-08-04 17:35:52,941 DEBUG [LineInfo_to_exitCode.log_LineInfo] 2026-08-04 17:35:52,941 [INFO] IPUIPlugin:74 - create IPUIPlugin
2026-08-04 17:35:52,942 DEBUG [LineInfo_to_exitCode.log_LineInfo] 2026-08-04 17:35:52,941 [INFO] IPUIPlugin:74 - create IPUIPlugin
2026-08-04 17:35:52,942 DEBUG [LineInfo_to_exitCode.log_LineInfo] 2026-08-04 17:35:52,942 [INFO] IPUIPlugin:74 - create IPUIPlugin
2026-08-04 17:35:52,942 DEBUG [LineInfo_to_exitCode.log_LineInfo] 2026-08-04 17:35:52,942 [INFO] IPUIPlugin:74 - create IPUIPlugin
2026-08-04 17:35:52,944 DEBUG [LineInfo_to_exitCode.log_LineInfo] 2026-08-04 17:35:52,942 [INFO] IPUIPlugin:74 - create IPUIPlugin
2026-08-04 17:35:52,944 DEBUG [LineInfo_to_exitCode.log_LineInfo] 2026-08-04 17:35:52,944 [INFO] IPUIPlugin:74 - create IPUIPlugin
2026-08-04 17:35:52,945 DEBUG [LineInfo_to_exitCode.log_LineInfo] 2026-08-04 17:35:52,945 [INFO] IPUIPlugin:74 - create IPUIPlugin
2026-08-04 17:35:52,945 DEBUG [LineInfo_to_exitCode.log_LineInfo] 2026-08-04 17:35:52,945 [INFO] IPUIPlugin:74 - create IPUIPlugin
2026-08-04 17:35:52,947 DEBUG [LineInfo_to_exitCode.log_LineInfo] 2026-08-04 17:35:52,946 [INFO] IPUIPlugin:74 - create IPUIPlugin
2026-08-04 17:35:52,947 DEBUG [LineInfo_to_exitCode.log_LineInfo] 2026-08-04 17:35:52,947 [INFO] IPUIPlugin:74 - create IPUIPlugin
2026-08-04 17:35:52,948 DEBUG [LineInfo_to_exitCode.log_LineInfo] 2026-08-04 17:35:52,948 [INFO] IPUIPlugin:74 - create IPUIPlugin
2026-08-04 17:35:52,948 DEBUG [LineInfo_to_exitCode.log_LineInfo] 2026-08-04 17:35:52,948 [INFO] IPUIPlugin:74 - create IPUIPlugin
2026-08-04 17:35:52,949 DEBUG [LineInfo_to_exitCode.log_LineInfo] 2026-08-04 17:35:52,949 [INFO] IPUIPlugin:74 - create IPUIPlugin
2026-08-04 17:35:52,949 DEBUG [LineInfo_to_exitCode.log_LineInfo] 2026-08-04 17:35:52,949 [INFO] IPUIPlugin:74 - create IPUIPlugin
2026-08-04 17:35:52,950 DEBUG [LineInfo_to_exitCode.log_LineInfo] 2026-08-04 17:35:52,950 [INFO] IPUIPlugin:74 - create IPUIPlugin
2026-08-04 17:35:52,950 DEBUG [LineInfo_to_exitCode.log_LineInfo] 2026-08-04 17:35:52,950 [INFO] IPUIPlugin:74 - create IPUIPlugin
2026-08-04 17:35:52,951 DEBUG [LineInfo_to_exitCode.log_LineInfo] 2026-08-04 17:35:52,950 [INFO] IPUIPlugin:74 - create IPUIPlugin
2026-08-04 17:35:52,952 DEBUG [LineInfo_to_exitCode.log_LineInfo] 2026-08-04 17:35:52,951 [INFO] IPUIPlugin:74 - create IPUIPlugin
2026-08-04 17:35:52,952 DEBUG [LineInfo_to_exitCode.log_LineInfo] 2026-08-04 17:35:52,952 [INFO] IPUIPlugin:74 - create IPUIPlugin
2026-08-04 17:35:52,952 DEBUG [LineInfo_to_exitCode.log_LineInfo] 2026-08-04 17:35:52,952 [INFO] IPUIPlugin:74 - create IPUIPlugin
2026-08-04 17:35:52,952 DEBUG [LineInfo_to_exitCode.log_LineInfo] 2026-08-04 17:35:52,952 [INFO] IPUIPlugin:74 - create IPUIPlugin
2026-08-04 17:35:52,954 DEBUG [LineInfo_to_exitCode.log_LineInfo] 2026-08-04 17:35:52,954 [INFO] IPUIPlugin:74 - create IPUIPlugin
2026-08-04 17:35:52,955 DEBUG [LineInfo_to_exitCode.log_LineInfo] 2026-08-04 17:35:52,954 [INFO] IPUIPlugin:74 - create IPUIPlugin
2026-08-04 17:35:52,955 DEBUG [LineInfo_to_exitCode.log_LineInfo] 2026-08-04 17:35:52,955 [INFO] IPUIPlugin:74 - create IPUIPlugin
2026-08-04 17:35:52,956 DEBUG [LineInfo_to_exitCode.log_LineInfo] 2026-08-04 17:35:52,956 [INFO] IPUIPlugin:74 - create IPUIPlugin
2026-08-04 17:35:52,956 DEBUG [LineInfo_to_exitCode.log_LineInfo] 2026-08-04 17:35:52,956 [INFO] IPUIPlugin:74 - create IPUIPlugin
2026-08-04 17:35:52,957 DEBUG [LineInfo_to_exitCode.log_LineInfo] 2026-08-04 17:35:52,957 [INFO] IPUIPlugin:74 - create IPUIPlugin
2026-08-04 17:35:52,958 DEBUG [LineInfo_to_exitCode.log_LineInfo] 2026-08-04 17:35:52,957 [INFO] IPUIPlugin:74 - create IPUIPlugin
2026-08-04 17:35:53,135 DEBUG [LineInfo_to_exitCode.log_LineInfo] 2026-08-04 17:35:53,135 [INFO] OPAMP:194 - [OPAMP] - evt.getPropertyName:EventProjectSettingsChange
2026-08-04 17:35:53,135 DEBUG [LineInfo_to_exitCode.log_LineInfo] 2026-08-04 17:35:53,135 [INFO] OPAMP:194 - [OPAMP] - evt.getPropertyName:EventProjectSettingsChange
2026-08-04 17:35:53,136 DEBUG [LineInfo_to_exitCode.log_LineInfo] 2026-08-04 17:35:53,135 [INFO] OPAMP:194 - [OPAMP] - evt.getPropertyName:EventProjectSettingsChange
2026-08-04 17:35:53,141 DEBUG [LineInfo_to_exitCode.log_LineInfo] 2026-08-04 17:35:53,140 [INFO] OPAMP:194 - [OPAMP] - evt.getPropertyName:EventProjectSettingsChange
2026-08-04 17:35:53,141 DEBUG [LineInfo_to_exitCode.log_LineInfo] 2026-08-04 17:35:53,141 [INFO] OPAMP:194 - [OPAMP] - evt.getPropertyName:EventProjectSettingsChange
2026-08-04 17:35:53,142 DEBUG [LineInfo_to_exitCode.log_LineInfo] 2026-08-04 17:35:53,141 [INFO] OPAMP:194 - [OPAMP] - evt.getPropertyName:EventProjectSettingsChange
2026-08-04 17:35:53,143 DEBUG [LineInfo_to_exitCode.log_LineInfo] 2026-08-04 17:35:53,143 [INFO] OPAMP:194 - [OPAMP] - evt.getPropertyName:EventProjectSettingsChange
2026-08-04 17:35:53,143 DEBUG [LineInfo_to_exitCode.log_LineInfo] 2026-08-04 17:35:53,143 [INFO] OPAMP:194 - [OPAMP] - evt.getPropertyName:EventProjectSettingsChange
2026-08-04 17:35:53,143 DEBUG [LineInfo_to_exitCode.log_LineInfo] 2026-08-04 17:35:53,143 [INFO] OPAMP:194 - [OPAMP] - evt.getPropertyName:EventProjectSettingsChange
2026-08-04 17:35:53,146 DEBUG [LineInfo_to_exitCode.log_LineInfo] 2026-08-04 17:35:53,145 [INFO] OPAMP:194 - [OPAMP] - evt.getPropertyName:EventProjectSettingsChange
2026-08-04 17:35:53,146 DEBUG [LineInfo_to_exitCode.log_LineInfo] 2026-08-04 17:35:53,145 [INFO] OPAMP:194 - [OPAMP] - evt.getPropertyName:EventProjectSettingsChange
2026-08-04 17:35:53,146 DEBUG [LineInfo_to_exitCode.log_LineInfo] 2026-08-04 17:35:53,145 [INFO] OPAMP:194 - [OPAMP] - evt.getPropertyName:EventProjectSettingsChange
2026-08-04 17:35:53,694 DEBUG [LineInfo_to_exitCode.log_LineInfo] 2026-08-04 17:35:53,693 [INFO] OPAMP:194 - [OPAMP] - evt.getPropertyName:EventMcuSetIPParameter
2026-08-04 17:35:53,694 DEBUG [LineInfo_to_exitCode.log_LineInfo] 2026-08-04 17:35:53,694 [INFO] OPAMP:194 - [OPAMP] - evt.getPropertyName:EventMcuSetIPParameter
2026-08-04 17:35:53,694 DEBUG [LineInfo_to_exitCode.log_LineInfo] 2026-08-04 17:35:53,694 [INFO] OPAMP:194 - [OPAMP] - evt.getPropertyName:EventMcuSetIPParameter
2026-08-04 17:35:53,751 DEBUG [LineInfo_to_exitCode.log_LineInfo] 2026-08-04 17:35:53,751 [INFO] OPAMP:194 - [OPAMP] - evt.getPropertyName:EventMcuSetIPParameter
2026-08-04 17:35:53,751 DEBUG [LineInfo_to_exitCode.log_LineInfo] 2026-08-04 17:35:53,751 [INFO] OPAMP:194 - [OPAMP] - evt.getPropertyName:EventMcuSetIPParameter
2026-08-04 17:35:53,751 DEBUG [LineInfo_to_exitCode.log_LineInfo] 2026-08-04 17:35:53,751 [INFO] OPAMP:194 - [OPAMP] - evt.getPropertyName:EventMcuSetIPParameter
2026-08-04 17:35:53,807 DEBUG [LineInfo_to_exitCode.log_LineInfo] 2026-08-04 17:35:53,807 [INFO] OPAMP:194 - [OPAMP] - evt.getPropertyName:EventMcuSetIPParameter
2026-08-04 17:35:53,808 DEBUG [LineInfo_to_exitCode.log_LineInfo] 2026-08-04 17:35:53,807 [INFO] OPAMP:194 - [OPAMP] - evt.getPropertyName:EventMcuSetIPParameter
2026-08-04 17:35:53,808 DEBUG [LineInfo_to_exitCode.log_LineInfo] 2026-08-04 17:35:53,807 [INFO] OPAMP:194 - [OPAMP] - evt.getPropertyName:EventMcuSetIPParameter
2026-08-04 17:35:53,845 DEBUG [LineInfo_to_exitCode.log_LineInfo] 2026-08-04 17:35:53,844 [INFO] OpenFileManager:333 - Restore cursor
2026-08-04 17:35:53,949 DEBUG [LineInfo_to_exitCode.log_LineInfo] 2026-08-04 17:35:53,949 [INFO] OPAMP:194 - [OPAMP] - evt.getPropertyName:EventProjectSettingsChange
2026-08-04 17:35:53,951 DEBUG [LineInfo_to_exitCode.log_LineInfo] 2026-08-04 17:35:53,949 [INFO] OPAMP:194 - [OPAMP] - evt.getPropertyName:EventProjectSettingsChange
2026-08-04 17:35:53,951 DEBUG [LineInfo_to_exitCode.log_LineInfo] 2026-08-04 17:35:53,949 [INFO] OPAMP:194 - [OPAMP] - evt.getPropertyName:EventProjectSettingsChange
2026-08-04 17:35:53,960 DEBUG [LineInfo_to_exitCode.log_LineInfo] 2026-08-04 17:35:53,960 [INFO] OPAMP:194 - [OPAMP] - evt.getPropertyName:EventProjectSettingsChange
2026-08-04 17:35:53,960 DEBUG [LineInfo_to_exitCode.log_LineInfo] 2026-08-04 17:35:53,960 [INFO] OPAMP:194 - [OPAMP] - evt.getPropertyName:EventProjectSettingsChange
2026-08-04 17:35:53,960 DEBUG [LineInfo_to_exitCode.log_LineInfo] 2026-08-04 17:35:53,960 [INFO] OPAMP:194 - [OPAMP] - evt.getPropertyName:EventProjectSettingsChange
2026-08-04 17:35:53,968 DEBUG [LineInfo_to_exitCode.log_LineInfo] 2026-08-04 17:35:53,967 [INFO] OPAMP:194 - [OPAMP] - evt.getPropertyName:EventProjectSettingsChange
2026-08-04 17:35:53,968 DEBUG [LineInfo_to_exitCode.log_LineInfo] 2026-08-04 17:35:53,968 [INFO] OPAMP:194 - [OPAMP] - evt.getPropertyName:EventProjectSettingsChange
2026-08-04 17:35:53,968 DEBUG [LineInfo_to_exitCode.log_LineInfo] 2026-08-04 17:35:53,968 [INFO] OPAMP:194 - [OPAMP] - evt.getPropertyName:EventProjectSettingsChange
2026-08-04 17:36:22,667 DEBUG [LineInfo_to_exitCode.log_LineInfo] 2026-08-04 17:36:22,667 [INFO] ServerAccessManage:362 - Download File stm32cube_fw_g4_v140.zip
2026-08-04 17:36:22,669 DEBUG [LineInfo_to_exitCode.log_LineInfo] mx [ERROR] stderr - Exception in thread "AWT-EventQueue-0" java.lang.NullPointerException
2026-08-04 17:36:22,669 ERROR [LineInfo_to_exitCode.log_LineInfo] 	at java.desktop/javax.swing.plaf.basic.BasicProgressBarUI.sizeChanged(BasicProgressBarUI.java:1046)
2026-08-04 17:36:22,669 ERROR [LineInfo_to_exitCode.log_LineInfo] 	at java.desktop/javax.swing.plaf.basic.BasicProgressBarUI.getBox(BasicProgressBarUI.java:493)
2026-08-04 17:36:22,669 ERROR [LineInfo_to_exitCode.log_LineInfo] 	at java.desktop/javax.swing.plaf.metal.MetalProgressBarUI.paintIndeterminate(MetalProgressBarUI.java:163)
2026-08-04 17:36:22,669 ERROR [LineInfo_to_exitCode.log_LineInfo] 	at java.desktop/javax.swing.plaf.basic.BasicProgressBarUI.paint(BasicProgressBarUI.java:459)
2026-08-04 17:36:22,669 ERROR [LineInfo_to_exitCode.log_LineInfo] 	at java.desktop/javax.swing.plaf.ComponentUI.update(ComponentUI.java:161)
2026-08-04 17:36:22,670 ERROR [LineInfo_to_exitCode.log_LineInfo] 	at java.desktop/javax.swing.JComponent.paintComponent(JComponent.java:797)
2026-08-04 17:36:22,670 ERROR [LineInfo_to_exitCode.log_LineInfo] 	at java.desktop/javax.swing.JComponent.paint(JComponent.java:1074)
2026-08-04 17:36:22,670 ERROR [LineInfo_to_exitCode.log_LineInfo] 	at java.desktop/javax.swing.JComponent.paintToOffscreen(JComponent.java:5255)
2026-08-04 17:36:22,670 ERROR [LineInfo_to_exitCode.log_LineInfo] 	at java.desktop/javax.swing.RepaintManager$PaintManager.paintDoubleBufferedImpl(RepaintManager.java:1643)
2026-08-04 17:36:22,670 ERROR [LineInfo_to_exitCode.log_LineInfo] 	at java.desktop/javax.swing.RepaintManager$PaintManager.paintDoubleBuffered(RepaintManager.java:1618)
2026-08-04 17:36:22,670 ERROR [LineInfo_to_exitCode.log_LineInfo] 	at java.desktop/javax.swing.RepaintManager$PaintManager.paint(RepaintManager.java:1556)
2026-08-04 17:36:22,670 ERROR [LineInfo_to_exitCode.log_LineInfo] 	at java.desktop/javax.swing.RepaintManager.paint(RepaintManager.java:1323)
2026-08-04 17:36:22,671 ERROR [LineInfo_to_exitCode.log_LineInfo] 	at java.desktop/javax.swing.JComponent._paintImmediately(JComponent.java:5203)
2026-08-04 17:36:22,671 ERROR [LineInfo_to_exitCode.log_LineInfo] 	at java.desktop/javax.swing.JComponent.paintImmediately(JComponent.java:5013)
2026-08-04 17:36:22,672 ERROR [LineInfo_to_exitCode.log_LineInfo] 	at java.desktop/javax.swing.RepaintManager$4.run(RepaintManager.java:865)
2026-08-04 17:36:22,672 ERROR [LineInfo_to_exitCode.log_LineInfo] 	at java.desktop/javax.swing.RepaintManager$4.run(RepaintManager.java:848)
2026-08-04 17:36:22,672 ERROR [LineInfo_to_exitCode.log_LineInfo] 	at java.base/java.security.AccessController.doPrivileged(Native Method)
2026-08-04 17:36:22,672 ERROR [LineInfo_to_exitCode.log_LineInfo] 	at java.base/java.security.ProtectionDomain$JavaSecurityAccessImpl.doIntersectionPrivilege(ProtectionDomain.java:85)
2026-08-04 17:36:22,672 ERROR [LineInfo_to_exitCode.log_LineInfo] 	at java.desktop/javax.swing.RepaintManager.paintDirtyRegions(RepaintManager.java:848)
2026-08-04 17:36:22,672 ERROR [LineInfo_to_exitCode.log_LineInfo] 	at java.desktop/javax.swing.RepaintManager.paintDirtyRegions(RepaintManager.java:823)
2026-08-04 17:36:22,672 ERROR [LineInfo_to_exitCode.log_LineInfo] 	at java.desktop/javax.swing.RepaintManager.prePaintDirtyRegions(RepaintManager.java:772)
2026-08-04 17:36:22,673 ERROR [LineInfo_to_exitCode.log_LineInfo] 	at java.desktop/javax.swing.RepaintManager$ProcessingRunnable.run(RepaintManager.java:1890)
2026-08-04 17:36:22,673 ERROR [LineInfo_to_exitCode.log_LineInfo] 	at java.desktop/java.awt.event.InvocationEvent.dispatch(InvocationEvent.java:313)
2026-08-04 17:36:22,673 ERROR [LineInfo_to_exitCode.log_LineInfo] 	at java.desktop/java.awt.EventQueue.dispatchEventImpl(EventQueue.java:770)
2026-08-04 17:36:22,673 ERROR [LineInfo_to_exitCode.log_LineInfo] 	at java.desktop/java.awt.EventQueue$4.run(EventQueue.java:721)
2026-08-04 17:36:22,673 ERROR [LineInfo_to_exitCode.log_LineInfo] 	at java.desktop/java.awt.EventQueue$4.run(EventQueue.java:715)
2026-08-04 17:36:22,674 ERROR [LineInfo_to_exitCode.log_LineInfo] 	at java.base/java.security.AccessController.doPrivileged(Native Method)
2026-08-04 17:36:22,674 ERROR [LineInfo_to_exitCode.log_LineInfo] 	at java.base/java.security.ProtectionDomain$JavaSecurityAccessImpl.doIntersectionPrivilege(ProtectionDomain.java:85)
2026-08-04 17:36:22,674 ERROR [LineInfo_to_exitCode.log_LineInfo] 	at java.desktop/java.awt.EventQueue.dispatchEvent(EventQueue.java:740)
2026-08-04 17:36:22,675 ERROR [LineInfo_to_exitCode.log_LineInfo] 	at java.desktop/java.awt.EventDispatchThread.pumpOneEventForFilters(EventDispatchThread.java:203)
2026-08-04 17:36:22,675 ERROR [LineInfo_to_exitCode.log_LineInfo] 	at java.desktop/java.awt.EventDispatchThread.pumpEventsForFilter(EventDispatchThread.java:124)
2026-08-04 17:36:22,675 ERROR [LineInfo_to_exitCode.log_LineInfo] 	at java.desktop/java.awt.EventDispatchThread.pumpEventsForFilter(EventDispatchThread.java:117)
2026-08-04 17:36:22,675 ERROR [LineInfo_to_exitCode.log_LineInfo] 	at java.desktop/java.awt.WaitDispatchSupport$2.run(WaitDispatchSupport.java:190)
2026-08-04 17:36:22,675 ERROR [LineInfo_to_exitCode.log_LineInfo] 	at java.desktop/java.awt.WaitDispatchSupport$4.run(WaitDispatchSupport.java:235)
2026-08-04 17:36:22,675 ERROR [LineInfo_to_exitCode.log_LineInfo] 	at java.desktop/java.awt.WaitDispatchSupport$4.run(WaitDispatchSupport.java:233)
2026-08-04 17:36:22,676 ERROR [LineInfo_to_exitCode.log_LineInfo] 	at java.base/java.security.AccessController.doPrivileged(Native Method)
2026-08-04 17:36:22,676 ERROR [LineInfo_to_exitCode.log_LineInfo] 	at java.desktop/java.awt.WaitDispatchSupport.enter(WaitDispatchSupport.java:233)
2026-08-04 17:36:22,676 ERROR [LineInfo_to_exitCode.log_LineInfo] 	at java.desktop/java.awt.Dialog.show(Dialog.java:1070)
2026-08-04 17:36:22,676 ERROR [LineInfo_to_exitCode.log_LineInfo] 	at com.st.microxplorer.plugins.updater.gui.ProgressBarDialog.startProgressBar(ProgressBarDialog.java:149)
2026-08-04 17:36:22,676 ERROR [LineInfo_to_exitCode.log_LineInfo] 	at com.st.microxplorer.plugins.updater.engine.MainUpdater.loadFirmwareName(MainUpdater.java:2260)
2026-08-04 17:36:22,677 ERROR [LineInfo_to_exitCode.log_LineInfo] 	at com.st.microxplorer.plugins.updater.Updater.getSpecificTask(Updater.java:329)
2026-08-04 17:36:22,677 ERROR [LineInfo_to_exitCode.log_LineInfo] 	at com.st.microxplorer.plugins.projectmanager.engine.MainProjectManager.startGenerateCode(MainProjectManager.java:1416)
2026-08-04 17:36:22,677 ERROR [LineInfo_to_exitCode.log_LineInfo] 	at com.st.microxplorer.plugins.projectmanager.engine.MainProjectManager$3.onCommandEntered(MainProjectManager.java:235)
2026-08-04 17:36:22,677 ERROR [LineInfo_to_exitCode.log_LineInfo] 	at com.st.components.util.CommandLineManager$3.run(CommandLineManager.java:168)
2026-08-04 17:36:22,677 ERROR [LineInfo_to_exitCode.log_LineInfo] 	at java.desktop/java.awt.event.InvocationEvent.dispatch(InvocationEvent.java:303)
2026-08-04 17:36:22,677 ERROR [LineInfo_to_exitCode.log_LineInfo] 	at java.desktop/java.awt.EventQueue.dispatchEventImpl(EventQueue.java:770)
2026-08-04 17:36:22,678 ERROR [LineInfo_to_exitCode.log_LineInfo] 	at java.desktop/java.awt.EventQueue$4.run(EventQueue.java:721)
2026-08-04 17:36:22,678 ERROR [LineInfo_to_exitCode.log_LineInfo] 	at java.desktop/java.awt.EventQueue$4.run(EventQueue.java:715)
2026-08-04 17:36:22,678 ERROR [LineInfo_to_exitCode.log_LineInfo] 	at java.base/java.security.AccessController.doPrivileged(Native Method)
2026-08-04 17:36:22,678 ERROR [LineInfo_to_exitCode.log_LineInfo] 	at java.base/java.security.ProtectionDomain$JavaSecurityAccessImpl.doIntersectionPrivilege(ProtectionDomain.java:85)
2026-08-04 17:36:22,678 ERROR [LineInfo_to_exitCode.log_LineInfo] 	at java.desktop/java.awt.EventQueue.dispatchEvent(EventQueue.java:740)
2026-08-04 17:36:22,678 ERROR [LineInfo_to_exitCode.log_LineInfo] 	at java.desktop/java.awt.EventDispatchThread.pumpOneEventForFilters(EventDispatchThread.java:203)
2026-08-04 17:36:22,678 ERROR [LineInfo_to_exitCode.log_LineInfo] 	at java.desktop/java.awt.EventDispatchThread.pumpEventsForFilter(EventDispatchThread.java:124)
2026-08-04 17:36:22,678 ERROR [LineInfo_to_exitCode.log_LineInfo] 	at java.desktop/java.awt.EventDispatchThread.pumpEventsForHierarchy(EventDispatchThread.java:113)
2026-08-04 17:36:22,679 ERROR [LineInfo_to_exitCode.log_LineInfo] 	at java.desktop/java.awt.EventDispatchThread.pumpEvents(EventDispatchThread.java:109)
2026-08-04 17:36:22,679 ERROR [LineInfo_to_exitCode.log_LineInfo] 	at java.desktop/java.awt.EventDispatchThread.pumpEvents(EventDispatchThread.java:101)
2026-08-04 17:36:22,679 ERROR [LineInfo_to_exitCode.log_LineInfo] 	at java.desktop/java.awt.EventDispatchThread.run(EventDispatchThread.java:90)
2026-08-04 17:38:46,107 ERROR [LineInfo_to_exitCode.log_LineInfo] File entry not found
2026-08-04 17:38:46,108 DEBUG [LineInfo_to_exitCode.log_LineInfo] 2026-08-04 17:38:46,108 [INFO] FileExtend:235 - Unzip File : stm32cube_fw_g4_v140.zip
2026-08-04 17:38:46,111 DEBUG [LineInfo_to_exitCode.log_LineInfo] 2026-08-04 17:38:46,109 [INFO] FileExtend:250 - Standard Zip Deflate
2026-08-04 17:39:29,725 DEBUG [LineInfo_to_exitCode.log_LineInfo] 2026-08-04 17:39:29,725 [INFO] LoadServerPackagesThread:180 - End of LoadServerPackages Thread
2026-08-04 17:39:29,920 DEBUG [LineInfo_to_exitCode.log_LineInfo] 2026-08-04 17:39:29,919 [INFO] UtilMem:74 - End SaveConfig() Used Memory: 3684233488 Bytes (8344567808)
2026-08-04 17:39:29,956 DEBUG [LineInfo_to_exitCode.log_LineInfo] 2026-08-04 17:39:29,956 [INFO] OPAMP:194 - [OPAMP] - evt.getPropertyName:EventProjectSettingsChange
2026-08-04 17:39:29,957 DEBUG [LineInfo_to_exitCode.log_LineInfo] 2026-08-04 17:39:29,956 [INFO] OPAMP:194 - [OPAMP] - evt.getPropertyName:EventProjectSettingsChange
2026-08-04 17:39:29,957 DEBUG [LineInfo_to_exitCode.log_LineInfo] 2026-08-04 17:39:29,956 [INFO] OPAMP:194 - [OPAMP] - evt.getPropertyName:EventProjectSettingsChange
2026-08-04 17:39:29,960 DEBUG [LineInfo_to_exitCode.log_LineInfo] 2026-08-04 17:39:29,959 [INFO] OPAMP:194 - [OPAMP] - evt.getPropertyName:EventProjectSettingsChange
2026-08-04 17:39:29,960 DEBUG [LineInfo_to_exitCode.log_LineInfo] 2026-08-04 17:39:29,960 [INFO] OPAMP:194 - [OPAMP] - evt.getPropertyName:EventProjectSettingsChange
2026-08-04 17:39:29,961 DEBUG [LineInfo_to_exitCode.log_LineInfo] 2026-08-04 17:39:29,960 [INFO] OPAMP:194 - [OPAMP] - evt.getPropertyName:EventProjectSettingsChange
2026-08-04 17:39:30,385 DEBUG [LineInfo_to_exitCode.log_LineInfo] 2026-08-04 17:39:30,384 [INFO] CheckServerUpdateThread:112 - End of CheckServer Thread
2026-08-04 17:39:30,664 DEBUG [LineInfo_to_exitCode.log_LineInfo] 2026-08-04 17:39:30,664 [INFO] BlockDiagram:2740 - set Specific Code input for plugin: MotorControl
2026-08-04 17:39:30,664 DEBUG [LineInfo_to_exitCode.log_LineInfo] 2026-08-04 17:39:30,664 [INFO] BlockDiagram:2740 - set Specific Code input for plugin: DAC
2026-08-04 17:39:30,665 DEBUG [LineInfo_to_exitCode.log_LineInfo] 2026-08-04 17:39:30,664 [INFO] BlockDiagram:2740 - set Specific Code input for plugin: TIM1_8G4
2026-08-04 17:39:30,665 DEBUG [LineInfo_to_exitCode.log_LineInfo] 2026-08-04 17:39:30,664 [INFO] BlockDiagram:2740 - set Specific Code input for plugin: TIM1_8G4
2026-08-04 17:39:30,665 DEBUG [LineInfo_to_exitCode.log_LineInfo] 2026-08-04 17:39:30,664 [INFO] BlockDiagram:2740 - set Specific Code input for plugin: OPAMP
2026-08-04 17:39:30,665 DEBUG [LineInfo_to_exitCode.log_LineInfo] 2026-08-04 17:39:30,664 [INFO] BlockDiagram:2740 - set Specific Code input for plugin: ADC
2026-08-04 17:39:30,665 DEBUG [LineInfo_to_exitCode.log_LineInfo] 2026-08-04 17:39:30,664 [INFO] BlockDiagram:2740 - set Specific Code input for plugin: SYS
2026-08-04 17:39:30,665 DEBUG [LineInfo_to_exitCode.log_LineInfo] 2026-08-04 17:39:30,664 [INFO] BlockDiagram:2740 - set Specific Code input for plugin: ADC
2026-08-04 17:39:30,665 DEBUG [LineInfo_to_exitCode.log_LineInfo] 2026-08-04 17:39:30,664 [INFO] BlockDiagram:2740 - set Specific Code input for plugin: RCC
2026-08-04 17:39:30,665 DEBUG [LineInfo_to_exitCode.log_LineInfo] 2026-08-04 17:39:30,665 [INFO] BlockDiagram:2740 - set Specific Code input for plugin: OPAMP
2026-08-04 17:39:30,665 DEBUG [LineInfo_to_exitCode.log_LineInfo] 2026-08-04 17:39:30,665 [INFO] BlockDiagram:2740 - set Specific Code input for plugin: OPAMP
2026-08-04 17:39:30,667 DEBUG [LineInfo_to_exitCode.log_LineInfo] 2026-08-04 17:39:30,665 [INFO] BlockDiagram:2740 - set Specific Code input for plugin: NVIC
2026-08-04 17:39:30,667 DEBUG [LineInfo_to_exitCode.log_LineInfo] 2026-08-04 17:39:30,665 [INFO] BlockDiagram:2740 - set Specific Code input for plugin: COMP
2026-08-04 17:39:30,667 DEBUG [LineInfo_to_exitCode.log_LineInfo] 2026-08-04 17:39:30,665 [INFO] BlockDiagram:2740 - set Specific Code input for plugin: USART
2026-08-04 17:39:30,667 DEBUG [LineInfo_to_exitCode.log_LineInfo] 2026-08-04 17:39:30,665 [INFO] BlockDiagram:2740 - set Specific Code input for plugin: COMP
2026-08-04 17:39:30,667 DEBUG [LineInfo_to_exitCode.log_LineInfo] 2026-08-04 17:39:30,665 [INFO] BlockDiagram:2740 - set Specific Code input for plugin: COMP
2026-08-04 17:39:30,667 DEBUG [LineInfo_to_exitCode.log_LineInfo] 2026-08-04 17:39:30,665 [INFO] BlockDiagram:2740 - set Specific Code input for plugin: DMA
2026-08-04 17:39:30,667 DEBUG [LineInfo_to_exitCode.log_LineInfo] 2026-08-04 17:39:30,665 [INFO] BlockDiagram:2740 - set Specific Code input for plugin: CORDIC
2026-08-04 17:39:30,667 DEBUG [LineInfo_to_exitCode.log_LineInfo] 2026-08-04 17:39:30,665 [INFO] BlockDiagram:2740 - set Specific Code input for plugin: GPIO
2026-08-04 17:39:30,670 DEBUG [LineInfo_to_exitCode.log_LineInfo] 2026-08-04 17:39:30,669 [INFO] CodeGenerator:663 - code generatio: config db path: C:\Program Files\STMicroelectronics\STM32Cube\STM32CubeMX\\db\
2026-08-04 17:39:31,291 DEBUG [LineInfo_to_exitCode.log_LineInfo] 2026-08-04 17:39:31,291 [INFO] CodeEngine:239 - oldGeneratedFile, C:\Users\wshan\.st_workbench\projects\ElectronicSpeedControl_ESC-G4\MXTmpFiles\license.tmp_save
2026-08-04 17:39:31,751 DEBUG [LineInfo_to_exitCode.log_LineInfo] 2026-08-04 17:39:31,750 [INFO] CodeEngine:257 - Generated code: C:\Users\wshan\.st_workbench\projects\ElectronicSpeedControl_ESC-G4\MXTmpFiles\license.tmp
2026-08-04 17:39:31,895 DEBUG [LineInfo_to_exitCode.log_LineInfo] 2026-08-04 17:39:31,894 [INFO] CodeEngine:239 - oldGeneratedFile, C:\Users\wshan\.st_workbench\projects\ElectronicSpeedControl_ESC-G4\MXTmpFiles\gpio.tmp_save
2026-08-04 17:39:32,068 DEBUG [LineInfo_to_exitCode.log_LineInfo] 2026-08-04 17:39:32,068 [INFO] CodeEngine:257 - Generated code: C:\Users\wshan\.st_workbench\projects\ElectronicSpeedControl_ESC-G4\MXTmpFiles\gpio.tmp
2026-08-04 17:39:34,363 DEBUG [LineInfo_to_exitCode.log_LineInfo] 2026-08-04 17:39:34,362 [INFO] CodeEngine:239 - oldGeneratedFile, C:\Users\wshan\.st_workbench\projects\ElectronicSpeedControl_ESC-G4\MXTmpFiles\dma.tmp_save
2026-08-04 17:39:34,486 DEBUG [LineInfo_to_exitCode.log_LineInfo] 2026-08-04 17:39:34,485 [INFO] CodeEngine:257 - Generated code: C:\Users\wshan\.st_workbench\projects\ElectronicSpeedControl_ESC-G4\MXTmpFiles\dma.tmp
2026-08-04 17:39:34,497 DEBUG [LineInfo_to_exitCode.log_LineInfo] 2026-08-04 17:39:34,497 [INFO] CodeEngine:239 - oldGeneratedFile, C:\Users\wshan\.st_workbench\projects\ElectronicSpeedControl_ESC-G4\MXTmpFiles\dma_GV.tmp_save
2026-08-04 17:39:34,670 DEBUG [LineInfo_to_exitCode.log_LineInfo] 2026-08-04 17:39:34,670 [INFO] CodeEngine:257 - Generated code: C:\Users\wshan\.st_workbench\projects\ElectronicSpeedControl_ESC-G4\MXTmpFiles\dma_GV.tmp
2026-08-04 17:39:35,049 DEBUG [LineInfo_to_exitCode.log_LineInfo] 2026-08-04 17:39:35,049 [INFO] Middleware:1388 - No code input for Bsp Dependency
2026-08-04 17:39:35,204 DEBUG [LineInfo_to_exitCode.log_LineInfo] 2026-08-04 17:39:35,204 [INFO] CodeEngine:239 - oldGeneratedFile, C:\Users\wshan\.st_workbench\projects\ElectronicSpeedControl_ESC-G4\Src\motorcontrol.c_save
2026-08-04 17:39:35,301 INFO  [LineInfo_to_exitCode.log_LineInfo] Generated code: C:\Users\wshan\.st_workbench\projects\ElectronicSpeedControl_ESC-G4\Src\motorcontrol.c
2026-08-04 17:39:35,313 DEBUG [LineInfo_to_exitCode.log_LineInfo] 2026-08-04 17:39:35,312 [INFO] CodeEngine:239 - oldGeneratedFile, C:\Users\wshan\.st_workbench\projects\ElectronicSpeedControl_ESC-G4\Inc\motorcontrol.h_save
2026-08-04 17:39:35,402 INFO  [LineInfo_to_exitCode.log_LineInfo] Generated code: C:\Users\wshan\.st_workbench\projects\ElectronicSpeedControl_ESC-G4\Inc\motorcontrol.h
2026-08-04 17:39:35,415 DEBUG [LineInfo_to_exitCode.log_LineInfo] 2026-08-04 17:39:35,415 [INFO] CodeEngine:239 - oldGeneratedFile, C:\Users\wshan\.st_workbench\projects\ElectronicSpeedControl_ESC-G4\Inc\drive_parameters.h_save
2026-08-04 17:39:35,582 INFO  [LineInfo_to_exitCode.log_LineInfo] Generated code: C:\Users\wshan\.st_workbench\projects\ElectronicSpeedControl_ESC-G4\Inc\drive_parameters.h
2026-08-04 17:39:35,595 DEBUG [LineInfo_to_exitCode.log_LineInfo] 2026-08-04 17:39:35,594 [INFO] CodeEngine:239 - oldGeneratedFile, C:\Users\wshan\.st_workbench\projects\ElectronicSpeedControl_ESC-G4\Inc\mc_type.h_save
2026-08-04 17:39:35,692 INFO  [LineInfo_to_exitCode.log_LineInfo] Generated code: C:\Users\wshan\.st_workbench\projects\ElectronicSpeedControl_ESC-G4\Inc\mc_type.h
2026-08-04 17:39:35,705 DEBUG [LineInfo_to_exitCode.log_LineInfo] 2026-08-04 17:39:35,703 [INFO] CodeEngine:239 - oldGeneratedFile, C:\Users\wshan\.st_workbench\projects\ElectronicSpeedControl_ESC-G4\Src\speed_torq_ctrl.c_save
2026-08-04 17:39:35,797 INFO  [LineInfo_to_exitCode.log_LineInfo] Generated code: C:\Users\wshan\.st_workbench\projects\ElectronicSpeedControl_ESC-G4\Src\speed_torq_ctrl.c
2026-08-04 17:39:35,810 DEBUG [LineInfo_to_exitCode.log_LineInfo] 2026-08-04 17:39:35,809 [INFO] CodeEngine:239 - oldGeneratedFile, C:\Users\wshan\.st_workbench\projects\ElectronicSpeedControl_ESC-G4\Inc\speed_torq_ctrl.h_save
2026-08-04 17:39:35,907 INFO  [LineInfo_to_exitCode.log_LineInfo] Generated code: C:\Users\wshan\.st_workbench\projects\ElectronicSpeedControl_ESC-G4\Inc\speed_torq_ctrl.h
2026-08-04 17:39:35,920 DEBUG [LineInfo_to_exitCode.log_LineInfo] 2026-08-04 17:39:35,919 [INFO] CodeEngine:239 - oldGeneratedFile, C:\Users\wshan\.st_workbench\projects\ElectronicSpeedControl_ESC-G4\Inc\mc_tasks.h_save
2026-08-04 17:39:36,025 INFO  [LineInfo_to_exitCode.log_LineInfo] Generated code: C:\Users\wshan\.st_workbench\projects\ElectronicSpeedControl_ESC-G4\Inc\mc_tasks.h
2026-08-04 17:39:36,037 DEBUG [LineInfo_to_exitCode.log_LineInfo] 2026-08-04 17:39:36,036 [INFO] CodeEngine:239 - oldGeneratedFile, C:\Users\wshan\.st_workbench\projects\ElectronicSpeedControl_ESC-G4\Src\pwm_common.c_save
2026-08-04 17:39:36,147 INFO  [LineInfo_to_exitCode.log_LineInfo] Generated code: C:\Users\wshan\.st_workbench\projects\ElectronicSpeedControl_ESC-G4\Src\pwm_common.c
2026-08-04 17:39:36,159 DEBUG [LineInfo_to_exitCode.log_LineInfo] 2026-08-04 17:39:36,158 [INFO] CodeEngine:239 - oldGeneratedFile, C:\Users\wshan\.st_workbench\projects\ElectronicSpeedControl_ESC-G4\Inc\pwm_common.h_save
2026-08-04 17:39:36,266 INFO  [LineInfo_to_exitCode.log_LineInfo] Generated code: C:\Users\wshan\.st_workbench\projects\ElectronicSpeedControl_ESC-G4\Inc\pwm_common.h
2026-08-04 17:39:36,281 DEBUG [LineInfo_to_exitCode.log_LineInfo] 2026-08-04 17:39:36,280 [INFO] CodeEngine:239 - oldGeneratedFile, C:\Users\wshan\.st_workbench\projects\ElectronicSpeedControl_ESC-G4\Src\mc_api.c_save
2026-08-04 17:39:36,405 INFO  [LineInfo_to_exitCode.log_LineInfo] Generated code: C:\Users\wshan\.st_workbench\projects\ElectronicSpeedControl_ESC-G4\Src\mc_api.c
2026-08-04 17:39:36,418 DEBUG [LineInfo_to_exitCode.log_LineInfo] 2026-08-04 17:39:36,418 [INFO] CodeEngine:239 - oldGeneratedFile, C:\Users\wshan\.st_workbench\projects\ElectronicSpeedControl_ESC-G4\Inc\mc_api.h_save
2026-08-04 17:39:36,503 INFO  [LineInfo_to_exitCode.log_LineInfo] Generated code: C:\Users\wshan\.st_workbench\projects\ElectronicSpeedControl_ESC-G4\Inc\mc_api.h
2026-08-04 17:39:36,515 DEBUG [LineInfo_to_exitCode.log_LineInfo] 2026-08-04 17:39:36,514 [INFO] CodeEngine:239 - oldGeneratedFile, C:\Users\wshan\.st_workbench\projects\ElectronicSpeedControl_ESC-G4\Src\mc_config.c_save
2026-08-04 17:39:36,654 INFO  [LineInfo_to_exitCode.log_LineInfo] Generated code: C:\Users\wshan\.st_workbench\projects\ElectronicSpeedControl_ESC-G4\Src\mc_config.c
2026-08-04 17:39:36,665 DEBUG [LineInfo_to_exitCode.log_LineInfo] 2026-08-04 17:39:36,664 [INFO] CodeEngine:239 - oldGeneratedFile, C:\Users\wshan\.st_workbench\projects\ElectronicSpeedControl_ESC-G4\Src\mc_config_common.c_save
2026-08-04 17:39:36,786 INFO  [LineInfo_to_exitCode.log_LineInfo] Generated code: C:\Users\wshan\.st_workbench\projects\ElectronicSpeedControl_ESC-G4\Src\mc_config_common.c
2026-08-04 17:39:36,797 DEBUG [LineInfo_to_exitCode.log_LineInfo] 2026-08-04 17:39:36,797 [INFO] CodeEngine:239 - oldGeneratedFile, C:\Users\wshan\.st_workbench\projects\ElectronicSpeedControl_ESC-G4\Inc\mc_config.h_save
2026-08-04 17:39:36,886 INFO  [LineInfo_to_exitCode.log_LineInfo] Generated code: C:\Users\wshan\.st_workbench\projects\ElectronicSpeedControl_ESC-G4\Inc\mc_config.h
2026-08-04 17:39:36,896 DEBUG [LineInfo_to_exitCode.log_LineInfo] 2026-08-04 17:39:36,896 [INFO] CodeEngine:239 - oldGeneratedFile, C:\Users\wshan\.st_workbench\projects\ElectronicSpeedControl_ESC-G4\Inc\mc_config_common.h_save
2026-08-04 17:39:36,973 INFO  [LineInfo_to_exitCode.log_LineInfo] Generated code: C:\Users\wshan\.st_workbench\projects\ElectronicSpeedControl_ESC-G4\Inc\mc_config_common.h
2026-08-04 17:39:36,985 DEBUG [LineInfo_to_exitCode.log_LineInfo] 2026-08-04 17:39:36,984 [INFO] CodeEngine:239 - oldGeneratedFile, C:\Users\wshan\.st_workbench\projects\ElectronicSpeedControl_ESC-G4\Inc\mcp_config.h_save
2026-08-04 17:39:37,059 INFO  [LineInfo_to_exitCode.log_LineInfo] Generated code: C:\Users\wshan\.st_workbench\projects\ElectronicSpeedControl_ESC-G4\Inc\mcp_config.h
2026-08-04 17:39:37,069 DEBUG [LineInfo_to_exitCode.log_LineInfo] 2026-08-04 17:39:37,069 [INFO] CodeEngine:239 - oldGeneratedFile, C:\Users\wshan\.st_workbench\projects\ElectronicSpeedControl_ESC-G4\Src\mcp_config.c_save
2026-08-04 17:39:37,146 INFO  [LineInfo_to_exitCode.log_LineInfo] Generated code: C:\Users\wshan\.st_workbench\projects\ElectronicSpeedControl_ESC-G4\Src\mcp_config.c
2026-08-04 17:39:37,157 DEBUG [LineInfo_to_exitCode.log_LineInfo] 2026-08-04 17:39:37,156 [INFO] CodeEngine:239 - oldGeneratedFile, C:\Users\wshan\.st_workbench\projects\ElectronicSpeedControl_ESC-G4\Inc\mc_stm_types.h_save
2026-08-04 17:39:37,243 INFO  [LineInfo_to_exitCode.log_LineInfo] Generated code: C:\Users\wshan\.st_workbench\projects\ElectronicSpeedControl_ESC-G4\Inc\mc_stm_types.h
2026-08-04 17:39:37,252 DEBUG [LineInfo_to_exitCode.log_LineInfo] 2026-08-04 17:39:37,252 [INFO] CodeEngine:239 - oldGeneratedFile, C:\Users\wshan\.st_workbench\projects\ElectronicSpeedControl_ESC-G4\Src\mc_tasks.c_save
2026-08-04 17:39:37,414 INFO  [LineInfo_to_exitCode.log_LineInfo] Generated code: C:\Users\wshan\.st_workbench\projects\ElectronicSpeedControl_ESC-G4\Src\mc_tasks.c
2026-08-04 17:39:37,425 DEBUG [LineInfo_to_exitCode.log_LineInfo] 2026-08-04 17:39:37,424 [INFO] CodeEngine:239 - oldGeneratedFile, C:\Users\wshan\.st_workbench\projects\ElectronicSpeedControl_ESC-G4\Src\mc_tasks_foc.c_save
2026-08-04 17:39:37,592 INFO  [LineInfo_to_exitCode.log_LineInfo] Generated code: C:\Users\wshan\.st_workbench\projects\ElectronicSpeedControl_ESC-G4\Src\mc_tasks_foc.c
2026-08-04 17:39:37,603 DEBUG [LineInfo_to_exitCode.log_LineInfo] 2026-08-04 17:39:37,602 [INFO] CodeEngine:239 - oldGeneratedFile, C:\Users\wshan\.st_workbench\projects\ElectronicSpeedControl_ESC-G4\Src\pwm_curr_fdbk.c_save
2026-08-04 17:39:37,688 INFO  [LineInfo_to_exitCode.log_LineInfo] Generated code: C:\Users\wshan\.st_workbench\projects\ElectronicSpeedControl_ESC-G4\Src\pwm_curr_fdbk.c
2026-08-04 17:39:37,698 DEBUG [LineInfo_to_exitCode.log_LineInfo] 2026-08-04 17:39:37,697 [INFO] CodeEngine:239 - oldGeneratedFile, C:\Users\wshan\.st_workbench\projects\ElectronicSpeedControl_ESC-G4\Inc\pwm_curr_fdbk.h_save
2026-08-04 17:39:37,774 INFO  [LineInfo_to_exitCode.log_LineInfo] Generated code: C:\Users\wshan\.st_workbench\projects\ElectronicSpeedControl_ESC-G4\Inc\pwm_curr_fdbk.h
2026-08-04 17:39:37,785 DEBUG [LineInfo_to_exitCode.log_LineInfo] 2026-08-04 17:39:37,785 [INFO] CodeEngine:239 - oldGeneratedFile, C:\Users\wshan\.st_workbench\projects\ElectronicSpeedControl_ESC-G4\Src\regular_conversion_manager.c_save
2026-08-04 17:39:37,868 INFO  [LineInfo_to_exitCode.log_LineInfo] Generated code: C:\Users\wshan\.st_workbench\projects\ElectronicSpeedControl_ESC-G4\Src\regular_conversion_manager.c
2026-08-04 17:39:37,878 DEBUG [LineInfo_to_exitCode.log_LineInfo] 2026-08-04 17:39:37,878 [INFO] CodeEngine:239 - oldGeneratedFile, C:\Users\wshan\.st_workbench\projects\ElectronicSpeedControl_ESC-G4\Inc\regular_conversion_manager.h_save
2026-08-04 17:39:37,959 INFO  [LineInfo_to_exitCode.log_LineInfo] Generated code: C:\Users\wshan\.st_workbench\projects\ElectronicSpeedControl_ESC-G4\Inc\regular_conversion_manager.h
2026-08-04 17:39:37,970 DEBUG [LineInfo_to_exitCode.log_LineInfo] 2026-08-04 17:39:37,969 [INFO] CodeEngine:239 - oldGeneratedFile, C:\Users\wshan\.st_workbench\projects\ElectronicSpeedControl_ESC-G4\Src\mc_math.c_save
2026-08-04 17:39:38,072 INFO  [LineInfo_to_exitCode.log_LineInfo] Generated code: C:\Users\wshan\.st_workbench\projects\ElectronicSpeedControl_ESC-G4\Src\mc_math.c
2026-08-04 17:39:38,084 DEBUG [LineInfo_to_exitCode.log_LineInfo] 2026-08-04 17:39:38,084 [INFO] CodeEngine:239 - oldGeneratedFile, C:\Users\wshan\.st_workbench\projects\ElectronicSpeedControl_ESC-G4\Inc\mc_math.h_save
2026-08-04 17:39:38,181 INFO  [LineInfo_to_exitCode.log_LineInfo] Generated code: C:\Users\wshan\.st_workbench\projects\ElectronicSpeedControl_ESC-G4\Inc\mc_math.h
2026-08-04 17:39:38,193 DEBUG [LineInfo_to_exitCode.log_LineInfo] 2026-08-04 17:39:38,193 [INFO] CodeEngine:239 - oldGeneratedFile, C:\Users\wshan\.st_workbench\projects\ElectronicSpeedControl_ESC-G4\Src\mc_interface.c_save
2026-08-04 17:39:38,311 INFO  [LineInfo_to_exitCode.log_LineInfo] Generated code: C:\Users\wshan\.st_workbench\projects\ElectronicSpeedControl_ESC-G4\Src\mc_interface.c
2026-08-04 17:39:38,321 DEBUG [LineInfo_to_exitCode.log_LineInfo] 2026-08-04 17:39:38,320 [INFO] CodeEngine:239 - oldGeneratedFile, C:\Users\wshan\.st_workbench\projects\ElectronicSpeedControl_ESC-G4\Inc\mc_interface.h_save
2026-08-04 17:39:38,409 INFO  [LineInfo_to_exitCode.log_LineInfo] Generated code: C:\Users\wshan\.st_workbench\projects\ElectronicSpeedControl_ESC-G4\Inc\mc_interface.h
2026-08-04 17:39:38,418 DEBUG [LineInfo_to_exitCode.log_LineInfo] 2026-08-04 17:39:38,417 [INFO] CodeEngine:239 - oldGeneratedFile, C:\Users\wshan\.st_workbench\projects\ElectronicSpeedControl_ESC-G4\Inc\parameters_conversion.h_save
2026-08-04 17:39:38,530 INFO  [LineInfo_to_exitCode.log_LineInfo] Generated code: C:\Users\wshan\.st_workbench\projects\ElectronicSpeedControl_ESC-G4\Inc\parameters_conversion.h
2026-08-04 17:39:38,541 DEBUG [LineInfo_to_exitCode.log_LineInfo] 2026-08-04 17:39:38,541 [INFO] CodeEngine:239 - oldGeneratedFile, C:\Users\wshan\.st_workbench\projects\ElectronicSpeedControl_ESC-G4\Inc\parameters_conversion_g4xx.h_save
2026-08-04 17:39:38,634 INFO  [LineInfo_to_exitCode.log_LineInfo] Generated code: C:\Users\wshan\.st_workbench\projects\ElectronicSpeedControl_ESC-G4\Inc\parameters_conversion_g4xx.h
2026-08-04 17:39:38,643 DEBUG [LineInfo_to_exitCode.log_LineInfo] 2026-08-04 17:39:38,643 [INFO] CodeEngine:239 - oldGeneratedFile, C:\Users\wshan\.st_workbench\projects\ElectronicSpeedControl_ESC-G4\Inc\pmsm_motor_parameters.h_save
2026-08-04 17:39:38,713 INFO  [LineInfo_to_exitCode.log_LineInfo] Generated code: C:\Users\wshan\.st_workbench\projects\ElectronicSpeedControl_ESC-G4\Inc\pmsm_motor_parameters.h
2026-08-04 17:39:38,724 DEBUG [LineInfo_to_exitCode.log_LineInfo] 2026-08-04 17:39:38,724 [INFO] CodeEngine:239 - oldGeneratedFile, C:\Users\wshan\.st_workbench\projects\ElectronicSpeedControl_ESC-G4\Inc\power_stage_parameters.h_save
2026-08-04 17:39:38,804 INFO  [LineInfo_to_exitCode.log_LineInfo] Generated code: C:\Users\wshan\.st_workbench\projects\ElectronicSpeedControl_ESC-G4\Inc\power_stage_parameters.h
2026-08-04 17:39:38,815 DEBUG [LineInfo_to_exitCode.log_LineInfo] 2026-08-04 17:39:38,815 [INFO] CodeEngine:239 - oldGeneratedFile, C:\Users\wshan\.st_workbench\projects\ElectronicSpeedControl_ESC-G4\Src\stm32_mc_common_it.c_save
2026-08-04 17:39:38,930 INFO  [LineInfo_to_exitCode.log_LineInfo] Generated code: C:\Users\wshan\.st_workbench\projects\ElectronicSpeedControl_ESC-G4\Src\stm32_mc_common_it.c
2026-08-04 17:39:38,942 DEBUG [LineInfo_to_exitCode.log_LineInfo] 2026-08-04 17:39:38,941 [INFO] CodeEngine:239 - oldGeneratedFile, C:\Users\wshan\.st_workbench\projects\ElectronicSpeedControl_ESC-G4\Src\stm32g4xx_mc_it.c_save
2026-08-04 17:39:39,085 INFO  [LineInfo_to_exitCode.log_LineInfo] Generated code: C:\Users\wshan\.st_workbench\projects\ElectronicSpeedControl_ESC-G4\Src\stm32g4xx_mc_it.c
2026-08-04 17:39:39,097 DEBUG [LineInfo_to_exitCode.log_LineInfo] 2026-08-04 17:39:39,095 [INFO] CodeEngine:239 - oldGeneratedFile, C:\Users\wshan\.st_workbench\projects\ElectronicSpeedControl_ESC-G4\Inc\mc_parameters.h_save
2026-08-04 17:39:39,187 INFO  [LineInfo_to_exitCode.log_LineInfo] Generated code: C:\Users\wshan\.st_workbench\projects\ElectronicSpeedControl_ESC-G4\Inc\mc_parameters.h
2026-08-04 17:39:39,198 DEBUG [LineInfo_to_exitCode.log_LineInfo] 2026-08-04 17:39:39,198 [INFO] CodeEngine:239 - oldGeneratedFile, C:\Users\wshan\.st_workbench\projects\ElectronicSpeedControl_ESC-G4\Src\mc_parameters.c_save
2026-08-04 17:39:39,361 INFO  [LineInfo_to_exitCode.log_LineInfo] Generated code: C:\Users\wshan\.st_workbench\projects\ElectronicSpeedControl_ESC-G4\Src\mc_parameters.c
2026-08-04 17:39:39,373 DEBUG [LineInfo_to_exitCode.log_LineInfo] 2026-08-04 17:39:39,372 [INFO] CodeEngine:239 - oldGeneratedFile, C:\Users\wshan\.st_workbench\projects\ElectronicSpeedControl_ESC-G4\Src\hf_registers.c_save
2026-08-04 17:39:39,458 INFO  [LineInfo_to_exitCode.log_LineInfo] Generated code: C:\Users\wshan\.st_workbench\projects\ElectronicSpeedControl_ESC-G4\Src\hf_registers.c
2026-08-04 17:39:39,469 DEBUG [LineInfo_to_exitCode.log_LineInfo] 2026-08-04 17:39:39,469 [INFO] CodeEngine:239 - oldGeneratedFile, C:\Users\wshan\.st_workbench\projects\ElectronicSpeedControl_ESC-G4\Src\sync_registers.c_save
2026-08-04 17:39:39,596 INFO  [LineInfo_to_exitCode.log_LineInfo] Generated code: C:\Users\wshan\.st_workbench\projects\ElectronicSpeedControl_ESC-G4\Src\sync_registers.c
2026-08-04 17:39:39,607 DEBUG [LineInfo_to_exitCode.log_LineInfo] 2026-08-04 17:39:39,606 [INFO] CodeEngine:239 - oldGeneratedFile, C:\Users\wshan\.st_workbench\projects\ElectronicSpeedControl_ESC-G4\Src\mcp.c_save
2026-08-04 17:39:39,686 INFO  [LineInfo_to_exitCode.log_LineInfo] Generated code: C:\Users\wshan\.st_workbench\projects\ElectronicSpeedControl_ESC-G4\Src\mcp.c
2026-08-04 17:39:39,696 DEBUG [LineInfo_to_exitCode.log_LineInfo] 2026-08-04 17:39:39,695 [INFO] CodeEngine:239 - oldGeneratedFile, C:\Users\wshan\.st_workbench\projects\ElectronicSpeedControl_ESC-G4\Inc\register_interface.h_save
2026-08-04 17:39:39,774 INFO  [LineInfo_to_exitCode.log_LineInfo] Generated code: C:\Users\wshan\.st_workbench\projects\ElectronicSpeedControl_ESC-G4\Inc\register_interface.h
2026-08-04 17:39:39,785 DEBUG [LineInfo_to_exitCode.log_LineInfo] 2026-08-04 17:39:39,784 [INFO] CodeEngine:239 - oldGeneratedFile, C:\Users\wshan\.st_workbench\projects\ElectronicSpeedControl_ESC-G4\Src\usart_aspep_driver.c_save
2026-08-04 17:39:39,895 INFO  [LineInfo_to_exitCode.log_LineInfo] Generated code: C:\Users\wshan\.st_workbench\projects\ElectronicSpeedControl_ESC-G4\Src\usart_aspep_driver.c
2026-08-04 17:39:39,906 DEBUG [LineInfo_to_exitCode.log_LineInfo] 2026-08-04 17:39:39,906 [INFO] CodeEngine:239 - oldGeneratedFile, C:\Users\wshan\.st_workbench\projects\ElectronicSpeedControl_ESC-G4\Src\mc_configuration_registers.c_save
2026-08-04 17:39:39,977 INFO  [LineInfo_to_exitCode.log_LineInfo] Generated code: C:\Users\wshan\.st_workbench\projects\ElectronicSpeedControl_ESC-G4\Src\mc_configuration_registers.c
2026-08-04 17:39:39,990 DEBUG [LineInfo_to_exitCode.log_LineInfo] 2026-08-04 17:39:39,986 [INFO] CodeEngine:239 - oldGeneratedFile, C:\Users\wshan\.st_workbench\projects\ElectronicSpeedControl_ESC-G4\Inc\mc_configuration_registers.h_save
2026-08-04 17:39:40,096 INFO  [LineInfo_to_exitCode.log_LineInfo] Generated code: C:\Users\wshan\.st_workbench\projects\ElectronicSpeedControl_ESC-G4\Inc\mc_configuration_registers.h
2026-08-04 17:39:40,108 DEBUG [LineInfo_to_exitCode.log_LineInfo] 2026-08-04 17:39:40,106 [INFO] CodeEngine:239 - oldGeneratedFile, C:\Users\wshan\.st_workbench\projects\ElectronicSpeedControl_ESC-G4\Inc\aspep.h_save
2026-08-04 17:39:40,193 INFO  [LineInfo_to_exitCode.log_LineInfo] Generated code: C:\Users\wshan\.st_workbench\projects\ElectronicSpeedControl_ESC-G4\Inc\aspep.h
2026-08-04 17:39:40,226 DEBUG [LineInfo_to_exitCode.log_LineInfo] 2026-08-04 17:39:40,204 [INFO] CodeEngine:239 - oldGeneratedFile, C:\Users\wshan\.st_workbench\projects\ElectronicSpeedControl_ESC-G4\Src\aspep.c_save
2026-08-04 17:39:40,309 INFO  [LineInfo_to_exitCode.log_LineInfo] Generated code: C:\Users\wshan\.st_workbench\projects\ElectronicSpeedControl_ESC-G4\Src\aspep.c
2026-08-04 17:39:40,319 DEBUG [LineInfo_to_exitCode.log_LineInfo] 2026-08-04 17:39:40,319 [INFO] CodeEngine:239 - oldGeneratedFile, C:\Users\wshan\.st_workbench\projects\ElectronicSpeedControl_ESC-G4\Inc\mc_app_hooks.h_save
2026-08-04 17:39:40,385 INFO  [LineInfo_to_exitCode.log_LineInfo] Generated code: C:\Users\wshan\.st_workbench\projects\ElectronicSpeedControl_ESC-G4\Inc\mc_app_hooks.h
2026-08-04 17:39:40,395 DEBUG [LineInfo_to_exitCode.log_LineInfo] 2026-08-04 17:39:40,394 [INFO] CodeEngine:239 - oldGeneratedFile, C:\Users\wshan\.st_workbench\projects\ElectronicSpeedControl_ESC-G4\Src\mc_app_hooks.c_save
2026-08-04 17:39:40,470 INFO  [LineInfo_to_exitCode.log_LineInfo] Generated code: C:\Users\wshan\.st_workbench\projects\ElectronicSpeedControl_ESC-G4\Src\mc_app_hooks.c
2026-08-04 17:39:40,503 DEBUG [LineInfo_to_exitCode.log_LineInfo] 2026-08-04 17:39:40,503 [INFO] CodeEngine:239 - oldGeneratedFile, C:\Users\wshan\.st_workbench\projects\ElectronicSpeedControl_ESC-G4\Src\stm32g4xx_it.c_save
2026-08-04 17:39:40,606 INFO  [LineInfo_to_exitCode.log_LineInfo] Generated code: C:\Users\wshan\.st_workbench\projects\ElectronicSpeedControl_ESC-G4\Src\stm32g4xx_it.c
2026-08-04 17:39:40,617 DEBUG [LineInfo_to_exitCode.log_LineInfo] 2026-08-04 17:39:40,617 [INFO] CodeEngine:239 - oldGeneratedFile, C:\Users\wshan\.st_workbench\projects\ElectronicSpeedControl_ESC-G4\Inc\stm32g4xx_it.h_save
2026-08-04 17:39:40,687 INFO  [LineInfo_to_exitCode.log_LineInfo] Generated code: C:\Users\wshan\.st_workbench\projects\ElectronicSpeedControl_ESC-G4\Inc\stm32g4xx_it.h
2026-08-04 17:39:40,710 DEBUG [LineInfo_to_exitCode.log_LineInfo] 2026-08-04 17:39:40,710 [INFO] CodeEngine:239 - oldGeneratedFile, C:\Users\wshan\.st_workbench\projects\ElectronicSpeedControl_ESC-G4\Src\stm32g4xx_hal_msp.c_save
2026-08-04 17:39:40,938 INFO  [LineInfo_to_exitCode.log_LineInfo] Generated code: C:\Users\wshan\.st_workbench\projects\ElectronicSpeedControl_ESC-G4\Src\stm32g4xx_hal_msp.c
2026-08-04 17:39:40,946 DEBUG [LineInfo_to_exitCode.log_LineInfo] 2026-08-04 17:39:40,946 [INFO] CodeEngine:239 - oldGeneratedFile, C:\Users\wshan\.st_workbench\projects\ElectronicSpeedControl_ESC-G4\MXTmpFiles\system.tmp_save
2026-08-04 17:39:41,005 DEBUG [LineInfo_to_exitCode.log_LineInfo] 2026-08-04 17:39:41,005 [INFO] CodeEngine:257 - Generated code: C:\Users\wshan\.st_workbench\projects\ElectronicSpeedControl_ESC-G4\MXTmpFiles\system.tmp
2026-08-04 17:39:41,022 DEBUG [LineInfo_to_exitCode.log_LineInfo] 2026-08-04 17:39:41,021 [INFO] CodeEngine:239 - oldGeneratedFile, C:\Users\wshan\.st_workbench\projects\ElectronicSpeedControl_ESC-G4\Inc\stm32g4xx_hal_conf.h_save
2026-08-04 17:39:41,093 INFO  [LineInfo_to_exitCode.log_LineInfo] Generated code: C:\Users\wshan\.st_workbench\projects\ElectronicSpeedControl_ESC-G4\Inc\stm32g4xx_hal_conf.h
2026-08-04 17:39:41,166 DEBUG [LineInfo_to_exitCode.log_LineInfo] 2026-08-04 17:39:41,166 [INFO] CodeEngine:239 - oldGeneratedFile, C:\Users\wshan\.st_workbench\projects\ElectronicSpeedControl_ESC-G4\Inc\main.h_save
2026-08-04 17:39:41,244 INFO  [LineInfo_to_exitCode.log_LineInfo] Generated code: C:\Users\wshan\.st_workbench\projects\ElectronicSpeedControl_ESC-G4\Inc\main.h
2026-08-04 17:39:41,253 DEBUG [LineInfo_to_exitCode.log_LineInfo] 2026-08-04 17:39:41,253 [INFO] CodeEngine:239 - oldGeneratedFile, C:\Users\wshan\.st_workbench\projects\ElectronicSpeedControl_ESC-G4\Src\main.c_save
2026-08-04 17:39:41,488 INFO  [LineInfo_to_exitCode.log_LineInfo] Generated code: C:\Users\wshan\.st_workbench\projects\ElectronicSpeedControl_ESC-G4\Src\main.c
2026-08-04 17:39:42,483 DEBUG [LineInfo_to_exitCode.log_LineInfo] 2026-08-04 17:39:42,481 [INFO] ProjectBuilder:2578 - Time for Copy HAL[0] : 558mS.
2026-08-04 17:39:42,498 DEBUG [LineInfo_to_exitCode.log_LineInfo] 2026-08-04 17:39:42,497 [INFO] ProjectBuilder:3622 - Project Generator version: 3.14.1
2026-08-04 17:39:42,766 DEBUG [LineInfo_to_exitCode.log_LineInfo] 2026-08-04 17:39:42,766 [INFO] ConfigFileManager:1271 - The Die is : DIE468
2026-08-04 17:39:42,775 DEBUG [LineInfo_to_exitCode.log_LineInfo] 2026-08-04 17:39:42,773 [INFO] ApiDbMcu:468 - Load IP Config File for FATFS
2026-08-04 17:39:42,779 DEBUG [LineInfo_to_exitCode.log_LineInfo] 2026-08-04 17:39:42,779 [INFO] ApiDbMcu:468 - Load IP Config File for FREERTOS
2026-08-04 17:39:42,785 DEBUG [LineInfo_to_exitCode.log_LineInfo] 2026-08-04 17:39:42,785 [INFO] ApiDbMcu:468 - Load IP Config File for USBPD
2026-08-04 17:39:42,796 DEBUG [LineInfo_to_exitCode.log_LineInfo] 2026-08-04 17:39:42,796 [INFO] ApiDbMcu:468 - Load IP Config File for USB_Device
2026-08-04 17:39:57,755 DEBUG [LineInfo_to_exitCode.log_LineInfo] 2026-08-04 17:39:57,754 [INFO] ConfigFileManager:2442 - mx.scratch is deleted!
2026-08-04 17:39:57,755 DEBUG [LineInfo_to_exitCode.log_LineInfo] 2026-08-04 17:39:57,755 [INFO] ProjectBuilder:3789 - Time for Generating toolchain IDE Files: 15258mS.
2026-08-04 17:40:00,683 DEBUG [LineInfo_to_exitCode.log_LineInfo] 2026-08-04 17:40:00,682 [INFO] ProjectBuilder:2457 - Time for Copy CMSIS : 2927mS.
2026-08-04 17:40:01,949 DEBUG [LineInfo_to_exitCode.log_LineInfo] 2026-08-04 17:40:01,949 [INFO] ProjectBuilder:2457 - Time for Copy CMSIS : 1261mS.
2026-08-04 17:41:05,670 DEBUG [IOCDialogController.lambda$onClose$8] IOCGenerationDialog exists with return code 1
